<wpml-config>
	<admin-texts>
	 <key name="rehub_option">
		  <key name="rehub_logo" />	
		  <key name="rehub_logo_retina" />
		  <key name="rehub_logo_sticky_url" />
		  <key name="rehub_logo_inmenu_url" />
		  <key name="logo_mobilesliding" />
		  <key name="header_six_btn_txt" />	 
		  <key name="header_six_btn_url" />	 
		  <key name="header_seven_login_label" />
		  <key name="header_seven_compare_btn_label" />
		  <key name="header_seven_wishlist_label" />
		  <key name="wishlistpage" />
		  <key name="rehub_text_logo" />
		  <key name="rehub_text_slogan" />
		  <key name="rehub_newstick_label" />
		  <key name="rehub_footer_text" />
		  <key name="rehub_homecarousel_label_text" />
		  <key name="rehub_btn_text" />
		  <key name="rehub_btn_text_aff_links" />
		  <key name="rehub_mask_text" />
		  <key name="rehub_review_text" />
		  <key name="rehub_readmore_text" />
		  <key name="rehub_search_text" />
		  <key name="rehub_btn_text_best" />
		  <key name="rehub_choosedeal_text" />
		  <key name="rehub_related_text" />
		  <key name="rehub_commenttitle_text" />
		  <key name="ce_custom_currency" />
		  <key name="buy_best_text" />
		  <key name="amp_custom_in_header" />
		  <key name="rh_bp_user_post_name" />
		  <key name="rh_bp_user_product_name" />
		  <key name="rh_bp_custom_message_profile" />	  	  	  	  
		  <key name="badge_label_1" />
		  <key name="badge_label_2" />
		  <key name="badge_label_3" />
		  <key name="badge_label_4" />
		  <key name="header_seven_more_element" />
		  <key name="rehub_user_rev_criterias" />
		  <key name="compare_page" />
		  <key name="compare_multicats_textarea" />
		  <key name="rehub_single_code" />
		  <key name="rehub_single_before_post" />
		  <key name="custom_register_link" />
		  <key name="woo_code_zone_button" />
		  <key name="woo_code_zone_content" />
		  <key name="woo_code_zone_footer" />
		  <key name="woo_code_zone_float" />
		  <key name="woo_code_zone_loop" />
		  <key name="rh_woo_shop_global" />
		  <key name="rehub_top_line_content" />
	  </key>	  	  	  	  
	</admin-texts>  
</wpml-config>