{"version":"0.4","title":"Top search 1","type":"page","content":[{"id":"3ec66229","settings":{"background_background":"classic","background_image":{"id":52,"url":"http:\/\/elementor.wpsoul.com\/wp-content\/uploads\/2019\/06\/bigsearch1.jpg"},"background_position":"bottom center","background_size":"cover","background_overlay_background":"classic","background_overlay_color":"#004473","background_overlay_opacity":{"unit":"px","size":0.22,"sizes":[]},"padding":{"unit":"px","top":"0","right":"30","bottom":"0","left":"0","isLinked":false}},"elements":[{"id":"1f11bb8b","settings":{"_column_size":100},"elements":[{"id":"385e207b","settings":[],"elements":[],"isInner":false,"widgetType":"spacer","elType":"widget"},{"id":"19893c5b","settings":{"structure":"20"},"elements":[{"id":"44a202a5","settings":{"_column_size":50,"_inline_size":null},"elements":[{"id":"48f90ddb","settings":{"title":"Rewise.com","align":"center","title_color":"#ffffff","typography_typography":"custom","typography_font_size":{"unit":"px","size":54,"sizes":[]},"typography_line_height":{"unit":"px","size":54,"sizes":[]},"header_size":"h5"},"elements":[],"isInner":false,"widgetType":"heading","elType":"widget"}],"isInner":true,"elType":"column"},{"id":"1b52527a","settings":{"_column_size":50,"_inline_size":null},"elements":[{"id":"483f7da6","settings":{"title":"Your Favorite site to Choose<br>\nand Compare Best Prices","align":"left","title_color":"#ffffff","typography_typography":"custom","typography_font_size":{"unit":"px","size":40,"sizes":[]},"typography_font_weight":"normal","typography_line_height":{"unit":"px","size":40,"sizes":[]}},"elements":[],"isInner":false,"widgetType":"heading","elType":"widget"},{"id":"55cf68b7","settings":{"title":"Independent, Trustable Review and Compare","header_size":"h3","align":"left","title_color":"#b0f6ff","typography_typography":"custom","typography_font_size":{"unit":"px","size":20,"sizes":[]},"typography_font_weight":"normal","typography_line_height":{"unit":"px","size":28,"sizes":[]}},"elements":[],"isInner":false,"widgetType":"heading","elType":"widget"}],"isInner":true,"elType":"column"}],"isInner":true,"elType":"section"},{"id":"7af86d1c","settings":{"space":{"unit":"px","size":40,"sizes":[]}},"elements":[],"isInner":false,"widgetType":"spacer","elType":"widget"},{"id":"424c8c2b","settings":{"structure":"34"},"elements":[{"id":"25a59184","settings":{"_column_size":16,"_inline_size":null},"elements":[],"isInner":true,"elType":"column"},{"id":"52a31e0","settings":{"_column_size":66,"_inline_size":null},"elements":[{"id":"6fb8bdaf","settings":[],"elements":[],"isInner":false,"widgetType":"wpsm_searchbox","elType":"widget"},{"id":"1095e4","settings":[],"elements":[],"isInner":false,"widgetType":"spacer","elType":"widget"}],"isInner":true,"elType":"column"},{"id":"33833bf4","settings":{"_column_size":16,"_inline_size":null},"elements":[],"isInner":true,"elType":"column"}],"isInner":true,"elType":"section"}],"isInner":false,"elType":"column"}],"isInner":false,"elType":"section"}]}