{"version":"0.4","title":"Remarket Home","type":"page","content":[{"id":"3c18d3d8","settings":{"structure":"20","background_background":"classic","background_image":{"url":"https:\/\/remarket.wpsoul.com\/wp-content\/uploads\/2017\/08\/bg-remarket.jpg","id":718},"padding":{"unit":"px","top":"30","right":"0","bottom":"70","left":"0","isLinked":false},"content_position":"middle","margin":{"unit":"px","top":"0","right":0,"bottom":"90","left":0,"isLinked":false}},"elements":[{"id":"45d6d20d","settings":{"_column_size":50,"_inline_size":null},"elements":[{"id":"7441973c","settings":{"title":"Start selling your ideas","typography_typography":"custom","typography_font_size":{"unit":"px","size":46,"sizes":[]},"header_size":"h1","typography_font_family":"Unna","typography_font_weight":"normal","_animation":"stuckFlipUpOpacity","animation_duration":"slow","_animation_delay":300},"elements":[],"isInner":false,"widgetType":"heading","elType":"widget"},{"id":"5c286c10","settings":{"title":"Register Today and get best commision for your store","header_size":"div","title_color":"#7A7A7A","_animation":"stuckFlipUpOpacity","animation_duration":"slow","_animation_delay":500},"elements":[],"isInner":false,"widgetType":"heading","elType":"widget"},{"id":"5ca59641","settings":{"text":"Register Now","link":{"url":"\/my-account","is_external":"","nofollow":""},"size":"md","typography_typography":"custom","typography_font_size":{"unit":"px","size":18,"sizes":[]},"typography_font_weight":"bold","typography_text_transform":"uppercase","button_text_color":"#000000","background_color":"#FFCC00","border_radius":{"unit":"px","top":"100","right":"100","bottom":"100","left":"100","isLinked":true},"_margin":{"unit":"px","top":"30","right":"0","bottom":"0","left":"0","isLinked":false},"_animation":"flip-r-r-s","_animation_delay":2000,"_element_width":"auto","hover_animation":"grow"},"elements":[],"isInner":false,"widgetType":"button","elType":"widget"}],"isInner":false,"elType":"column"},{"id":"3f7e437","settings":{"_column_size":50,"_inline_size":null,"align":"center"},"elements":[{"id":"1a5c482b","settings":{"image":{"url":"https:\/\/remarket.wpsoul.com\/wp-content\/uploads\/2020\/01\/frame.jpg","id":1229},"image_size":"full","_element_width":"auto","rh_gsap":"true","rh_gsap_y":20,"rh_gsap_duration":2,"rh_gsap_delay":1,"rh_gsap_ease":"power0-none","rh_gsap_infinite":"yes","rh_reveal":"yes","rh_reveal_dir":"tb","rh_reveal_speed":0.8,"rh_reveal_bgcolor":"#FFFFFF"},"elements":[],"isInner":false,"widgetType":"image","elType":"widget"},{"id":"367bc8fd","settings":{"image":{"url":"https:\/\/remarket.wpsoul.com\/wp-content\/uploads\/2017\/08\/plant.png","id":80},"image_size":"custom","_element_width":"auto","_position":"absolute","_offset_orientation_h":"end","_offset_x_end":{"unit":"px","size":-186.8,"sizes":[]},"rh_gsap":"true","rh_gsap_y":100,"rh_gsap_opacity":1,"rh_gsap_from":"yes"},"elements":[],"isInner":false,"widgetType":"image","elType":"widget"},{"id":"50bef4fe","settings":{"image":{"url":"https:\/\/remarket.wpsoul.com\/wp-content\/uploads\/2017\/08\/spool.png","id":81},"image_size":"custom","_element_width":"auto","_position":"absolute","_offset_x":{"unit":"px","size":-55,"sizes":[]},"_offset_x_end":{"unit":"px","size":0,"sizes":[]},"_offset_orientation_v":"end","_offset_y_end":{"unit":"px","size":-143,"sizes":[]},"rh_gsap_y":100,"rh_gsap_opacity":1,"rh_gsap_from":"yes"},"elements":[],"isInner":false,"widgetType":"image","elType":"widget"},{"id":"3db243d6","settings":{"image":{"url":"https:\/\/remarket.wpsoul.com\/wp-content\/uploads\/2017\/08\/flower.png","id":78},"image_size":"custom","_element_width":"auto","_position":"absolute","_offset_x":{"unit":"px","size":0,"sizes":[]},"_offset_x_end":{"unit":"px","size":0,"sizes":[]},"_offset_y":{"unit":"px","size":77,"sizes":[]},"_offset_y_end":{"unit":"px","size":-143,"sizes":[]},"rh_parallax_el":"true","rh_parallax_el_speed":30,"rh_gsap":"true","rh_gsap_y":180,"rh_gsap_r":180,"rh_gsap_scale":0.5,"rh_gsap_opacity":1,"rh_gsap_duration":2,"rh_gsap_delay":1.6,"rh_gsap_ease":"back-out","rh_gsap_from":"yes"},"elements":[],"isInner":false,"widgetType":"image","elType":"widget"},{"id":"bcd3829","settings":{"image":{"url":"https:\/\/remarket.wpsoul.com\/wp-content\/uploads\/2017\/08\/deer.png","id":77},"image_size":"custom","_element_width":"auto","_position":"absolute","_offset_x":{"size":-180,"unit":"px"},"_offset_x_end":{"unit":"px","size":0,"sizes":[]},"_offset_orientation_v":"end","_offset_y":{"size":-26,"unit":"px"},"_offset_y_end":{"unit":"px","size":-143,"sizes":[]},"rh_parallax_el_speed":30,"rh_gsap":"true","rh_gsap_y":180,"rh_gsap_opacity":1,"rh_gsap_delay":1,"rh_gsap_ease":"back-out","rh_gsap_from":"yes"},"elements":[],"isInner":false,"widgetType":"image","elType":"widget"}],"isInner":false,"elType":"column"}],"isInner":false,"elType":"section"},{"id":"1120836b","settings":{"gap":"extended","structure":"20","margin":{"unit":"px","top":"0","right":0,"bottom":"50","left":0,"isLinked":false}},"elements":[{"id":"7e2245f2","settings":{"_column_size":50,"_inline_size":null},"elements":[{"id":"756fffe2","settings":{"title":"Comparison shopping engines collect product information, including pricing, from participating retailers and then display that collective information on a single results page in response to a shopper's search query. In this way, shoppers can compare each retailer's price","header_size":"div","align":"right","title_color":"#7A7A7A","typography_typography":"custom","typography_font_size":{"unit":"px","size":17,"sizes":[]},"typography_line_height":{"unit":"em","size":1.7,"sizes":[]},"rh_gsap":"true","rh_gsap_y":50,"rh_gsap_opacity":1,"rh_gsap_st_type":"text","rh_gsap_text":"lines","rh_gsap_stdelay":0.1,"rh_gsap_duration":0.5,"rh_gsap_from":"yes","rh_gsap_sc_tr":90},"elements":[],"isInner":false,"widgetType":"heading","elType":"widget"}],"isInner":false,"elType":"column"},{"id":"453459fb","settings":{"_column_size":50,"_inline_size":null},"elements":[{"id":"2a2c30ac","settings":{"title":"Welcome to our Comparison Template","header_size":"h6","title_color":"#FF7F00","typography_typography":"custom","typography_font_size":{"unit":"px","size":19,"sizes":[]},"typography_font_weight":"normal","animation_duration":"fast","rh_gsap":"true","rh_gsap_y":30,"rh_gsap_opacity":1,"rh_gsap_duration":0.7,"rh_gsap_from":"yes","rh_gsap_sc_tr":90},"elements":[],"isInner":false,"widgetType":"heading","elType":"widget"},{"id":"7cfa486b","settings":{"title":"We are best Profitable WordPress\nTemplate Ever","header_size":"h5","typography_typography":"custom","typography_font_size":{"unit":"px","size":33,"sizes":[]},"typography_font_weight":"normal","typography_line_height":{"unit":"em","size":1.2,"sizes":[]},"rh_gsap":"true","rh_gsap_y":30,"rh_gsap_opacity":1,"rh_gsap_st_type":"text","rh_gsap_text":"lines","rh_gsap_stdelay":0.2,"rh_gsap_from":"yes","rh_gsap_sc_tr":90},"elements":[],"isInner":false,"widgetType":"heading","elType":"widget"}],"isInner":false,"elType":"column"}],"isInner":false,"elType":"section"},{"id":"637580b8","settings":{"structure":"20"},"elements":[{"id":"8a35ca8","settings":{"_column_size":50,"_inline_size":null},"elements":[{"id":"1d5b5b0","settings":{"title":"Check our catalog","subtitle":"and find your best product","image_id":{"url":"https:\/\/remarket.wpsoul.com\/wp-content\/uploads\/2017\/08\/banner.jpg","id":658},"height":120,"padding":30,"align":"right","url":"#","overlay":"","maintitletypo_typography":"custom","color":"","colortext":"#000000","colorsubtext":"#000000","_css_classes":"mybanner","rh_reveal":"yes","rh_reveal_dir":"bt","rh_reveal_bgcolor":"#E9E9E9","rh_reveal_speed":0.7},"elements":[],"isInner":false,"widgetType":"wpsm_hover_banner","elType":"widget"}],"isInner":false,"elType":"column"},{"id":"3895b09c","settings":{"_column_size":50,"_inline_size":null},"elements":[{"id":"22df03e0","settings":{"title":"50% of discount","subtitle":"On our summer collection","image_id":{"url":"https:\/\/remarket.wpsoul.com\/wp-content\/uploads\/2017\/08\/banner2.jpg","id":661},"height":120,"padding":30,"align":"left","url":"#","overlay":"","maintitletypo_typography":"custom","color":"","colortext":"#000000","colorsubtext":"#000000","_css_classes":"mybanner","rh_reveal":"yes","rh_reveal_dir":"bt","rh_reveal_speed":0.7,"rh_reveal_delay":1,"rh_reveal_bgcolor":"#E9E9E9"},"elements":[],"isInner":false,"widgetType":"wpsm_hover_banner","elType":"widget"}],"isInner":false,"elType":"column"}],"isInner":false,"elType":"section"},{"id":"4c9bbdd9","settings":[],"elements":[{"id":"5c25fd13","settings":{"_column_size":100,"_inline_size":null},"elements":[{"id":"4fa685a4","settings":{"style":"zigzag","width":{"unit":"%","size":70,"sizes":[]},"align":"center","text":"Divider","color":"#D2D2D2","weight":{"unit":"px","size":2,"sizes":[]},"pattern_height":{"unit":"px","size":14,"sizes":[]},"pattern_size":{"unit":"px","size":10,"sizes":[]},"gap":{"unit":"px","size":14,"sizes":[]},"_margin":{"unit":"px","top":"60","right":"60","bottom":"60","left":"60","isLinked":true}},"elements":[],"isInner":false,"widgetType":"divider","elType":"widget"}],"isInner":false,"elType":"column"}],"isInner":false,"elType":"section"},{"id":"646f6a1f","settings":{"margin":{"unit":"px","top":"0","right":0,"bottom":"42","left":0,"isLinked":false}},"elements":[{"id":"d371b00","settings":{"_column_size":100,"_inline_size":null},"elements":[{"id":"36d7c116","settings":{"title":"Check Discount deals","align":"center","typography_typography":"custom","typography_font_size":{"unit":"px","size":28,"sizes":[]},"typography_font_weight":"normal","animation_duration":"slow","rh_gsap":"true","rh_gsap_y":30,"rh_gsap_opacity":1,"rh_gsap_duration":0.6,"rh_gsap_from":"yes","rh_gsap_sc_tr":80,"rh_gsap_rev":"yes"},"elements":[],"isInner":false,"widgetType":"heading","elType":"widget"},{"id":"65553fdd","settings":{"title":"If the cheque is drawn on an account with the same branch as his own account-branch of the bank,<br>then he has to submit the same across the counter along with a duly filled in pay-in-slip","header_size":"div","align":"center","title_color":"#7A7A7A","typography_typography":"custom","typography_font_size":{"unit":"px","size":17,"sizes":[]},"typography_line_height":{"unit":"em","size":1.7,"sizes":[]},"_margin":{"unit":"px","top":"0","right":"0","bottom":"20","left":"0","isLinked":false},"animation_duration":"slow","rh_gsap":"true","rh_gsap_y":30,"rh_gsap_opacity":1,"rh_gsap_st_type":"text","rh_gsap_text":"lines","rh_gsap_from":"yes","rh_gsap_sc_tr":80,"rh_gsap_rev":"yes"},"elements":[],"isInner":false,"widgetType":"heading","elType":"widget"},{"id":"65f8c1f0","settings":{"cat":[],"tag":[],"ids":[],"user_id":null,"rh_gsap":"true","rh_gsap_y":30,"rh_gsap_opacity":1,"rh_gsap_from":"yes","rh_gsap_sc_tr":80,"rh_gsap_rev":"yes"},"elements":[],"isInner":false,"widgetType":"woo_mod","elType":"widget"}],"isInner":false,"elType":"column"}],"isInner":false,"elType":"section"},{"id":"5792cb38","settings":{"background_background":"classic","background_image":{"url":"https:\/\/remarket.wpsoul.com\/wp-content\/uploads\/2020\/01\/bgdarkrose.jpg","id":1245},"background_overlay_background":"classic","background_overlay_image":{"url":"https:\/\/remarket.wpsoul.com\/wp-content\/uploads\/2017\/08\/ripover.png","id":66},"background_overlay_position":"top center","background_overlay_repeat":"no-repeat","background_overlay_opacity":{"unit":"px","size":1,"sizes":[]},"padding":{"unit":"px","top":"130","right":"0","bottom":"50","left":"0","isLinked":false}},"elements":[{"id":"7d6bde05","settings":{"_column_size":100,"_inline_size":null},"elements":[{"id":"28a472d2","settings":{"title":"Start selling right Now","align":"center","typography_typography":"custom","typography_font_size":{"unit":"px","size":33,"sizes":[]},"typography_font_weight":"normal","title_color":"#FFFFFF","rh_gsap":"true","rh_gsap_y":30,"rh_gsap_opacity":1,"rh_gsap_duration":0.6,"rh_gsap_from":"yes","rh_gsap_sc_tr":70},"elements":[],"isInner":false,"widgetType":"heading","elType":"widget"},{"id":"672d286","settings":{"title":"Millions of shoppers can't wait to see what you have in store.","align":"center","typography_typography":"custom","typography_font_size":{"unit":"px","size":18,"sizes":[]},"typography_font_weight":"normal","title_color":"#C5C5C5","rh_gsap":"true","rh_gsap_y":30,"rh_gsap_opacity":1,"rh_gsap_from":"yes","rh_gsap_sc_tr":70},"elements":[],"isInner":false,"widgetType":"heading","elType":"widget"},{"id":"2ba420a2","settings":{"text":"Register Now","link":{"url":"\/my-account","is_external":"","nofollow":""},"size":"md","typography_typography":"custom","typography_font_size":{"unit":"px","size":18,"sizes":[]},"typography_font_weight":"bold","typography_text_transform":"uppercase","button_text_color":"#000000","background_color":"#FFCC00","border_radius":{"unit":"px","top":"100","right":"100","bottom":"100","left":"100","isLinked":true},"_margin":{"unit":"px","top":"20","right":"0","bottom":"0","left":"0","isLinked":false},"_animation_delay":2000,"align":"center","rh_gsap":"true","rh_gsap_scale":0.8,"rh_gsap_opacity":1,"rh_gsap_delay":0.5,"rh_gsap_from":"yes","rh_gsap_sc_tr":70},"elements":[],"isInner":false,"widgetType":"button","elType":"widget"}],"isInner":false,"elType":"column"}],"isInner":false,"elType":"section"},{"id":"29cdcaa7","settings":{"background_background":"classic","background_gradient_angle":{"unit":"deg","size":90,"sizes":[]},"stretch_section":"section-stretched","content_position":"middle","padding":{"unit":"px","top":"50","right":"0","bottom":"60","left":"0","isLinked":false},"margin":{"unit":"px","top":"0","right":0,"bottom":"30","left":0,"isLinked":false},"margin_mobile":{"unit":"px","top":"","right":0,"bottom":"","left":0,"isLinked":true}},"elements":[{"id":"28fd1166","settings":{"_column_size":100,"_inline_size":null,"space_between_widgets":10},"elements":[{"id":"3374825a","settings":{"title":"A Few Words from Happy Vendors","align":"center","typography_typography":"custom","typography_font_size":{"unit":"px","size":28,"sizes":[]},"typography_font_weight":"normal","animation_duration":"slow","rh_gsap":"true","rh_gsap_y":30,"rh_gsap_opacity":1,"rh_gsap_duration":0.6,"rh_gsap_from":"yes","rh_gsap_sc_tr":80},"elements":[],"isInner":false,"widgetType":"heading","elType":"widget"},{"id":"1b83112a","settings":{"title":"Sed diam nonummy nibh euismod tincidunt.","header_size":"div","align":"center","title_color":"#7A7A7A","typography_typography":"custom","typography_font_size":{"unit":"px","size":17,"sizes":[]},"typography_line_height":{"unit":"em","size":1.7,"sizes":[]},"_margin":{"unit":"px","top":"0","right":"0","bottom":"20","left":"0","isLinked":false},"animation_duration":"slow","rh_gsap":"true","rh_gsap_y":30,"rh_gsap_opacity":1,"rh_gsap_st_type":"text","rh_gsap_text":"lines","rh_gsap_from":"yes","rh_gsap_sc_tr":80},"elements":[],"isInner":false,"widgetType":"heading","elType":"widget"},{"id":"25d4d440","settings":{"structure":"30","padding":{"unit":"px","top":"35","right":"0","bottom":"0","left":"0","isLinked":false},"padding_tablet":{"unit":"px","top":"15","right":"0","bottom":"0","left":"0","isLinked":false},"margin":{"unit":"px","top":"30","right":0,"bottom":"0","left":0,"isLinked":false},"z_index":2},"elements":[{"id":"794a0db2","settings":{"_column_size":33,"_inline_size":null,"border_width":{"unit":"px","top":"1","right":"1","bottom":"1","left":"1","isLinked":true},"border_radius":{"unit":"px","top":"10","right":"10","bottom":"10","left":"10","isLinked":true},"margin":{"unit":"px","top":"0","right":"16","bottom":"0","left":"0","isLinked":false},"padding":{"unit":"px","top":"60","right":"35","bottom":"35","left":"35","isLinked":false},"box_shadow_box_shadow":{"horizontal":0,"vertical":0,"blur":25,"spread":0,"color":"rgba(0,0,0,0.15)"},"box_shadow_hover_box_shadow_type":"yes","box_shadow_hover_box_shadow":{"horizontal":0,"vertical":0,"blur":40,"spread":0,"color":"rgba(0,0,0,0.2)"},"margin_mobile":{"unit":"px","top":"0","right":"0","bottom":"60","left":"0","isLinked":false},"background_background":"classic","background_color":"#f8f5f0","animation_duration":"fast","animation_delay":100,"css_classes":"reviewclass"},"elements":[{"id":"605eb8a5","settings":{"testimonial_content":"Lorem ipsum dolor sit amet, consectetur adipiscing elit. Ut elit tellus, luctus nec ullamcorper mattis, pulvinar dapibus leo.","testimonial_image":{"url":"","id":""},"testimonial_name":"Adam Sendler","testimonial_job":"Designer","testimonial_alignment":"left","content_typography_typography":"custom","content_typography_font_size":{"unit":"px","size":15},"content_typography_font_weight":"300","content_typography_line_height":{"unit":"em","size":1.8},"image_size":{"unit":"px","size":55},"name_typography_typography":"custom","name_typography_font_size":{"unit":"px","size":18},"job_text_color":"#9e9e9e","job_typography_typography":"custom","job_typography_font_size":{"unit":"px","size":15},"job_typography_font_weight":"300","name_typography_font_size_tablet":{"unit":"px","size":18},"_z_index":2,"name_typography_font_weight":"bold"},"elements":[],"isInner":false,"widgetType":"testimonial","elType":"widget"},{"id":"70e2e7b4","settings":{"selected_icon":{"value":"rhicon rhi-quote-left","library":"fa-solid"},"primary_color":"#efd9cb","_z_index":1,"_element_width":"auto","_position":"absolute","_offset_orientation_h":"end","_offset_orientation_v":"end","_offset_y_end":{"unit":"px","size":10,"sizes":[]},"rh_gsap_st_type":"no","rh_gsap_stagger":"reviewclass","rh_gsap_stdelay":0.3},"elements":[],"isInner":false,"widgetType":"icon","elType":"widget"},{"id":"19ab136d","settings":{"image":{"id":1204,"url":"https:\/\/remarket.wpsoul.com\/wp-content\/uploads\/2020\/01\/user1-100x100-1.png"},"image_size":"full","_element_width":"auto","_position":"absolute","_offset_y":{"unit":"px","size":-90,"sizes":[]},"_offset_y_end":{"unit":"px","size":24,"sizes":[]},"image_border_border":"solid","image_border_width":{"unit":"px","top":"3","right":"3","bottom":"3","left":"3","isLinked":true},"image_border_color":"#ffffff","image_border_radius":{"unit":"%","top":"50","right":"50","bottom":"50","left":"50","isLinked":true},"image_box_shadow_box_shadow_type":"yes","image_box_shadow_box_shadow":{"horizontal":0,"vertical":0,"blur":10,"spread":0,"color":"rgba(0,0,0,0.21)"},"width":{"unit":"%","size":75,"sizes":[]},"rh_gsap":"true","rh_gsap_y":40,"rh_gsap_opacity":1,"rh_gsap_st_type":"class","rh_gsap_stagger":"reviewclass","rh_gsap_stdelay":0.4,"rh_gsap_from":"yes","rh_gsap_sc_tr":70},"elements":[],"isInner":false,"widgetType":"image","elType":"widget"}],"isInner":true,"elType":"column"},{"id":"6a033d65","settings":{"_column_size":33,"_inline_size":null,"border_width":{"unit":"px","top":"1","right":"1","bottom":"1","left":"1","isLinked":true},"border_radius":{"unit":"px","top":"10","right":"10","bottom":"10","left":"10","isLinked":true},"margin":{"unit":"px","top":"0","right":"16","bottom":"0","left":"0","isLinked":false},"padding":{"unit":"px","top":"60","right":"35","bottom":"35","left":"35","isLinked":false},"box_shadow_box_shadow":{"horizontal":0,"vertical":0,"blur":25,"spread":0,"color":"rgba(0,0,0,0.15)"},"box_shadow_hover_box_shadow_type":"yes","box_shadow_hover_box_shadow":{"horizontal":0,"vertical":0,"blur":40,"spread":0,"color":"rgba(0,0,0,0.2)"},"margin_mobile":{"unit":"px","top":"0","right":"0","bottom":"60","left":"0","isLinked":false},"background_background":"classic","background_color":"#f8f5f0","animation_delay":100,"animation_duration":"fast","css_classes":"reviewclass"},"elements":[{"id":"17d945ba","settings":{"testimonial_content":"Lorem ipsum dolor sit amet, consectetur adipiscing elit. Ut elit tellus, luctus nec ullamcorper mattis, pulvinar dapibus leo.","testimonial_image":{"url":"","id":""},"testimonial_name":"Oliver Snow","testimonial_job":"Digital Artist","testimonial_alignment":"left","content_typography_typography":"custom","content_typography_font_size":{"unit":"px","size":15},"content_typography_font_weight":"300","content_typography_line_height":{"unit":"em","size":1.8},"image_size":{"unit":"px","size":55},"name_typography_typography":"custom","name_typography_font_size":{"unit":"px","size":18},"job_text_color":"#9e9e9e","job_typography_typography":"custom","job_typography_font_size":{"unit":"px","size":15},"job_typography_font_weight":"300","name_typography_font_size_tablet":{"unit":"px","size":18},"_z_index":2,"name_typography_font_weight":"bold"},"elements":[],"isInner":false,"widgetType":"testimonial","elType":"widget"},{"id":"7de4830b","settings":{"selected_icon":{"value":"rhicon rhi-quote-left","library":"fa-solid"},"primary_color":"#efd9cb","_z_index":1,"_element_width":"auto","_position":"absolute","_offset_orientation_h":"end","_offset_orientation_v":"end","_offset_y_end":{"unit":"px","size":10,"sizes":[]}},"elements":[],"isInner":false,"widgetType":"icon","elType":"widget"},{"id":"4b4b44b9","settings":{"image":{"id":1205,"url":"https:\/\/remarket.wpsoul.com\/wp-content\/uploads\/2020\/01\/user2-100x100-e1563369345635.png"},"image_size":"full","_element_width":"auto","_position":"absolute","_offset_y":{"unit":"px","size":-90,"sizes":[]},"_offset_y_end":{"unit":"px","size":24,"sizes":[]},"image_border_border":"solid","image_border_width":{"unit":"px","top":"3","right":"3","bottom":"3","left":"3","isLinked":true},"image_border_color":"#ffffff","image_border_radius":{"unit":"%","top":"50","right":"50","bottom":"50","left":"50","isLinked":true},"image_box_shadow_box_shadow_type":"yes","image_box_shadow_box_shadow":{"horizontal":0,"vertical":0,"blur":10,"spread":0,"color":"rgba(0,0,0,0.21)"}},"elements":[],"isInner":false,"widgetType":"image","elType":"widget"}],"isInner":true,"elType":"column"},{"id":"1ea9f1ff","settings":{"_column_size":33,"_inline_size":null,"border_width":{"unit":"px","top":"1","right":"1","bottom":"1","left":"1","isLinked":true},"border_radius":{"unit":"px","top":"10","right":"10","bottom":"10","left":"10","isLinked":true},"margin":{"unit":"px","top":"0","right":"16","bottom":"0","left":"0","isLinked":false},"padding":{"unit":"px","top":"60","right":"35","bottom":"35","left":"35","isLinked":false},"box_shadow_box_shadow":{"horizontal":0,"vertical":0,"blur":25,"spread":0,"color":"rgba(0,0,0,0.15)"},"box_shadow_hover_box_shadow_type":"yes","box_shadow_hover_box_shadow":{"horizontal":0,"vertical":0,"blur":40,"spread":0,"color":"rgba(0,0,0,0.2)"},"margin_mobile":{"unit":"px","top":"0","right":"0","bottom":"60","left":"0","isLinked":false},"background_background":"classic","background_color":"#f8f5f0","animation_delay":100,"animation_duration":"fast","css_classes":"reviewclass"},"elements":[{"id":"35cda174","settings":{"testimonial_content":"Lorem ipsum dolor sit amet, consectetur adipiscing elit. Ut elit tellus, luctus nec ullamcorper mattis, pulvinar dapibus leo.","testimonial_image":{"url":"","id":""},"testimonial_name":"Katerina Bezobrazova","testimonial_job":"Marketing","testimonial_alignment":"left","content_typography_typography":"custom","content_typography_font_size":{"unit":"px","size":15},"content_typography_font_weight":"300","content_typography_line_height":{"unit":"em","size":1.8},"image_size":{"unit":"px","size":55},"name_typography_typography":"custom","name_typography_font_size":{"unit":"px","size":18},"job_text_color":"#9e9e9e","job_typography_typography":"custom","job_typography_font_size":{"unit":"px","size":15},"job_typography_font_weight":"300","name_typography_font_size_tablet":{"unit":"px","size":18},"_z_index":2,"name_typography_font_weight":"bold"},"elements":[],"isInner":false,"widgetType":"testimonial","elType":"widget"},{"id":"181dd4b0","settings":{"selected_icon":{"value":"rhicon rhi-quote-left","library":"fa-solid"},"primary_color":"#efd9cb","_z_index":1,"_element_width":"auto","_position":"absolute","_offset_orientation_h":"end","_offset_orientation_v":"end","_offset_y_end":{"unit":"px","size":10,"sizes":[]}},"elements":[],"isInner":false,"widgetType":"icon","elType":"widget"},{"id":"54f0a4df","settings":{"image":{"id":1206,"url":"https:\/\/remarket.wpsoul.com\/wp-content\/uploads\/2020\/01\/user3-100x100-e1563369363413.png"},"image_size":"full","_element_width":"auto","_position":"absolute","_offset_y":{"unit":"px","size":-90,"sizes":[]},"_offset_y_end":{"unit":"px","size":24,"sizes":[]},"image_border_border":"solid","image_border_width":{"unit":"px","top":"3","right":"3","bottom":"3","left":"3","isLinked":true},"image_border_color":"#ffffff","image_border_radius":{"unit":"%","top":"50","right":"50","bottom":"50","left":"50","isLinked":true},"image_box_shadow_box_shadow_type":"yes","image_box_shadow_box_shadow":{"horizontal":0,"vertical":0,"blur":10,"spread":0,"color":"rgba(0,0,0,0.21)"}},"elements":[],"isInner":false,"widgetType":"image","elType":"widget"}],"isInner":true,"elType":"column"}],"isInner":true,"elType":"section"}],"isInner":false,"elType":"column"}],"isInner":false,"elType":"section"},{"id":"44a4b695","settings":{"structure":"22","background_background":"gradient","background_color":"#C69971","background_color_b":"#CCB07F","background_gradient_angle":{"unit":"deg","size":90,"sizes":[]},"stretch_section":"section-stretched","content_position":"middle","padding":{"unit":"px","top":"30","right":"0","bottom":"30","left":"0","isLinked":false},"margin":{"unit":"px","top":"0","right":0,"bottom":"70","left":0,"isLinked":false},"animation":"stuckFlipUpOpacity","animation_duration":"slow"},"elements":[{"id":"7d53a843","settings":{"_column_size":66,"_inline_size":null,"space_between_widgets":10},"elements":[{"id":"6d21d535","settings":{"title":"Subscribe to our Newsletter","title_color":"#ffffff","typography_typography":"custom","typography_font_size":{"unit":"px","size":28,"sizes":[]},"typography_line_height":{"unit":"px","size":32,"sizes":[]},"header_size":"div","align_mobile":"center","typography_font_weight":"bold"},"elements":[],"isInner":false,"widgetType":"heading","elType":"widget"},{"id":"6f5d183","settings":{"title":"Start building your money income Today","title_color":"#e5e5e5","typography_typography":"custom","typography_font_size":{"unit":"px","size":16,"sizes":[]},"typography_line_height":{"unit":"px","size":20,"sizes":[]},"header_size":"div","align_mobile":"center","typography_font_weight":"normal"},"elements":[],"isInner":false,"widgetType":"heading","elType":"widget"}],"isInner":false,"elType":"column"},{"id":"780fb744","settings":{"_column_size":33,"_inline_size":null},"elements":[{"id":"2ad3b71c","settings":{"text":"Subscribe Now","align":"center","typography_font_size":{"unit":"px","size":20,"sizes":[]},"typography_font_weight":"normal","button_text_color":"#ffffff","button_background_hover_color":"#ffffff","border_radius":{"unit":"px","top":"100","right":"100","bottom":"100","left":"100","isLinked":true},"hover_color":"#5550c4","size":"lg","background_color":"rgba(255, 255, 255, 0)","hover_animation":"grow","button_box_shadow_box_shadow":{"horizontal":0,"vertical":8,"blur":22,"spread":0,"color":"rgba(255,91,135,0.5)"},"border_border":"solid","border_width":{"unit":"px","top":"2","right":"2","bottom":"2","left":"2","isLinked":true}},"elements":[],"isInner":false,"widgetType":"button","elType":"widget"}],"isInner":false,"elType":"column"}],"isInner":false,"elType":"section"},{"id":"2712b89f","settings":{"margin":{"unit":"px","top":"0","right":0,"bottom":"40","left":0,"isLinked":false}},"elements":[{"id":"779d60cf","settings":{"_column_size":100,"_inline_size":null},"elements":[{"id":"3325a867","settings":{"title":"Check our latest deals","align":"center","typography_typography":"custom","typography_font_size":{"unit":"px","size":28,"sizes":[]},"typography_font_weight":"normal","animation_duration":"slow","rh_gsap":"true","rh_gsap_y":30,"rh_gsap_opacity":1,"rh_gsap_duration":0.6,"rh_gsap_from":"yes","rh_gsap_sc_tr":80},"elements":[],"isInner":false,"widgetType":"heading","elType":"widget"},{"id":"2b9cbd07","settings":{"title":"Sed diam nonummy nibh euismod tincidunt.","header_size":"div","align":"center","title_color":"#7A7A7A","typography_typography":"custom","typography_font_size":{"unit":"px","size":17,"sizes":[]},"typography_line_height":{"unit":"em","size":1.7,"sizes":[]},"_margin":{"unit":"px","top":"0","right":"0","bottom":"20","left":"0","isLinked":false},"animation_duration":"slow","rh_gsap":"true","rh_gsap_y":30,"rh_gsap_opacity":1,"rh_gsap_st_type":"text","rh_gsap_text":"lines","rh_gsap_from":"yes","rh_gsap_sc_tr":80},"elements":[],"isInner":false,"widgetType":"heading","elType":"widget"},{"id":"42584c10","settings":{"cat":[],"cat_exclude":[],"tag":[],"tag_exclude":[],"ids":[],"tax_name":null,"tax_slug":null,"tax_slug_exclude":null,"show":3,"rh_gsap":"true","rh_gsap_y":30,"rh_gsap_opacity":1,"rh_gsap_from":"yes","rh_gsap_sc_tr":70},"elements":[],"isInner":false,"widgetType":"colored_grid_loop","elType":"widget"}],"isInner":false,"elType":"column"}],"isInner":false,"elType":"section"}]}