{"version":"0.4","title":"Deal of day","type":"page","content":[{"id":"61d8a9f7","settings":{"structure":"22"},"elements":[{"id":"5f155da4","settings":{"_column_size":66,"_inline_size":67.778},"elements":[{"id":"5d882cbc","settings":{"wp":{"title":"Deal of the day","dealtype":"product","dealid":"","faketimer":"true","markettext":"Hurry Up! Offer ends soon.","fakebar":"true","fakebar_sold":"12","fakebar_stock":"16","carousel":"true","carouselnumber":"3"}},"elements":[],"isInner":false,"widgetType":"wp-widget-rehub_deal_daywoo","elType":"widget"}],"isInner":false,"elType":"column"},{"id":"1214655","settings":{"_column_size":33,"_inline_size":32.22,"space_between_widgets":0},"elements":[{"id":"11c20261","settings":{"title":"You can be interested","header_size":"div","align":"center","title_color":"#ffffff","typography_typography":"custom","typography_font_size":{"unit":"px","size":20,"sizes":[]},"_padding":{"unit":"px","top":"10","right":"10","bottom":"10","left":"10","isLinked":true},"_background_background":"classic","_background_color":"#61ce70","typography_line_height":{"unit":"em","size":1.4,"sizes":[]}},"elements":[],"isInner":false,"widgetType":"heading","elType":"widget"},{"id":"67d9c660","settings":{"data_source":"cpt","cat":[],"cat_exclude":[],"tag":[],"tag_exclude":[],"ids":[],"post_type":"product","show":"4","image":"1","priceenable":"1","listtypography_typography":"custom","listtypography_font_size":{"unit":"px","size":14,"sizes":[]},"listtypography_font_weight":"400","num":-1,"border":"1","listtypography_line_height":{"unit":"em","size":1.3,"sizes":[]},"mborder":-1,"maximage":60,"tax_name":null,"tax_slug":null,"tax_slug_exclude":null},"elements":[],"isInner":false,"widgetType":"wpsm_recent_posts_list","elType":"widget"}],"isInner":false,"elType":"column"}],"isInner":false,"elType":"section"}],"page_settings":{"content_type":"full_post_area","_header_disable":"1","_footer_disable":"1"}}