{"version":"0.4","title":"Redeal Home","type":"page","content":[{"id":"51213a86","settings":{"padding":{"unit":"px","top":"0","right":"0","bottom":"0","left":"0","isLinked":true},"background_background":"classic","background_color":"#150018","background_image":{"url":"https:\/\/redeal.lookmetrics.co\/wp-content\/uploads\/2020\/01\/vis.jpg","id":914},"layout":"full_width","background_repeat":"no-repeat","background_size":"cover"},"elements":[{"id":"78aafc6e","settings":{"_column_size":100,"_inline_size":null,"padding":{"unit":"px","top":"0","right":"0","bottom":"0","left":"0","isLinked":true}},"elements":[{"id":"33f14dcb","settings":{"image":{"url":"https:\/\/redeal.lookmetrics.co\/wp-content\/uploads\/2020\/01\/rbd1.png","id":981},"image_size":"full","_element_width":"auto","_position":"absolute","_offset_x":{"unit":"px","size":10,"sizes":[]},"_offset_y":{"unit":"px","size":33,"sizes":[]},"rh_infinite_rotate":"infinite","_z_index":1,"rh_infinite_speed":"25"},"elements":[],"isInner":false,"widgetType":"image","elType":"widget"},{"id":"7af77e1b","settings":{"image":{"url":"https:\/\/redeal.lookmetrics.co\/wp-content\/uploads\/2020\/01\/rbd7.png","id":987},"image_size":"full","_element_width":"auto","_position":"absolute","_offset_x":{"unit":"%","size":50,"sizes":[]},"_offset_y":{"unit":"px","size":33,"sizes":[]},"_z_index":1,"_offset_orientation_v":"end","_offset_y_end":{"unit":"px","size":-33,"sizes":[]}},"elements":[],"isInner":false,"widgetType":"image","elType":"widget"},{"id":"2dc9343b","settings":{"image":{"url":"https:\/\/redeal.lookmetrics.co\/wp-content\/uploads\/2020\/01\/rbd3.png","id":983},"image_size":"full","_element_width":"auto","_position":"absolute","_offset_x":{"unit":"%","size":48,"sizes":[]},"_offset_y":{"unit":"px","size":33,"sizes":[]},"rh_infinite_rotate":"infinite","_z_index":1,"_offset_orientation_v":"end","_offset_y_end":{"unit":"px","size":66,"sizes":[]},"rh_infinite_speed":"10"},"elements":[],"isInner":false,"widgetType":"image","elType":"widget"},{"id":"5df68606","settings":{"rh_particle_json":"{\n  \"particles\": {\n    \"number\": {\n      \"value\": 10,\n      \"density\": {\n        \"enable\": true,\n        \"value_area\": 800\n      }\n    },\n    \"color\": {\n      \"value\": \"#ff0000\"\n    },\n    \"shape\": {\n      \"type\": \"polygon\",\n      \"stroke\": {\n        \"width\": 0,\n        \"color\": \"#000000\"\n      },\n      \"polygon\": {\n        \"nb_sides\": 5\n      },\n      \"image\": {\n        \"src\": \"\/wp-content\/uploads\/2019\/12\/rbd8.webp\",\n        \"width\": 100,\n        \"height\": 100\n      }\n    },\n    \"opacity\": {\n      \"value\": 0.5,\n      \"random\": false,\n      \"anim\": {\n        \"enable\": false,\n        \"speed\": 1,\n        \"opacity_min\": 0.1,\n        \"sync\": false\n      }\n    },\n    \"size\": {\n      \"value\": 22,\n      \"random\": true,\n      \"anim\": {\n        \"enable\": false,\n        \"speed\": 50,\n        \"size_min\": 0.1,\n        \"sync\": false\n      }\n    },\n    \"line_linked\": {\n      \"enable\": true,\n      \"distance\": 150,\n      \"color\": \"#ffffff\",\n      \"opacity\": 0.4,\n      \"width\": 1\n    },\n    \"move\": {\n      \"enable\": true,\n      \"speed\": 1.1,\n      \"direction\": \"top\",\n      \"random\": true,\n      \"straight\": false,\n      \"out_mode\": \"out\",\n      \"bounce\": false,\n      \"attract\": {\n        \"enable\": false,\n        \"rotateX\": 962.0472365193136,\n        \"rotateY\": 481.0236182596568\n      }\n    }\n  },\n  \"interactivity\": {\n    \"detect_on\": \"canvas\",\n    \"events\": {\n      \"onhover\": {\n        \"enable\": false,\n        \"mode\": \"repulse\"\n      },\n      \"onclick\": {\n        \"enable\": false,\n        \"mode\": \"push\"\n      },\n      \"resize\": true\n    },\n    \"modes\": {\n      \"grab\": {\n        \"distance\": 400,\n        \"line_linked\": {\n          \"opacity\": 1\n        }\n      },\n      \"bubble\": {\n        \"distance\": 400,\n        \"size\": 40,\n        \"duration\": 2,\n        \"opacity\": 8,\n        \"speed\": 3\n      },\n      \"repulse\": {\n        \"distance\": 200,\n        \"duration\": 0.4\n      },\n      \"push\": {\n        \"particles_nb\": 4\n      },\n      \"remove\": {\n        \"particles_nb\": 2\n      }\n    }\n  },\n  \"retina_detect\": true\n}","_padding":{"unit":"px","top":"222","right":"0","bottom":"222","left":"0","isLinked":false},"_z_index":0,"_element_width":"inherit","_position":"absolute","_offset_x":{"size":0,"unit":"px"},"_offset_y":{"size":0,"unit":"px"}},"elements":[],"isInner":false,"widgetType":"rh_a_canvas","elType":"widget"},{"id":"4f27651e","settings":{"padding":{"unit":"px","top":"112","right":"0","bottom":"112","left":"0","isLinked":false},"z_index":2},"elements":[{"id":"202f85bb","settings":{"_column_size":100,"_inline_size":null},"elements":[{"id":"7982a343","settings":{"title":"We break the price","title_color":"#FFFFFF","typography_typography":"custom","typography_font_size":{"unit":"px","size":50,"sizes":[]},"_animation":"stuckFlipUpOpacity"},"elements":[],"isInner":false,"widgetType":"heading","elType":"widget"},{"id":"40d01336","settings":{"title":"Our site is made to allow you to save some cash,<br>we publish best coupon and deals from whole world","header_size":"div","title_color":"#FFFFFF","typography_typography":"custom","typography_font_size":{"unit":"px","size":22,"sizes":[]},"_animation":"stuckFlipUpOpacity","_animation_delay":400},"elements":[],"isInner":false,"widgetType":"heading","elType":"widget"},{"id":"8c940f0","settings":{"text":"Sign Up now!","size":"md","button_text_color":"#000000","background_color":"#FFC000","hover_animation":"grow","border_radius":{"unit":"px","top":"100","right":"100","bottom":"100","left":"100","isLinked":true},"_margin":{"unit":"px","top":"0","right":"15","bottom":"16","left":"0","isLinked":false},"_element_width":"auto","_css_classes":"act-rehub-login-popup","_animation":"stuckMoveUpOpacity","animation_duration":"fast","_animation_delay":500},"elements":[],"isInner":false,"widgetType":"button","elType":"widget"},{"id":"619294e7","settings":{"text":"How it Works","size":"md","background_color":"rgba(255, 192, 0, 0)","hover_animation":"grow","border_border":"solid","border_width":{"unit":"px","top":"2","right":"2","bottom":"2","left":"2","isLinked":true},"border_color":"#FFFFFF","border_radius":{"unit":"px","top":"100","right":"100","bottom":"100","left":"100","isLinked":true},"_margin":{"unit":"px","top":"0","right":"15","bottom":"16","left":"0","isLinked":false},"_background_background":"classic","_background_position":"center right","_element_width":"auto","link":{"url":"\/tutorials\/","is_external":"","nofollow":""},"_animation":"stuckMoveUpOpacity","animation_duration":"fast","_animation_delay":600},"elements":[],"isInner":false,"widgetType":"button","elType":"widget"}],"isInner":true,"elType":"column"}],"isInner":true,"elType":"section"}],"isInner":false,"elType":"column"}],"isInner":false,"elType":"section"},{"id":"13ec5b38","settings":{"background_background":"classic","background_color":"#ffffff","border_border":"solid","border_width":{"unit":"px","top":"0","right":"0","bottom":"1","left":"0","isLinked":false},"border_color":"#dddddd","box_shadow_box_shadow_type":"yes","box_shadow_box_shadow":{"horizontal":0,"vertical":3,"blur":10,"spread":0,"color":"rgba(0,0,0,0.05)"},"margin":{"unit":"px","top":"0","right":0,"bottom":"40","left":0,"isLinked":false},"padding":{"unit":"px","top":"10","right":"0","bottom":"0","left":"0","isLinked":false}},"elements":[{"id":"378052b7","settings":{"_column_size":100},"elements":[{"id":"3a14bcbc","settings":{"cat":[],"cat_exclude":[],"tag":[],"tag_exclude":[],"ids":[],"tax_name":null,"tax_slug":null,"tax_slug_exclude":null,"autorotate":"1","_margin":{"unit":"px","top":"30","right":"0","bottom":"10","left":"0","isLinked":false}},"elements":[],"isInner":false,"widgetType":"post_carousel_mod","elType":"widget"}],"isInner":false,"elType":"column"}],"isInner":false,"elType":"section"},{"id":"62f4dac1","settings":{"gap":"wide","structure":"22"},"elements":[{"id":"1de8f3e8","settings":{"_column_size":66,"_inline_size":69.998,"_inline_size_tablet":100,"padding":{"unit":"px","top":"0","right":"0","bottom":"0","left":"0","isLinked":true},"padding_mobile":{"unit":"px","top":"10","right":"10","bottom":"10","left":"10","isLinked":true}},"elements":[{"id":"1bdf885c","settings":{"cat":[],"cat_exclude":[],"tag":[],"tag_exclude":[],"ids":[],"tax_name":null,"tax_slug":null,"tax_slug_exclude":null,"show":10,"_animation":"stuckMoveUpOpacity","animation_duration":"fast","filterpanelenable":"yes","filterheading":"Latest Offers","taxdrop":"category","filterpanel":[{"filtertitle":"Show all","filtertype":"all","filtermetakey":"","filterpricerange":"","filterorderby":"","filtertaxkey":"","filtertaxtermslug":"","filtertaxcondition":"","filterorder":"DESC","filterdate":"all","_id":"a9831e1"},{"filtertitle":"Hottest","filtertype":"hot","filtermetakey":"","filterpricerange":"","filterorderby":"","filtertaxkey":"","filtertaxtermslug":"","filtertaxcondition":"","filterorder":"DESC","filterdate":"all","_id":"17c7c41"},{"filtertitle":"Popular","filtertype":"meta","filtermetakey":"#eb0909","filterpricerange":"","filterorderby":"","filtertaxkey":"","filtertaxtermslug":"","filtertaxcondition":"","filterorder":"DESC","filterdate":"all","_id":"2229833"}]},"elements":[],"isInner":false,"widgetType":"wpsm_offer_list","elType":"widget"}],"isInner":false,"elType":"column"},{"id":"31b7d4af","settings":{"_column_size":33,"_inline_size":30,"_inline_size_tablet":100,"padding":{"unit":"px","top":"0","right":"20","bottom":"20","left":"20","isLinked":false}},"elements":[{"id":"60370dcb","settings":{"sidebar":"rhcustomsidebar"},"elements":[],"isInner":false,"widgetType":"sidebar","elType":"widget"}],"isInner":false,"elType":"column"}],"isInner":false,"elType":"section"},{"id":"448479a8","settings":{"background_background":"classic","background_color":"#0F001E","margin":{"unit":"px","top":"30","right":0,"bottom":"0","left":0,"isLinked":false},"layout":"full_width"},"elements":[{"id":"2ee8c498","settings":{"_column_size":100,"_inline_size":null},"elements":[{"id":"29ca2d30","settings":{"margin":{"unit":"px","top":"40","right":0,"bottom":"30","left":0,"isLinked":false}},"elements":[{"id":"4eea0b98","settings":{"_column_size":100,"_inline_size":null},"elements":[{"id":"2fcfe05a","settings":{"title":"How to get cashback?","title_color":"#FFFFFF","typography_typography":"custom","typography_font_size":{"unit":"px","size":40,"sizes":[]},"align":"center","_animation":"stuckFlipUpOpacity"},"elements":[],"isInner":false,"widgetType":"heading","elType":"widget"},{"id":"44ca8863","settings":{"style":"zigzag_tribal","width":{"unit":"px","size":300,"sizes":[]},"align":"center","text":"Divider","color":"#FFFFFF","_animation":"stuckFlipUpOpacity","_animation_delay":200},"elements":[],"isInner":false,"widgetType":"divider","elType":"widget"},{"id":"1170fa7","settings":{"title":"3 Easy Steps","header_size":"div","title_color":"#FFFFFF","typography_typography":"custom","typography_font_size":{"unit":"px","size":24,"sizes":[]},"align":"center","_animation":"stuckFlipUpOpacity","_animation_delay":400},"elements":[],"isInner":false,"widgetType":"heading","elType":"widget"}],"isInner":true,"elType":"column"}],"isInner":true,"elType":"section"},{"id":"4f4b08f8","settings":{"structure":"30","margin":{"unit":"px","top":"0","right":0,"bottom":"60","left":0,"isLinked":false}},"elements":[{"id":"91ebccf","settings":{"_column_size":33,"_inline_size":null,"align":"center"},"elements":[{"id":"3568b27d","settings":{"title":"1","title_color":"#FFFFFF","typography_typography":"custom","typography_font_size":{"unit":"px","size":60,"sizes":[]},"header_size":"div","align":"center","typography_font_weight":"bold","_margin":{"unit":"px","top":"20","right":"20","bottom":"44","left":"20","isLinked":false},"_background_background":"classic","_background_color":"#FF0000","_border_radius":{"unit":"%","top":"50","right":"50","bottom":"50","left":"50","isLinked":true},"_element_width":"auto","rh_parallax_circle":100,"_animation":"fade-in-fwd","animation_duration":"fast","_animation_delay":300},"elements":[],"isInner":false,"widgetType":"heading","elType":"widget"},{"id":"7f8e63bc","settings":{"html":"<svg xmlns=\"http:\/\/www.w3.org\/2000\/svg\" viewBox=\"0 0 114.96 49.88\"><defs><style>.cls-1{fill:url(#grad)}<\/style><linearGradient id=\"grad\" x1=\"50.23\" y1=\"32.62\" x2=\"51.23\" y2=\"32.62\" gradientTransform=\"matrix(-219.09 4.51 10.75 521.88 10898.96 -17230.62)\" gradientUnits=\"userSpaceOnUse\"><stop offset=\"0\" stop-color=\"#c4c4c4\" stop-opacity=\".9\"\/><stop offset=\"1\" stop-opacity=\"0.1\"\/><\/linearGradient><\/defs><path id=\"path0_fill\" data-name=\"path0 fill\" class=\"cls-1\" d=\"M78.25 18.11H2a2 2 0 0 0-2 2v9.24a2 2 0 0 0 2 2h76.25v16.53a2 2 0 0 0 3.18 1.61l32.71-23.91a2 2 0 0 0-.07-3.28L81.36.34A2 2 0 0 0 78.25 2z\"\/><\/svg>","_element_width":"initial","_element_custom_width":{"unit":"px","size":140,"sizes":[]},"_element_vertical_align":"center","_position":"absolute","_offset_orientation_h":"end","_offset_y":{"unit":"px","size":38,"sizes":[]}},"elements":[],"isInner":false,"widgetType":"html","elType":"widget"},{"id":"629a7a41","settings":{"title":"Register on Our site","header_size":"div","title_color":"#FFFFFF","typography_typography":"custom","typography_font_size":{"unit":"px","size":22,"sizes":[]},"align":"center","typography_font_weight":"normal","_animation":"stuckFlipUpOpacity"},"elements":[],"isInner":false,"widgetType":"heading","elType":"widget"},{"id":"3f922830","settings":{"title":"This is only 1 Minute","header_size":"div","title_color":"#E0E0E0","typography_typography":"custom","typography_font_size":{"unit":"px","size":15,"sizes":[]},"align":"center","typography_line_height":{"unit":"em","size":1.5,"sizes":[]},"_animation":"stuckFlipUpOpacity","_animation_delay":200},"elements":[],"isInner":false,"widgetType":"heading","elType":"widget"}],"isInner":true,"elType":"column"},{"id":"11b5e8ae","settings":{"_column_size":33,"_inline_size":null,"align":"center"},"elements":[{"id":"7c844965","settings":{"title":"2","title_color":"#FFFFFF","typography_typography":"custom","typography_font_size":{"unit":"px","size":60,"sizes":[]},"header_size":"div","align":"center","typography_font_weight":"bold","_margin":{"unit":"px","top":"20","right":"20","bottom":"44","left":"20","isLinked":false},"_background_background":"classic","_background_color":"#FF0000","_border_radius":{"unit":"%","top":"50","right":"50","bottom":"50","left":"50","isLinked":true},"_element_width":"auto","rh_parallax_circle":100,"_animation":"fade-in-fwd","animation_duration":"fast","_animation_delay":500},"elements":[],"isInner":false,"widgetType":"heading","elType":"widget"},{"id":"6f3bb3d6","settings":{"html":"<svg xmlns=\"http:\/\/www.w3.org\/2000\/svg\" viewBox=\"0 0 114.96 49.88\"><defs><style>.cls-1{fill:url(#grad)}<\/style><linearGradient id=\"grad\" x1=\"50.23\" y1=\"32.62\" x2=\"51.23\" y2=\"32.62\" gradientTransform=\"matrix(-219.09 4.51 10.75 521.88 10898.96 -17230.62)\" gradientUnits=\"userSpaceOnUse\"><stop offset=\"0\" stop-color=\"#c4c4c4\" stop-opacity=\".9\"\/><stop offset=\"1\" stop-opacity=\"0.1\"\/><\/linearGradient><\/defs><path id=\"path0_fill\" data-name=\"path0 fill\" class=\"cls-1\" d=\"M78.25 18.11H2a2 2 0 0 0-2 2v9.24a2 2 0 0 0 2 2h76.25v16.53a2 2 0 0 0 3.18 1.61l32.71-23.91a2 2 0 0 0-.07-3.28L81.36.34A2 2 0 0 0 78.25 2z\"\/><\/svg>","_element_width":"initial","_element_custom_width":{"unit":"px","size":140,"sizes":[]},"_element_vertical_align":"center","_position":"absolute","_offset_orientation_h":"end","_offset_y":{"unit":"px","size":38,"sizes":[]}},"elements":[],"isInner":false,"widgetType":"html","elType":"widget"},{"id":"5ba90124","settings":{"title":"Choose Offer and buy it","header_size":"div","title_color":"#FFFFFF","typography_typography":"custom","typography_font_size":{"unit":"px","size":22,"sizes":[]},"align":"center","typography_font_weight":"normal","_animation":"stuckFlipUpOpacity","_animation_delay":200},"elements":[],"isInner":false,"widgetType":"heading","elType":"widget"},{"id":"25ec9c15","settings":{"title":"You will get cashback points once<br>we approve your purchase","header_size":"div","title_color":"#E0E0E0","typography_typography":"custom","typography_font_size":{"unit":"px","size":15,"sizes":[]},"align":"center","typography_line_height":{"unit":"em","size":1.5,"sizes":[]},"_animation":"stuckFlipUpOpacity","_animation_delay":400},"elements":[],"isInner":false,"widgetType":"heading","elType":"widget"}],"isInner":true,"elType":"column"},{"id":"3db21592","settings":{"_column_size":33,"_inline_size":null,"align":"center"},"elements":[{"id":"6fb2ccca","settings":{"selected_icon":{"value":"rhicon rhi-check","library":"rhicons"},"primary_color":"#FFFFFF","_margin":{"unit":"px","top":"20","right":"20","bottom":"44","left":"20","isLinked":false},"_background_background":"classic","_background_color":"#23A455","_border_radius":{"unit":"%","top":"50","right":"50","bottom":"50","left":"50","isLinked":true},"_element_width":"auto","rh_parallax_circle":100,"_animation":"fade-in-fwd","animation_duration":"fast","_animation_delay":700},"elements":[],"isInner":false,"widgetType":"icon","elType":"widget"},{"id":"3dccb16a","settings":{"title":"Request money","header_size":"div","title_color":"#FFFFFF","typography_typography":"custom","typography_font_size":{"unit":"px","size":22,"sizes":[]},"align":"center","typography_font_weight":"normal","_animation":"stuckFlipUpOpacity","_animation_delay":600},"elements":[],"isInner":false,"widgetType":"heading","elType":"widget"},{"id":"53c5f355","settings":{"title":"Go to your profile and click on<br>request button","header_size":"div","title_color":"#E0E0E0","typography_typography":"custom","typography_font_size":{"unit":"px","size":15,"sizes":[]},"align":"center","typography_line_height":{"unit":"em","size":1.5,"sizes":[]},"_animation":"stuckFlipUpOpacity","_animation_delay":800},"elements":[],"isInner":false,"widgetType":"heading","elType":"widget"}],"isInner":true,"elType":"column"}],"isInner":true,"elType":"section"},{"id":"4df803c0","settings":{"image":{"url":"https:\/\/redeal.lookmetrics.co\/wp-content\/uploads\/2020\/01\/coins.png","id":980},"image_size":"full","_element_width":"auto","_position":"absolute","_offset_orientation_h":"end","_offset_x_end":{"size":0,"unit":"px"},"_offset_y":{"size":-131,"unit":"px"},"rh_parallax_el":"true","_offset_x_end_mobile":{"unit":"px","size":-238.1,"sizes":[]},"hide_tablet":"hidden-tablet","_animation":"none","_animation_delay":800},"elements":[],"isInner":false,"widgetType":"image","elType":"widget"},{"id":"77920497","settings":{"image":{"url":"https:\/\/redeal.lookmetrics.co\/wp-content\/uploads\/2020\/01\/coinalpha.png","id":979},"image_size":"full","_element_width":"auto","_position":"absolute","_offset_orientation_h":"end","_offset_x_end":{"size":110,"unit":"px"},"_offset_y":{"size":-65,"unit":"px"},"rh_parallax_el":"true","rh_parallax_el_speed":40,"rh_make_rotate":225,"_offset_x_end_mobile":{"unit":"px","size":-142.9,"sizes":[]},"_offset_x_end_tablet":{"size":-76.9,"unit":"px"},"_offset_y_tablet":{"size":-100,"unit":"px"},"_animation":"none","_animation_delay":500},"elements":[],"isInner":false,"widgetType":"image","elType":"widget"}],"isInner":false,"elType":"column"}],"isInner":false,"elType":"section"},{"id":"7f1963c9","settings":{"padding":{"unit":"px","top":"30","right":"0","bottom":"30","left":"0","isLinked":false}},"elements":[{"id":"77aa5296","settings":{"_column_size":100,"_inline_size":null,"space_between_widgets":0},"elements":[{"id":"29929e1a","settings":{"selected_icon":{"value":"rhicon rhi-crown","library":"rhicons"},"view":"stacked","primary_color":"#FF0000","secondary_color":"#FFCE00","size":{"unit":"px","size":30,"sizes":[]},"_animation":"fade-in-fwd","animation_duration":"fast"},"elements":[],"isInner":false,"widgetType":"icon","elType":"widget"},{"id":"54a173d4","settings":{"title":"TOP CASHBACK","header_size":"div","align":"center","title_color":"#FC0000","typography_typography":"custom","typography_font_size":{"unit":"px","size":28,"sizes":[]},"typography_font_weight":"bold","_margin":{"unit":"px","top":"10","right":"0","bottom":"0","left":"0","isLinked":false},"_animation":"stuckFlipUpOpacity","_animation_delay":200},"elements":[],"isInner":false,"widgetType":"heading","elType":"widget"},{"id":"5085b658","settings":{"title":"DEALS AND COUPONS","header_size":"div","align":"center","title_color":"#000000","typography_typography":"custom","typography_font_size":{"unit":"px","size":28,"sizes":[]},"typography_font_weight":"bold","_margin":{"unit":"px","top":"5","right":"0","bottom":"45","left":"0","isLinked":false},"_animation":"stuckFlipUpOpacity","_animation_delay":300},"elements":[],"isInner":false,"widgetType":"heading","elType":"widget"},{"id":"5dc31eb2","settings":{"cat":[],"cat_exclude":[],"tag":[],"tag_exclude":[],"ids":[],"tax_name":null,"tax_slug":null,"tax_slug_exclude":null,"disable_act":"1","price_meta":"2","_animation":"stuckMoveUpOpacity","_animation_delay":200},"elements":[],"isInner":false,"widgetType":"compactgrid_loop_mod","elType":"widget"}],"isInner":false,"elType":"column"}],"isInner":false,"elType":"section"},{"id":"3564345e","settings":{"background_background":"gradient","background_color":"#001680","background_color_b":"#FF0000","background_gradient_angle":{"unit":"deg","size":20,"sizes":[]},"background_overlay_background":"classic","background_overlay_image":{"url":"https:\/\/redeal.lookmetrics.co\/wp-content\/uploads\/2019\/12\/pr_pattern.png","id":471},"shape_divider_top_width":{"unit":"%","size":300,"sizes":[]},"shape_divider_top_height":{"unit":"px","size":102,"sizes":[]},"shape_divider_bottom":"opacity-fan","shape_divider_bottom_width":{"unit":"%","size":100,"sizes":[]},"shape_divider_bottom_height":{"unit":"px","size":44,"sizes":[]},"padding":{"unit":"px","top":"60","right":"0","bottom":"70","left":"0","isLinked":false}},"elements":[{"id":"790cf9ef","settings":{"_column_size":100,"_inline_size":null},"elements":[{"id":"2001d77","settings":{"title":"TOP 10 Shops","header_size":"h3","align":"center","title_color":"#FFFFFF","typography_typography":"custom","typography_font_size":{"unit":"px","size":29,"sizes":[]},"_animation":"stuckFlipUpOpacity"},"elements":[],"isInner":false,"widgetType":"heading","elType":"widget"},{"id":"2e4932b3","settings":{"width":{"unit":"%","size":43,"sizes":[]},"align":"center","look":"line_icon","text":"Divider","color":"#FFFFFF","gap":{"unit":"px","size":2,"sizes":[]},"primary_color":"#FFDC00","_animation":"stuckFlipUpOpacity","_animation_delay":200,"icon":{"value":"rhicon rhi-star-full","library":"rhicons"}},"elements":[],"isInner":false,"widgetType":"divider","elType":"widget"},{"id":"6dcb76a7","settings":{"taxonomy":"dealstore","child_of":null,"include":[],"wrapclass":"no_padding_wrap","rows":2,"_margin":{"unit":"px","top":"20","right":"0","bottom":"20","left":"0","isLinked":false},"_animation":"stuckMoveUpOpacity","_animation_delay":200},"elements":[],"isInner":false,"widgetType":"wpsm_tax_archive","elType":"widget"}],"isInner":false,"elType":"column"}],"isInner":false,"elType":"section"},{"id":"6035015f","settings":{"background_background":"classic","background_color":"#FFFFFF","padding":{"unit":"px","top":"30","right":"0","bottom":"30","left":"0","isLinked":false}},"elements":[{"id":"49602c3e","settings":{"_column_size":100,"_inline_size":null},"elements":[{"id":"5cb93a1c","settings":{"selected_icon":{"value":"rhicon rhi-window-restore","library":"rhicons"},"title_text":"How to use Coupons","description_text":"","position":"left","title_size":"div","primary_color":"#23A455","icon_size":{"unit":"px","size":33,"sizes":[]},"content_vertical_alignment":"middle","title_color":"#23A455","title_typography_typography":"custom","title_typography_font_size":{"unit":"px","size":20,"sizes":[]},"_animation":"stuckFlipUpOpacity"},"elements":[],"isInner":false,"widgetType":"icon-box","elType":"widget"},{"id":"2b1f9c2a","settings":{"text":"Divider","color":"rgba(122, 122, 122, 0.17)","gap":{"unit":"px","size":10,"sizes":[]}},"elements":[],"isInner":false,"widgetType":"divider","elType":"widget"},{"id":"4b2faa0b","settings":{"structure":"30"},"elements":[{"id":"2687494f","settings":{"_column_size":33,"_inline_size":null,"animation":"stuckMoveUpOpacity","animation_duration":"fast","animation_delay":300},"elements":[{"id":"368ef991","settings":{"editor":"<h4>Discount Code<\/h4><p>You will receive a code (eg AWESOME) that you must enter before you can complete your purchase (usually on the Cart screen or Payment screen) - the field for entering the discount code will be labeled \u201cDiscount Coupon\u201d, \u201cDiscount Code\u201d Promotional \u201d, etc. In some stores you will need to be logged in to be able to view this field.\u00a0<\/p>","text_color":"#54595F","typography_typography":"custom","typography_font_size":{"unit":"px","size":14,"sizes":[]},"typography_line_height":{"unit":"em","size":1.5,"sizes":[]}},"elements":[],"isInner":false,"widgetType":"text-editor","elType":"widget"}],"isInner":true,"elType":"column"},{"id":"7f6ce920","settings":{"_column_size":33,"_inline_size":null,"animation":"stuckMoveUpOpacity","animation_duration":"fast","animation_delay":500},"elements":[{"id":"185e83b7","settings":{"editor":"<h4>Discount Link<\/h4><p>In this case a code will not be required - the discount will be automatically applied to the products of the site, that is, the prices of the products will already appear with lower values. Stores may have 2 different behaviors: (A) some will show discounts on the value of products in the listing (may show \u201cfrom \/ by\u201d or show only the reduced price.<\/p>","text_color":"#54595F","typography_typography":"custom","typography_font_size":{"unit":"px","size":14,"sizes":[]},"typography_line_height":{"unit":"em","size":1.5,"sizes":[]}},"elements":[],"isInner":false,"widgetType":"text-editor","elType":"widget"}],"isInner":true,"elType":"column"},{"id":"55eca9c6","settings":{"_column_size":33,"_inline_size":null,"animation":"stuckMoveUpOpacity","animation_duration":"fast","animation_delay":800},"elements":[{"id":"472c3aaf","settings":{"editor":"<h4>Offers<\/h4><p>Redeal we also list the best deals that stores advertise every day. In such cases, our coupon will not always reduce prices further (which are already well reduced because of these discount actions).<\/p>","text_color":"#54595F","typography_typography":"custom","typography_font_size":{"unit":"px","size":14,"sizes":[]},"typography_line_height":{"unit":"em","size":1.5,"sizes":[]}},"elements":[],"isInner":false,"widgetType":"text-editor","elType":"widget"}],"isInner":true,"elType":"column"}],"isInner":true,"elType":"section"},{"id":"5c2bb417","settings":{"text":"Divider","color":"rgba(122, 122, 122, 0.17)","gap":{"unit":"px","size":10,"sizes":[]}},"elements":[],"isInner":false,"widgetType":"divider","elType":"widget"},{"id":"5e78dee","settings":{"selected_icon":{"value":"rhicon rhi-gem","library":"rhicons"},"title_text":"About Redeal Site","description_text":"","position":"left","title_size":"div","primary_color":"#23A455","icon_size":{"unit":"px","size":33,"sizes":[]},"content_vertical_alignment":"middle","title_color":"#23A455","title_typography_typography":"custom","title_typography_font_size":{"unit":"px","size":20,"sizes":[]},"_animation":"stuckFlipUpOpacity"},"elements":[],"isInner":false,"widgetType":"icon-box","elType":"widget"},{"id":"57a92aed","settings":{"editor":"<p>Read is a completely free site that offers discounts through coupons and offers from leading national and international online stores. Every time you make a purchase over the internet, we help you save money. As well? We deal with the best e-commerce companies and search the internet to find and offer exclusive coupons and special discounts at your favorite online stores.<\/p>","text_color":"#54595F","typography_typography":"custom","typography_font_size":{"unit":"px","size":14,"sizes":[]},"typography_line_height":{"unit":"em","size":1.5,"sizes":[]},"_animation":"stuckMoveUpOpacity","animation_duration":"fast","_animation_delay":200},"elements":[],"isInner":false,"widgetType":"text-editor","elType":"widget"}],"isInner":false,"elType":"column"}],"isInner":false,"elType":"section"}]}