{"version":"0.4","title":"Top search 3","type":"page","content":[{"id":"6ccd0b07","settings":{"layout":"full_width"},"elements":[{"id":"1055b32a","settings":{"_column_size":100,"background_background":"classic","background_color":"#4357c1","background_image":{"id":42,"url":"http:\/\/elementor.wpsoul.com\/wp-content\/uploads\/2019\/06\/bgsearch3.jpg"},"background_position":"bottom center","background_repeat":"no-repeat","padding":{"unit":"px","top":"55","right":"30","bottom":"140","left":"30","isLinked":false}},"elements":[{"id":"7d7353f7","settings":{"title":"Find your best software for your Business","header_size":"h1","align":"center","title_color":"#ffffff","typography_typography":"custom","typography_font_size":{"unit":"px","size":46,"sizes":[]},"typography_font_weight":"900","typography_line_height":{"unit":"px","size":52,"sizes":[]}},"elements":[],"isInner":false,"widgetType":"heading","elType":"widget"},{"id":"341a277a","settings":{"editor":"<p>Save your money. We gathered best app software<br \/>for your business. Search inside categories,<br \/>compare and choose the best app to make your company grow<br \/>and succeed.<\/p>","align":"center","text_color":"#ffffff","typography_typography":"custom","typography_font_size":{"unit":"px","size":18,"sizes":[]},"typography_line_height":{"unit":"px","size":22,"sizes":[]},"typography_font_weight":"300"},"elements":[],"isInner":false,"widgetType":"text-editor","elType":"widget"},{"id":"51e88fc2","settings":{"title":"What type of software are you looking for?","header_size":"h6","align":"center","title_color":"#ffffff","typography_typography":"custom","typography_font_size":{"unit":"px","size":22,"sizes":[]},"typography_font_weight":"700","typography_line_height":{"unit":"px","size":22,"sizes":[]}},"elements":[],"isInner":false,"widgetType":"heading","elType":"widget"},{"id":"6bf2bf93","settings":{"structure":"34"},"elements":[{"id":"491005d5","settings":{"_column_size":16,"_inline_size":null},"elements":[],"isInner":true,"elType":"column"},{"id":"260ab62e","settings":{"_column_size":66,"_inline_size":null},"elements":[{"id":"4587b17e","settings":[],"elements":[],"isInner":false,"widgetType":"wpsm_searchbox","elType":"widget"}],"isInner":true,"elType":"column"},{"id":"2e43cfcf","settings":{"_column_size":16,"_inline_size":null},"elements":[],"isInner":true,"elType":"column"}],"isInner":true,"elType":"section"}],"isInner":false,"elType":"column"}],"isInner":false,"elType":"section"}]}