{"version":"0.4","title":"Top Full width Area","type":"section","content":[{"id":"7947f21e","settings":{"content_width":{"unit":"px","size":1200,"sizes":[]},"content_position":"bottom","overflow":"hidden","structure":"20","background_background":"classic","background_image":{"id":330,"url":"http:\/\/elementor.wpsoul.com\/wp-content\/uploads\/2019\/06\/colorbg.jpg"},"background_repeat":"no-repeat","background_size":"cover","padding":{"unit":"px","top":"60","right":"0","bottom":"0","left":"0","isLinked":false}},"elements":[{"id":"57a8db34","settings":{"_column_size":50,"_inline_size":null,"space_between_widgets":0},"elements":[{"id":"5b4cb8fa","settings":{"icon_list":[{"text":"Top Phones","icon":"rhicon rhi-star-full","_id":"7e4d1db","link":{"url":"","is_external":"","nofollow":""}}],"space_between":{"unit":"px","size":0,"sizes":[]},"icon_color":"#ff003f","icon_size":{"unit":"px","size":21,"sizes":[]},"text_indent":{"unit":"px","size":8,"sizes":[]},"icon_typography_typography":"custom","icon_typography_font_size":{"unit":"px","size":32,"sizes":[]},"icon_typography_line_height":{"unit":"em","size":1.5,"sizes":[]},"_margin":{"unit":"px","top":"0","right":"0","bottom":"0","left":"20","isLinked":false},"_padding":{"unit":"px","top":"0","right":"10","bottom":"0","left":"10","isLinked":false},"_animation":"fadeInDown","_background_background":"classic","_background_color":"#ffffff","_element_width":"auto","rh_perspective_boxshadow":"1"},"elements":[],"isInner":false,"widgetType":"icon-list","elType":"widget"},{"id":"4e558a81","settings":{"space":{"unit":"px","size":19,"sizes":[]}},"elements":[],"isInner":false,"widgetType":"spacer","elType":"widget"},{"id":"3bff93f1","settings":{"title":"With Good Camera","header_size":"h5","title_color":"#ff003f","typography_typography":"custom","typography_font_size":{"unit":"px","size":39,"sizes":[]},"_padding":{"unit":"px","top":"10","right":"10","bottom":"10","left":"10","isLinked":true},"_animation":"fadeInDown","_animation_delay":500,"_background_background":"classic","_background_color":"#ffffff","_element_width":"auto","rh_perspective_boxshadow":"1"},"elements":[],"isInner":false,"widgetType":"heading","elType":"widget"},{"id":"62d6dae","settings":{"space":{"unit":"px","size":19,"sizes":[]}},"elements":[],"isInner":false,"widgetType":"spacer","elType":"widget"},{"id":"cb285f4","settings":{"title":"Under $700 price","header_size":"h5","typography_typography":"custom","typography_font_size":{"unit":"px","size":31,"sizes":[]},"_margin":{"unit":"px","top":"0","right":"0","bottom":"0","left":"040","isLinked":false},"_padding":{"unit":"px","top":"10","right":"10","bottom":"10","left":"10","isLinked":true},"_animation":"fadeInDown","_animation_delay":1000,"_background_background":"classic","_background_color":"#ffffff","_element_width":"auto","rh_perspective_boxshadow":"1"},"elements":[],"isInner":false,"widgetType":"heading","elType":"widget"},{"id":"6ad766fe","settings":{"space":{"unit":"px","size":80,"sizes":[]}},"elements":[],"isInner":false,"widgetType":"spacer","elType":"widget"}],"isInner":false,"elType":"column"},{"id":"7e10f103","settings":{"_column_size":50,"_inline_size":null,"padding":{"unit":"px","top":"0","right":"0","bottom":"0","left":"0","isLinked":true}},"elements":[{"id":"7680fc90","settings":{"image":{"id":329,"url":"http:\/\/elementor.wpsoul.com\/wp-content\/uploads\/2019\/06\/moborg.png"},"image_size":"full","align":"left","css_filters_blur":{"unit":"px","size":3.2,"sizes":[]},"css_filters_brightness":{"unit":"px","size":140,"sizes":[]},"css_filters_contrast":{"unit":"px","size":106,"sizes":[]},"css_filters_saturate":{"unit":"px","size":121,"sizes":[]},"css_filters_hue":{"unit":"px","size":46,"sizes":[]},"image_box_shadow_box_shadow":{"horizontal":7,"vertical":-25,"blur":10,"spread":0,"color":"rgba(0,0,0,0.5)"},"_animation":"fadeInUp","_box_shadow_box_shadow":{"horizontal":21,"vertical":0,"blur":10,"spread":25,"color":"rgba(0,0,0,0.5)"},"_element_width":"auto"},"elements":[],"isInner":false,"widgetType":"image","elType":"widget"}],"isInner":false,"elType":"column"}],"isInner":false,"elType":"section"}]}