{"version":"0.4","title":"versus lines","type":"section","content":[{"id":"476d3692","settings":{"structure":"30"},"elements":[{"id":"676cc5e1","settings":{"_column_size":33,"_inline_size":20},"elements":[{"id":"7214de1f","settings":{"image":{"url":"http:\/\/elementor.wpsoul.com\/wp-content\/uploads\/2019\/06\/mavic.png","id":98},"image_size":"full","align":"center"},"elements":[],"isInner":false,"widgetType":"image","elType":"widget"},{"id":"5f34eb6e","settings":{"text":"CHOOSE OFFERS","link":{"url":"","is_external":"","nofollow":""},"align":"center","typography_font_size":{"unit":"px","size":26,"sizes":[]},"typography_font_weight":"bold","typography_line_height":{"unit":"px","size":15,"sizes":[]},"button_text_color":"#ffffff","background_color":"#f20800","border_radius":{"unit":"px","top":"5","right":"5","bottom":"5","left":"5","isLinked":true},"text_padding":{"unit":"px","top":"10","right":"10","bottom":"10","left":"10","isLinked":true}},"elements":[],"isInner":false,"widgetType":"button","elType":"widget"}],"isInner":false,"elType":"column"},{"id":"b48f9f6","settings":{"_column_size":33,"_inline_size":60,"space_between_widgets":0},"elements":[{"id":"dd3ce15","settings":{"heading":"Mavic PRO vs GoPro Karma Drone","secondcolumntype":"image","secondcolumnimg":{"id":96,"url":"http:\/\/elementor.wpsoul.com\/wp-content\/uploads\/2019\/06\/karma_icon.png"},"firstcolumnimg":{"url":"http:\/\/elementor.wpsoul.com\/wp-content\/uploads\/2019\/06\/mavic_icon.png","id":99},"subheading":"Versus subline","firstcolumntype":"image","firstcolumncont":"Value 1","secondcolumncont":"Value 2","thirdcolumncont":"Value 3","bg":"#f7f7f7"},"elements":[],"isInner":false,"widgetType":"wpsm_versus","elType":"widget"},{"id":"2b1d6841","settings":{"heading":"Smart obstacle avoidance","subheading":"Forward and Side","firstcolumntype":"tick","secondcolumntype":"times","firstcolumncont":"Value 1","secondcolumncont":"Value 2","thirdcolumncont":"Value 3"},"elements":[],"isInner":false,"widgetType":"wpsm_versus","elType":"widget"},{"id":"226bf513","settings":{"heading":"Smart flight modes","subheading":"For video and flight smart ways","firstcolumntype":"tick","secondcolumntype":"times","firstcolumncont":"Value 1","secondcolumncont":"Value 2","thirdcolumncont":"Value 3"},"elements":[],"isInner":false,"widgetType":"wpsm_versus","elType":"widget"},{"id":"11055f30","settings":{"heading":"Flight Time","subheading":"maximum time with cameras on board","firstcolumncont":"27","secondcolumncont":"20","secondcolumngrey":"yes","thirdcolumncont":"Value 3"},"elements":[],"isInner":false,"widgetType":"wpsm_versus","elType":"widget"},{"id":"70fbd98","settings":{"heading":"Remote Controller range","subheading":"Approximately in meters","firstcolumncont":"7000","secondcolumncont":"3000","secondcolumngrey":"yes","thirdcolumncont":"Value 3"},"elements":[],"isInner":false,"widgetType":"wpsm_versus","elType":"widget"},{"id":"283772d7","settings":{"heading":"Speed supported","subheading":"Speed in km\/h in sport mode","firstcolumncont":"62","secondcolumncont":"48","secondcolumngrey":"yes","thirdcolumncont":"Value 3"},"elements":[],"isInner":false,"widgetType":"wpsm_versus","elType":"widget"},{"id":"472c92","settings":{"heading":"Camera","subheading":"Camera resolution and fps","firstcolumncont":"4k 30 fps","secondcolumncont":"4k 60fps","firstcolumngrey":"yes","thirdcolumncont":"Value 3"},"elements":[],"isInner":false,"widgetType":"wpsm_versus","elType":"widget"}],"isInner":false,"elType":"column"},{"id":"6d2fa767","settings":{"_column_size":33,"_inline_size":19.999},"elements":[{"id":"a6b75bb","settings":{"image":{"url":"http:\/\/elementor.wpsoul.com\/wp-content\/uploads\/2019\/06\/karma-drone-main.png","id":97},"image_size":"full","align":"center"},"elements":[],"isInner":false,"widgetType":"image","elType":"widget"},{"id":"5679dced","settings":{"text":"CHOOSE OFFERS","link":{"url":"","is_external":"","nofollow":""},"align":"center","typography_font_size":{"unit":"px","size":26,"sizes":[]},"typography_font_weight":"bold","typography_line_height":{"unit":"px","size":15,"sizes":[]},"button_text_color":"#ffffff","background_color":"#f20800","border_radius":{"unit":"px","top":"5","right":"5","bottom":"5","left":"5","isLinked":true},"text_padding":{"unit":"px","top":"10","right":"10","bottom":"10","left":"10","isLinked":true}},"elements":[],"isInner":false,"widgetType":"button","elType":"widget"}],"isInner":false,"elType":"column"}],"isInner":false,"elType":"section"}]}