{"version":"0.4","title":"Mega menu with Discount","type":"section","content":[{"id":"6d21eb6f","settings":{"structure":"40","gap":"wide","background_background":"classic","background_color":"#14002b","background_color_b":"#9c1ca8","background_gradient_angle":{"unit":"deg","size":170,"sizes":[]}},"elements":[{"id":"13de5d7e","settings":{"_column_size":25,"_inline_size":null,"_inline_size_tablet":100},"elements":[{"id":"4c5c6563","settings":{"title":"Men's Watches","header_size":"h5","title_color":"#ffffff"},"elements":[],"isInner":false,"widgetType":"heading","elType":"widget"},{"id":"625567c6","settings":{"icon_list":[{"text":"FingerPrint Watches","icon":"","_id":"610422d","link":{"url":"#","is_external":"","nofollow":""},"selected_icon":{"value":"","library":""}},{"text":"Unlocked Watches","icon":"","_id":"6c439e8","link":{"url":"","is_external":"","nofollow":""},"selected_icon":{"value":"","library":""}},{"text":"Smart Cell Phones","icon":"","_id":"9514df3","link":{"url":"","is_external":"","nofollow":""},"selected_icon":{"value":"","library":""}},{"text":"Best Watches","icon":"","_id":"00fd5df","link":{"url":"","is_external":"","nofollow":""},"selected_icon":{"value":"","library":""}},{"text":"Dual Sim watches","icon":"","_id":"39892b5","link":{"url":"","is_external":"","nofollow":""},"selected_icon":{"value":"","library":""}}],"space_between":{"unit":"px","size":1,"sizes":[]},"text_indent":{"unit":"px","size":0,"sizes":[]},"icon_typography_typography":"custom","icon_typography_font_size":{"unit":"px","size":14,"sizes":[]},"text_color":"#ffffff","text_color_hover":"#e5e5e5","icon_color":"#ffffff","icon_size":{"unit":"px","size":0,"sizes":[]}},"elements":[],"isInner":false,"widgetType":"icon-list","elType":"widget"},{"id":"676c705b","settings":{"space":{"unit":"px","size":10,"sizes":[]}},"elements":[],"isInner":false,"widgetType":"spacer","elType":"widget"},{"id":"5937276b","settings":{"title":"Fine Jewelry","header_size":"h5","title_color":"#ffffff"},"elements":[],"isInner":false,"widgetType":"heading","elType":"widget"},{"id":"f983a8a","settings":{"icon_list":[{"text":"FingerPrint Watches","icon":"","_id":"610422d","link":{"url":"#","is_external":"","nofollow":""},"selected_icon":{"value":"","library":""}},{"text":"Unlocked Watches","icon":"","_id":"6c439e8","link":{"url":"","is_external":"","nofollow":""},"selected_icon":{"value":"","library":""}},{"text":"Smart Cell Phones","icon":"","_id":"9514df3","link":{"url":"","is_external":"","nofollow":""},"selected_icon":{"value":"","library":""}},{"text":"Best Watches","icon":"","_id":"00fd5df","link":{"url":"","is_external":"","nofollow":""},"selected_icon":{"value":"","library":""}},{"text":"Dual Sim watches","icon":"","_id":"39892b5","link":{"url":"","is_external":"","nofollow":""},"selected_icon":{"value":"","library":""}}],"space_between":{"unit":"px","size":1,"sizes":[]},"text_indent":{"unit":"px","size":0,"sizes":[]},"icon_typography_typography":"custom","icon_typography_font_size":{"unit":"px","size":14,"sizes":[]},"text_color":"#ffffff","text_color_hover":"#e5e5e5","icon_color":"#ffffff","icon_size":{"unit":"px","size":0,"sizes":[]}},"elements":[],"isInner":false,"widgetType":"icon-list","elType":"widget"}],"isInner":false,"elType":"column"},{"id":"3bde5cf3","settings":{"_column_size":25,"_inline_size":null,"_inline_size_tablet":100},"elements":[{"id":"46e3c6d","settings":{"title":"Woman's Watches","header_size":"h5","title_color":"#ffffff"},"elements":[],"isInner":false,"widgetType":"heading","elType":"widget"},{"id":"25e73269","settings":{"icon_list":[{"text":"FingerPrint Watches","icon":"","_id":"610422d","link":{"url":"#","is_external":"","nofollow":""},"selected_icon":{"value":"","library":""}},{"text":"Unlocked Watches","icon":"","_id":"6c439e8","link":{"url":"","is_external":"","nofollow":""},"selected_icon":{"value":"","library":""}},{"text":"Smart Cell Phones","icon":"","_id":"9514df3","link":{"url":"","is_external":"","nofollow":""},"selected_icon":{"value":"","library":""}},{"text":"Best Watches","icon":"","_id":"00fd5df","link":{"url":"","is_external":"","nofollow":""},"selected_icon":{"value":"","library":""}},{"text":"Dual Sim watches","icon":"","_id":"39892b5","link":{"url":"","is_external":"","nofollow":""},"selected_icon":{"value":"","library":""}}],"space_between":{"unit":"px","size":1,"sizes":[]},"text_indent":{"unit":"px","size":0,"sizes":[]},"icon_typography_typography":"custom","icon_typography_font_size":{"unit":"px","size":14,"sizes":[]},"text_color":"#ffffff","text_color_hover":"#e5e5e5","icon_color":"#ffffff","icon_size":{"unit":"px","size":0,"sizes":[]}},"elements":[],"isInner":false,"widgetType":"icon-list","elType":"widget"},{"id":"3d4658f1","settings":{"space":{"unit":"px","size":10,"sizes":[]}},"elements":[],"isInner":false,"widgetType":"spacer","elType":"widget"},{"id":"30a8ba16","settings":{"title":"Fashion Jewerly","header_size":"h5","title_color":"#ffffff"},"elements":[],"isInner":false,"widgetType":"heading","elType":"widget"},{"id":"240002e8","settings":{"icon_list":[{"text":"FingerPrint Watches","icon":"","_id":"610422d","link":{"url":"#","is_external":"","nofollow":""},"selected_icon":{"value":"","library":""}},{"text":"Unlocked Watches","icon":"","_id":"6c439e8","link":{"url":"","is_external":"","nofollow":""},"selected_icon":{"value":"","library":""}},{"text":"Smart Cell Phones","icon":"","_id":"9514df3","link":{"url":"","is_external":"","nofollow":""},"selected_icon":{"value":"","library":""}},{"text":"Best Watches","icon":"","_id":"00fd5df","link":{"url":"","is_external":"","nofollow":""},"selected_icon":{"value":"","library":""}},{"text":"Dual Sim watches","icon":"","_id":"39892b5","link":{"url":"","is_external":"","nofollow":""},"selected_icon":{"value":"","library":""}}],"space_between":{"unit":"px","size":1,"sizes":[]},"text_indent":{"unit":"px","size":0,"sizes":[]},"icon_typography_typography":"custom","icon_typography_font_size":{"unit":"px","size":14,"sizes":[]},"text_color":"#ffffff","text_color_hover":"#e5e5e5","icon_color":"#ffffff","icon_size":{"unit":"px","size":0,"sizes":[]}},"elements":[],"isInner":false,"widgetType":"icon-list","elType":"widget"}],"isInner":false,"elType":"column"},{"id":"383bf251","settings":{"_column_size":25,"_inline_size":null,"_inline_size_tablet":100},"elements":[{"id":"6b20213c","settings":{"title":"Wedding Jewerly","header_size":"h5","title_color":"#ffffff"},"elements":[],"isInner":false,"widgetType":"heading","elType":"widget"},{"id":"58a8d313","settings":{"icon_list":[{"text":"FingerPrint Watches","icon":"","_id":"610422d","link":{"url":"#","is_external":"","nofollow":""},"selected_icon":{"value":"","library":""}},{"text":"Unlocked Watches","icon":"","_id":"6c439e8","link":{"url":"","is_external":"","nofollow":""},"selected_icon":{"value":"","library":""}},{"text":"Smart Cell Phones","icon":"","_id":"9514df3","link":{"url":"","is_external":"","nofollow":""},"selected_icon":{"value":"","library":""}},{"text":"Best Watches","icon":"","_id":"00fd5df","link":{"url":"","is_external":"","nofollow":""},"selected_icon":{"value":"","library":""}},{"text":"Dual Sim watches","icon":"","_id":"39892b5","link":{"url":"","is_external":"","nofollow":""},"selected_icon":{"value":"","library":""}}],"space_between":{"unit":"px","size":1,"sizes":[]},"text_indent":{"unit":"px","size":0,"sizes":[]},"icon_typography_typography":"custom","icon_typography_font_size":{"unit":"px","size":14,"sizes":[]},"text_color":"#ffffff","text_color_hover":"#e5e5e5","icon_color":"#ffffff","icon_size":{"unit":"px","size":0,"sizes":[]}},"elements":[],"isInner":false,"widgetType":"icon-list","elType":"widget"},{"id":"2bbb4c79","settings":{"space":{"unit":"px","size":10,"sizes":[]}},"elements":[],"isInner":false,"widgetType":"spacer","elType":"widget"},{"id":"1a8e7c5f","settings":{"title":"More Watches","header_size":"h5","title_color":"#ffffff"},"elements":[],"isInner":false,"widgetType":"heading","elType":"widget"},{"id":"4fb0f055","settings":{"icon_list":[{"text":"FingerPrint Watches","icon":"","_id":"610422d","link":{"url":"#","is_external":"","nofollow":""},"selected_icon":{"value":"","library":""}},{"text":"Unlocked Watches","icon":"","_id":"6c439e8","link":{"url":"","is_external":"","nofollow":""},"selected_icon":{"value":"","library":""}},{"text":"Smart Cell Phones","icon":"","_id":"9514df3","link":{"url":"","is_external":"","nofollow":""},"selected_icon":{"value":"","library":""}},{"text":"Best Watches","icon":"","_id":"00fd5df","link":{"url":"","is_external":"","nofollow":""},"selected_icon":{"value":"","library":""}},{"text":"Dual Sim watches","icon":"","_id":"39892b5","link":{"url":"","is_external":"","nofollow":""},"selected_icon":{"value":"","library":""}}],"space_between":{"unit":"px","size":1,"sizes":[]},"text_indent":{"unit":"px","size":0,"sizes":[]},"icon_typography_typography":"custom","icon_typography_font_size":{"unit":"px","size":14,"sizes":[]},"text_color":"#ffffff","text_color_hover":"#e5e5e5","icon_color":"#ffffff","icon_size":{"unit":"px","size":0,"sizes":[]}},"elements":[],"isInner":false,"widgetType":"icon-list","elType":"widget"}],"isInner":false,"elType":"column"},{"id":"f6a4b97","settings":{"_column_size":25,"_inline_size":null,"_inline_size_tablet":100,"content_position":"center","background_background":"gradient","background_color":"#0200a0","background_gradient_angle":{"unit":"deg","size":130,"sizes":[]},"background_hover_background":"gradient","background_hover_color":"#4054b2","background_hover_color_b":"#ba1f4b","background_hover_transition":{"unit":"px","size":0.6,"sizes":[]},"space_between_widgets":0},"elements":[{"id":"47d17d64","settings":{"title":"33%","header_size":"h6","align":"center","title_color":"#ff0044","typography_typography":"custom","typography_font_size":{"unit":"px","size":85,"sizes":[]},"typography_line_height":{"unit":"em","size":1,"sizes":[]}},"elements":[],"isInner":false,"widgetType":"heading","elType":"widget"},{"id":"ba2c45e","settings":{"title":"Discount","header_size":"h6","align":"center","title_color":"#ffffff","typography_typography":"custom","typography_font_size":{"unit":"px","size":28,"sizes":[]},"typography_text_transform":"uppercase","typography_letter_spacing":{"unit":"px","size":2,"sizes":[]}},"elements":[],"isInner":false,"widgetType":"heading","elType":"widget"},{"id":"7d419e0d","settings":{"title":"For All Purchases<br> Above $1000<br>","header_size":"div","align":"center","title_color":"#ffffff","typography_typography":"custom","typography_font_size":{"unit":"px","size":13,"sizes":[]},"typography_line_height":{"unit":"em","size":1.2,"sizes":[]},"_margin":{"unit":"px","top":"20","right":"0","bottom":"0","left":"0","isLinked":false}},"elements":[],"isInner":false,"widgetType":"heading","elType":"widget"}],"isInner":false,"elType":"column"}],"isInner":false,"elType":"section"}]}