{"version":"0.4","title":"3 column price table","type":"page","content":[{"id":"3fab3520","settings":{"layout":"full_width","content_width":{"unit":"px","size":790,"sizes":[]},"structure":"30"},"elements":[{"id":"462c0662","settings":{"_column_size":33,"_inline_size":null,"padding":{"unit":"px","top":"20","right":"20","bottom":"20","left":"20","isLinked":true}},"elements":[{"id":"22040d4e","settings":{"image":{"id":8,"url":"http:\/\/elementor.wpsoul.com\/wp-content\/uploads\/2019\/06\/rocket.png"},"image_size":"full","image_custom_dimension":{"width":"230","height":"161"},"align":"center","_margin":{"unit":"px","top":"0","right":"0","bottom":"0","left":"0","isLinked":false}},"elements":[],"isInner":false,"widgetType":"image","elType":"widget"},{"id":"6867e769","settings":{"title":"FREE ACCOUNT","header_size":"h3","align":"center","title_color":"#111111","typography_typography":"custom","typography_font_family":"Roboto","typography_font_size":{"unit":"px","size":22,"sizes":[]},"typography_font_weight":"700"},"elements":[],"isInner":false,"widgetType":"heading","elType":"widget"},{"id":"4d69db0f","settings":{"editor":"<p class=\"vc_custom_heading fontnormal\">Private messages<br \/>Follow users<br \/>Wishlists<br \/>Point gathering<\/p>","align":"center","text_color":"#8c8c8c","typography_typography":"custom","typography_font_size":{"unit":"px","size":17,"sizes":[]},"typography_font_weight":"normal","typography_line_height":{"unit":"px","size":25,"sizes":[]}},"elements":[],"isInner":false,"widgetType":"text-editor","elType":"widget"},{"id":"704b148b","settings":{"space":{"unit":"px","size":18,"sizes":[]}},"elements":[],"isInner":false,"widgetType":"spacer","elType":"widget"},{"id":"6e1fdc6b","settings":{"title":"$0","header_size":"h3","align":"center","title_color":"#111111","typography_typography":"custom","typography_font_family":"Roboto","typography_font_size":{"unit":"px","size":70,"sizes":[]},"typography_font_weight":"700","typography_line_height":{"unit":"px","size":70,"sizes":[]}},"elements":[],"isInner":false,"widgetType":"heading","elType":"widget"},{"id":"12c3116f","settings":{"space":{"unit":"px","size":18,"sizes":[]}},"elements":[],"isInner":false,"widgetType":"spacer","elType":"widget"},{"id":"406a2bf4","settings":{"text":"FREE SIGNUP","link":{"url":"","is_external":"on","nofollow":""},"align":"center","size":"md","typography_font_size":{"unit":"px","size":12,"sizes":[]},"typography_font_weight":"bold","typography_line_height":{"unit":"px","size":15,"sizes":[]},"button_text_color":"#111111","background_color":"rgba(104,104,104,0.2)","hover_color":"#0c0c0c","button_background_hover_color":"rgba(58,58,58,0.26)","border_color":"rgba(0,0,0,0)","border_radius":{"unit":"px","top":"50","right":"50","bottom":"50","left":"50","isLinked":true},"_border_radius":{"unit":"px","top":"14","right":"14","bottom":"14","left":"14","isLinked":true}},"elements":[],"isInner":false,"widgetType":"button","elType":"widget"},{"id":"59a07cf5","settings":{"space":{"unit":"px","size":30,"sizes":[]}},"elements":[],"isInner":false,"widgetType":"spacer","elType":"widget"}],"isInner":false,"elType":"column"},{"id":"1376c437","settings":{"_column_size":33,"_inline_size":null,"background_background":"gradient","background_color":"#dd1b02","background_color_b":"#dd1b02","padding":{"unit":"px","top":"20","right":"20","bottom":"20","left":"20","isLinked":true}},"elements":[{"id":"1a143399","settings":{"image":{"id":11,"url":"http:\/\/elementor.wpsoul.com\/wp-content\/uploads\/2019\/06\/crown-300x209.png"},"image_size":"full","image_custom_dimension":{"width":"230","height":"161"},"align":"center","_margin":{"unit":"px","top":"15","right":"0","bottom":"15","left":"0","isLinked":false}},"elements":[],"isInner":false,"widgetType":"image","elType":"widget"},{"id":"69dbf63a","settings":{"title":"PRO ACCOUNT","header_size":"h3","align":"center","title_color":"#ffffff","typography_typography":"custom","typography_font_family":"Roboto","typography_font_size":{"unit":"px","size":25,"sizes":[]},"typography_font_weight":"700"},"elements":[],"isInner":false,"widgetType":"heading","elType":"widget"},{"id":"299f5c91","settings":{"editor":"<p class=\"vc_custom_heading fontnormal\">Ulimited products<br \/>Unlimited projects<br \/>Extended Business Profile<br \/>Seo settings, phone<br \/>Social links in profile<\/p>","align":"center","text_color":"#ffffff","typography_typography":"custom","typography_font_size":{"unit":"px","size":17,"sizes":[]},"typography_font_weight":"normal","typography_line_height":{"unit":"px","size":25,"sizes":[]}},"elements":[],"isInner":false,"widgetType":"text-editor","elType":"widget"},{"id":"1c96d6b3","settings":{"space":{"unit":"px","size":18,"sizes":[]}},"elements":[],"isInner":false,"widgetType":"spacer","elType":"widget"},{"id":"77798188","settings":{"title":"$12","align":"center","title_color":"#ffffff","typography_typography":"custom","typography_font_family":"Roboto","typography_font_size":{"unit":"px","size":74,"sizes":[]},"typography_font_weight":"700","typography_line_height":{"unit":"px","size":70,"sizes":[]}},"elements":[],"isInner":false,"widgetType":"heading","elType":"widget"},{"id":"37043d10","settings":{"space":{"unit":"px","size":18,"sizes":[]}},"elements":[],"isInner":false,"widgetType":"spacer","elType":"widget"},{"id":"14e0e08d","settings":{"text":"PRO SIGNUP","align":"center","icon_indent":{"unit":"px","size":11,"sizes":[]},"typography_line_height":{"unit":"px","size":30,"sizes":[]},"background_color":"#27d608","border_color":"rgba(0,0,0,0.01)","border_radius":{"unit":"px","top":"50","right":"50","bottom":"50","left":"50","isLinked":true},"link":{"url":"","is_external":"","nofollow":""},"size":"lg","button_text_color":"#ffffff"},"elements":[],"isInner":false,"widgetType":"button","elType":"widget"},{"id":"7a49ac01","settings":{"space":{"unit":"px","size":30,"sizes":[]}},"elements":[],"isInner":false,"widgetType":"spacer","elType":"widget"}],"isInner":false,"elType":"column"},{"id":"179a204","settings":{"_column_size":33,"_inline_size":null,"padding":{"unit":"px","top":"20","right":"20","bottom":"20","left":"20","isLinked":true}},"elements":[{"id":"11a125cf","settings":{"image":{"id":13,"url":"http:\/\/elementor.wpsoul.com\/wp-content\/uploads\/2019\/06\/punch-300x209.png"},"image_size":"full","image_custom_dimension":{"width":"230","height":"161"},"align":"center","_margin":{"unit":"px","top":"0","right":"0","bottom":"0","left":"0","isLinked":false}},"elements":[],"isInner":false,"widgetType":"image","elType":"widget"},{"id":"1434536a","settings":{"title":"STARTER KIT","align":"center","title_color":"#111111","typography_typography":"custom","typography_font_family":"Roboto","typography_font_size":{"unit":"px","size":22,"sizes":[]},"typography_font_weight":"700"},"elements":[],"isInner":false,"widgetType":"heading","elType":"widget"},{"id":"ccb4b59","settings":{"editor":"<p class=\"vc_custom_heading fontnormal\">All free features +<br \/>Allowed to submit 10 products<br \/>Allowed to submit 10 projects<br \/>Extended Business profile<\/p>","align":"center","text_color":"#8c8c8c","typography_typography":"custom","typography_font_size":{"unit":"px","size":17,"sizes":[]},"typography_font_weight":"normal","typography_line_height":{"unit":"px","size":25,"sizes":[]}},"elements":[],"isInner":false,"widgetType":"text-editor","elType":"widget"},{"id":"6bee5364","settings":{"space":{"unit":"px","size":18,"sizes":[]}},"elements":[],"isInner":false,"widgetType":"spacer","elType":"widget"},{"id":"73e8e868","settings":{"title":"$19","header_size":"h3","align":"center","title_color":"#111111","typography_typography":"custom","typography_font_family":"Roboto","typography_font_size":{"unit":"px","size":70,"sizes":[]},"typography_font_weight":"700","typography_line_height":{"unit":"px","size":70,"sizes":[]}},"elements":[],"isInner":false,"widgetType":"heading","elType":"widget"},{"id":"47b0a926","settings":{"space":{"unit":"px","size":18,"sizes":[]}},"elements":[],"isInner":false,"widgetType":"spacer","elType":"widget"},{"id":"1a9b392e","settings":{"text":"EXPERT SIGNUP","align":"center","size":"md","typography_line_height":{"unit":"px","size":25,"sizes":[]},"button_text_color":"#595959","background_color":"#d7d7d7","hover_color":"#444444","button_background_hover_color":"rgba(102,102,102,0.47)","border_color":"rgba(0,0,0,0)","border_radius":{"unit":"px","top":"49","right":"49","bottom":"49","left":"49","isLinked":true}},"elements":[],"isInner":false,"widgetType":"button","elType":"widget"},{"id":"538a2694","settings":{"space":{"unit":"px","size":30,"sizes":[]}},"elements":[],"isInner":false,"widgetType":"spacer","elType":"widget"}],"isInner":false,"elType":"column"}],"isInner":false,"elType":"section"}]}