{"version":"0.4","title":"Testimonial","type":"section","content":[{"id":"290fe904","settings":{"background_background":"gradient","background_color":"#880fc4","background_color_b":"#1d39f2","background_gradient_angle":{"unit":"deg","size":90,"sizes":[]},"stretch_section":"section-stretched","content_position":"middle","padding":{"unit":"px","top":"50","right":"0","bottom":"60","left":"0","isLinked":false},"margin":{"unit":"px","top":"0","right":0,"bottom":"30","left":0,"isLinked":false},"margin_mobile":{"unit":"px","top":"","right":0,"bottom":"","left":0,"isLinked":true}},"elements":[{"id":"485683b0","settings":{"_column_size":100,"_inline_size":null,"space_between_widgets":10},"elements":[{"id":"2531a82d","settings":{"title":"Our happy customer's reviews","title_color":"#ffffff","typography_typography":"custom","typography_font_size":{"unit":"px","size":30,"sizes":[]},"typography_line_height":{"unit":"px","size":30,"sizes":[]},"header_size":"div","align_mobile":"center","typography_font_weight":"bold","align":"center","_animation":"fadeInUp","animation_duration":"fast"},"elements":[],"isInner":false,"widgetType":"heading","elType":"widget"},{"id":"77737b24","settings":{"title":"Check what other think about Us","title_color":"#e5e5e5","typography_typography":"custom","typography_font_size":{"unit":"px","size":16,"sizes":[]},"typography_line_height":{"unit":"px","size":20,"sizes":[]},"header_size":"div","align_mobile":"center","typography_font_weight":"normal","align":"center","_animation":"fadeInUp","_animation_delay":200},"elements":[],"isInner":false,"widgetType":"heading","elType":"widget"},{"id":"7e4640a8","settings":{"structure":"30","padding":{"unit":"px","top":"35","right":"0","bottom":"0","left":"0","isLinked":false},"padding_tablet":{"unit":"px","top":"15","right":"0","bottom":"0","left":"0","isLinked":false},"margin":{"unit":"px","top":"50","right":0,"bottom":"0","left":0,"isLinked":false},"z_index":2},"elements":[{"id":"7aa2bfb5","settings":{"_column_size":33,"_inline_size":null,"border_width":{"unit":"px","top":"1","right":"1","bottom":"1","left":"1","isLinked":true},"border_radius":{"unit":"px","top":"5","right":"5","bottom":"5","left":"5","isLinked":true},"margin":{"unit":"px","top":"0","right":"16","bottom":"0","left":"0","isLinked":false},"padding":{"unit":"px","top":"60","right":"35","bottom":"35","left":"35","isLinked":false},"box_shadow_box_shadow_type":"yes","box_shadow_box_shadow":{"horizontal":0,"vertical":0,"blur":25,"spread":0,"color":"rgba(0,0,0,0.15)"},"box_shadow_hover_box_shadow_type":"yes","box_shadow_hover_box_shadow":{"horizontal":0,"vertical":0,"blur":55,"spread":0,"color":"rgba(0,0,0,0.31)"},"margin_mobile":{"unit":"px","top":"0","right":"0","bottom":"60","left":"0","isLinked":false},"background_background":"classic","background_color":"rgba(255,255,255,0.18)","animation":"flip-r-r-s","animation_duration":"fast","animation_delay":100},"elements":[{"id":"5ffff13c","settings":{"testimonial_content":"Lorem ipsum dolor sit amet, consectetur adipiscing elit. Ut elit tellus, luctus nec ullamcorper mattis, pulvinar dapibus leo.","testimonial_image":{"url":"","id":""},"testimonial_name":"Adam Sendler","testimonial_job":"Designer","testimonial_alignment":"left","content_content_color":"#ffffff","content_typography_typography":"custom","content_typography_font_size":{"unit":"px","size":16},"content_typography_font_weight":"300","content_typography_line_height":{"unit":"em","size":1.8},"image_size":{"unit":"px","size":55},"name_text_color":"#ffffff","name_typography_typography":"custom","name_typography_font_size":{"unit":"px","size":20},"job_text_color":"#bfbfbf","job_typography_typography":"custom","job_typography_font_size":{"unit":"px","size":15},"job_typography_font_weight":"300","name_typography_font_size_tablet":{"unit":"px","size":18},"_z_index":2},"elements":[],"isInner":false,"widgetType":"testimonial","elType":"widget"},{"id":"147a511f","settings":{"selected_icon":{"value":"rhicon rhi-quote-left","library":"fa-solid"},"primary_color":"rgba(252,234,176,0.45)","_z_index":1,"_element_width":"auto","_position":"absolute","_offset_orientation_h":"end","_offset_orientation_v":"end","_offset_y_end":{"unit":"px","size":10,"sizes":[]}},"elements":[],"isInner":false,"widgetType":"icon","elType":"widget"},{"id":"2aa2430","settings":{"image":{"id":452,"url":"http:\/\/elementor.wpsoul.com\/wp-content\/uploads\/2019\/07\/user1-100x100.png"},"image_size":"full","_element_width":"auto","_position":"absolute","_offset_y":{"unit":"px","size":-100,"sizes":[]},"_offset_y_end":{"unit":"px","size":24,"sizes":[]},"image_border_border":"solid","image_border_width":{"unit":"px","top":"2","right":"2","bottom":"2","left":"2","isLinked":true},"image_border_color":"#ffffff","image_border_radius":{"unit":"%","top":"50","right":"50","bottom":"50","left":"50","isLinked":true},"image_box_shadow_box_shadow_type":"yes"},"elements":[],"isInner":false,"widgetType":"image","elType":"widget"}],"isInner":true,"elType":"column"},{"id":"296f8262","settings":{"_column_size":33,"_inline_size":null,"border_width":{"unit":"px","top":"1","right":"1","bottom":"1","left":"1","isLinked":true},"border_radius":{"unit":"px","top":"5","right":"5","bottom":"5","left":"5","isLinked":true},"margin":{"unit":"px","top":"0","right":"16","bottom":"0","left":"0","isLinked":false},"padding":{"unit":"px","top":"60","right":"35","bottom":"35","left":"35","isLinked":false},"box_shadow_box_shadow_type":"yes","box_shadow_box_shadow":{"horizontal":0,"vertical":0,"blur":25,"spread":0,"color":"rgba(0,0,0,0.15)"},"box_shadow_hover_box_shadow_type":"yes","box_shadow_hover_box_shadow":{"horizontal":0,"vertical":0,"blur":55,"spread":0,"color":"rgba(0,0,0,0.31)"},"margin_mobile":{"unit":"px","top":"0","right":"0","bottom":"60","left":"0","isLinked":false},"background_background":"classic","background_color":"rgba(255,255,255,0.18)","animation":"flip-r-r-s","animation_delay":300},"elements":[{"id":"61f88a39","settings":{"testimonial_content":"Lorem ipsum dolor sit amet, consectetur adipiscing elit. Ut elit tellus, luctus nec ullamcorper mattis, pulvinar dapibus leo.","testimonial_image":{"url":"","id":""},"testimonial_name":"Oliver Snow","testimonial_job":"Digital Artist","testimonial_alignment":"left","content_content_color":"#ffffff","content_typography_typography":"custom","content_typography_font_size":{"unit":"px","size":16},"content_typography_font_weight":"300","content_typography_line_height":{"unit":"em","size":1.8},"image_size":{"unit":"px","size":55},"name_text_color":"#ffffff","name_typography_typography":"custom","name_typography_font_size":{"unit":"px","size":20},"job_text_color":"#bfbfbf","job_typography_typography":"custom","job_typography_font_size":{"unit":"px","size":15},"job_typography_font_weight":"300","name_typography_font_size_tablet":{"unit":"px","size":18},"_z_index":2},"elements":[],"isInner":false,"widgetType":"testimonial","elType":"widget"},{"id":"526d1260","settings":{"selected_icon":{"value":"rhicon rhi-quote-left","library":"fa-solid"},"primary_color":"rgba(252,234,176,0.45)","_z_index":1,"_element_width":"auto","_position":"absolute","_offset_orientation_h":"end","_offset_orientation_v":"end","_offset_y_end":{"unit":"px","size":10,"sizes":[]}},"elements":[],"isInner":false,"widgetType":"icon","elType":"widget"},{"id":"da10242","settings":{"image":{"id":453,"url":"http:\/\/elementor.wpsoul.com\/wp-content\/uploads\/2019\/07\/user2-100x100-e1563369345635.png"},"image_size":"full","_element_width":"auto","_position":"absolute","_offset_y":{"unit":"px","size":-100,"sizes":[]},"_offset_y_end":{"unit":"px","size":24,"sizes":[]},"image_border_border":"solid","image_border_width":{"unit":"px","top":"2","right":"2","bottom":"2","left":"2","isLinked":true},"image_border_color":"#ffffff","image_border_radius":{"unit":"%","top":"50","right":"50","bottom":"50","left":"50","isLinked":true},"image_box_shadow_box_shadow_type":"yes"},"elements":[],"isInner":false,"widgetType":"image","elType":"widget"}],"isInner":true,"elType":"column"},{"id":"6004665b","settings":{"_column_size":33,"_inline_size":null,"border_width":{"unit":"px","top":"1","right":"1","bottom":"1","left":"1","isLinked":true},"border_radius":{"unit":"px","top":"5","right":"5","bottom":"5","left":"5","isLinked":true},"margin":{"unit":"px","top":"0","right":"16","bottom":"0","left":"0","isLinked":false},"padding":{"unit":"px","top":"60","right":"35","bottom":"35","left":"35","isLinked":false},"box_shadow_box_shadow_type":"yes","box_shadow_box_shadow":{"horizontal":0,"vertical":0,"blur":25,"spread":0,"color":"rgba(0,0,0,0.15)"},"box_shadow_hover_box_shadow_type":"yes","box_shadow_hover_box_shadow":{"horizontal":0,"vertical":0,"blur":55,"spread":0,"color":"rgba(0,0,0,0.31)"},"margin_mobile":{"unit":"px","top":"0","right":"0","bottom":"0","left":"0","isLinked":true},"background_background":"classic","background_color":"rgba(255,255,255,0.18)","animation":"flip-r-r-s","animation_delay":500},"elements":[{"id":"330717fb","settings":{"testimonial_content":"Lorem ipsum dolor sit amet, consectetur adipiscing elit. Ut elit tellus, luctus nec ullamcorper mattis, pulvinar dapibus leo.","testimonial_image":{"url":"","id":""},"testimonial_name":"Katerina Bezobrazova","testimonial_job":"Marketing","testimonial_alignment":"left","content_content_color":"#ffffff","content_typography_typography":"custom","content_typography_font_size":{"unit":"px","size":16},"content_typography_font_weight":"300","content_typography_line_height":{"unit":"em","size":1.8},"image_size":{"unit":"px","size":55},"name_text_color":"#ffffff","name_typography_typography":"custom","name_typography_font_size":{"unit":"px","size":20},"job_text_color":"#bfbfbf","job_typography_typography":"custom","job_typography_font_size":{"unit":"px","size":15},"job_typography_font_weight":"300","name_typography_font_size_tablet":{"unit":"px","size":18},"_z_index":2},"elements":[],"isInner":false,"widgetType":"testimonial","elType":"widget"},{"id":"1d640c18","settings":{"selected_icon":{"value":"rhicon rhi-quote-left","library":"fa-solid"},"primary_color":"rgba(252,234,176,0.45)","_z_index":1,"_element_width":"auto","_position":"absolute","_offset_orientation_h":"end","_offset_orientation_v":"end","_offset_y_end":{"unit":"px","size":10,"sizes":[]}},"elements":[],"isInner":false,"widgetType":"icon","elType":"widget"},{"id":"290dce23","settings":{"image":{"id":454,"url":"http:\/\/elementor.wpsoul.com\/wp-content\/uploads\/2019\/07\/user3-100x100-e1563369363413.png"},"image_size":"full","_element_width":"auto","_position":"absolute","_offset_y":{"unit":"px","size":-100,"sizes":[]},"_offset_y_end":{"unit":"px","size":24,"sizes":[]},"image_border_border":"solid","image_border_width":{"unit":"px","top":"2","right":"2","bottom":"2","left":"2","isLinked":true},"image_border_color":"#ffffff","image_border_radius":{"unit":"%","top":"50","right":"50","bottom":"50","left":"50","isLinked":true},"image_box_shadow_box_shadow_type":"yes"},"elements":[],"isInner":false,"widgetType":"image","elType":"widget"}],"isInner":true,"elType":"column"}],"isInner":true,"elType":"section"}],"isInner":false,"elType":"column"}],"isInner":false,"elType":"section"}]}