{"version":"0.4","title":"Card grid","type":"section","content":[{"id":"21868ca9","settings":{"gap":"no","structure":"20","z_index":1},"elements":[{"id":"2a46452b","settings":{"_column_size":50,"_inline_size":null},"elements":[{"id":"615bd0dd","settings":{"structure":"20"},"elements":[{"id":"6f3ef7fa","settings":{"_column_size":50,"_inline_size":null,"padding":{"unit":"px","top":"10","right":"10","bottom":"10","left":"0","isLinked":false}},"elements":[{"id":"4073820","settings":{"title":"Tablets,<br>gadgets","subtitle":"","image_id":{"id":476,"url":"http:\/\/elementor.wpsoul.com\/wp-content\/uploads\/2019\/07\/tablets-1.jpg"},"height":130,"padding":20,"align":"right","overlay":"","maintitletypo_typography":"custom","maintitletypo_font_size":{"unit":"px","size":18,"sizes":[]},"subtitletypo_font_size":{"unit":"px","size":17,"sizes":[]},"colortext":"#0c0c0c","maintitletypo_font_weight":"normal"},"elements":[],"isInner":false,"widgetType":"wpsm_hover_banner","elType":"widget"}],"isInner":true,"elType":"column"},{"id":"488982b4","settings":{"_column_size":50,"_inline_size":null},"elements":[{"id":"6c2ccd55","settings":{"title":"Outdoors<br>and Nature","subtitle":"","image_id":{"id":477,"url":"http:\/\/elementor.wpsoul.com\/wp-content\/uploads\/2019\/07\/banner2-1.jpg"},"height":130,"padding":20,"align":"right","overlay":"","maintitletypo_typography":"custom","maintitletypo_font_size":{"unit":"px","size":18,"sizes":[]},"subtitletypo_font_size":{"unit":"px","size":17,"sizes":[]},"colortext":"#0c0c0c","maintitletypo_font_weight":"normal","_animation":"swing-in-top-fwd","_animation_delay":300},"elements":[],"isInner":false,"widgetType":"wpsm_hover_banner","elType":"widget"}],"isInner":true,"elType":"column"}],"isInner":true,"elType":"section"},{"id":"7992e522","settings":{"structure":"20"},"elements":[{"id":"baeb914","settings":{"_column_size":50,"_inline_size":null,"padding":{"unit":"px","top":"10","right":"10","bottom":"10","left":"0","isLinked":false}},"elements":[{"id":"6b51e483","settings":{"title":"Laptops,<br>computers","subtitle":"","image_id":{"id":478,"url":"http:\/\/elementor.wpsoul.com\/wp-content\/uploads\/2019\/07\/laptop-1.jpg"},"height":130,"padding":20,"align":"left","overlay":"","maintitletypo_typography":"custom","maintitletypo_font_size":{"unit":"px","size":18,"sizes":[]},"subtitletypo_font_size":{"unit":"px","size":17,"sizes":[]},"colortext":"#4575c1","maintitletypo_font_weight":"normal","_animation":"swing-in-top-fwd","_animation_delay":200},"elements":[],"isInner":false,"widgetType":"wpsm_hover_banner","elType":"widget"}],"isInner":true,"elType":"column"},{"id":"6298f7e2","settings":{"_column_size":50,"_inline_size":null},"elements":[{"id":"10950121","settings":{"title":"VR,TV<br>gameset","subtitle":"","image_id":{"id":479,"url":"http:\/\/elementor.wpsoul.com\/wp-content\/uploads\/2019\/07\/vr-1.jpg"},"height":130,"padding":20,"align":"right","overlay":"","maintitletypo_typography":"custom","maintitletypo_font_size":{"unit":"px","size":17,"sizes":[]},"subtitletypo_font_size":{"unit":"px","size":17,"sizes":[]},"colortext":"#302424","maintitletypo_font_weight":"normal","_animation":"swing-in-top-fwd"},"elements":[],"isInner":false,"widgetType":"wpsm_hover_banner","elType":"widget"}],"isInner":true,"elType":"column"}],"isInner":true,"elType":"section"}],"isInner":false,"elType":"column"},{"id":"8e1601a","settings":{"_column_size":50,"_inline_size":null},"elements":[{"id":"7e14f815","settings":{"structure":"20"},"elements":[{"id":"546e9cd4","settings":{"_column_size":50,"_inline_size":null},"elements":[{"id":"35199976","settings":{"title":"Watches,<br>Jewelry","subtitle":"","image_id":{"id":480,"url":"http:\/\/elementor.wpsoul.com\/wp-content\/uploads\/2019\/07\/watches-1.jpg"},"height":130,"padding":20,"align":"left","overlay":"","maintitletypo_typography":"custom","maintitletypo_font_size":{"unit":"px","size":17,"sizes":[]},"subtitletypo_font_size":{"unit":"px","size":17,"sizes":[]},"colortext":"#4575c1","maintitletypo_font_weight":"normal","_animation_delay":500},"elements":[],"isInner":false,"widgetType":"wpsm_hover_banner","elType":"widget"}],"isInner":true,"elType":"column"},{"id":"2278ef6b","settings":{"_column_size":50,"_inline_size":null},"elements":[{"id":"52804ff","settings":{"title":"Games,<br>consoles","subtitle":"","image_id":{"id":481,"url":"http:\/\/elementor.wpsoul.com\/wp-content\/uploads\/2019\/07\/games-1.jpg"},"height":130,"padding":20,"align":"right","overlay":"","maintitletypo_typography":"custom","maintitletypo_font_size":{"unit":"px","size":18,"sizes":[]},"subtitletypo_font_size":{"unit":"px","size":17,"sizes":[]},"maintitletypo_font_weight":"normal"},"elements":[],"isInner":false,"widgetType":"wpsm_hover_banner","elType":"widget"}],"isInner":true,"elType":"column"}],"isInner":true,"elType":"section"},{"id":"51576ef5","settings":{"structure":"20"},"elements":[{"id":"71928cce","settings":{"_column_size":50,"_inline_size":null},"elements":[{"id":"4fd0bfc","settings":{"title":"Phones<br>and gadgets","subtitle":"","image_id":{"id":482,"url":"http:\/\/elementor.wpsoul.com\/wp-content\/uploads\/2019\/07\/hw3-1.jpg"},"height":130,"padding":20,"align":"right","overlay":"","maintitletypo_typography":"custom","maintitletypo_font_size":{"unit":"px","size":21,"sizes":[]},"subtitletypo_font_size":{"unit":"px","size":17,"sizes":[]},"maintitletypo_font_weight":"normal","_animation":"swing-in-left-fwd","_animation_delay":200},"elements":[],"isInner":false,"widgetType":"wpsm_hover_banner","elType":"widget"}],"isInner":true,"elType":"column"},{"id":"1427f3c5","settings":{"_column_size":50,"_inline_size":null},"elements":[{"id":"6a629dac","settings":{"title":"Games,<br>consoles","subtitle":"","image_id":{"id":483,"url":"http:\/\/elementor.wpsoul.com\/wp-content\/uploads\/2019\/07\/maxresdefault.jpg"},"height":130,"padding":20,"align":"right","overlay":"","maintitletypo_typography":"custom","maintitletypo_font_size":{"unit":"px","size":18,"sizes":[]},"subtitletypo_font_size":{"unit":"px","size":17,"sizes":[]},"maintitletypo_font_weight":"normal"},"elements":[],"isInner":false,"widgetType":"wpsm_hover_banner","elType":"widget"}],"isInner":true,"elType":"column"}],"isInner":true,"elType":"section"}],"isInner":false,"elType":"column"}],"isInner":false,"elType":"section"}]}