{"version":"0.4","title":"Price Range Page","type":"page","content":[{"id":"236e3172","settings":{"content_width":{"unit":"px","size":1200,"sizes":[]},"padding":{"unit":"px","top":"100","right":"0","bottom":"100","left":"0","isLinked":false}},"elements":[{"id":"534aa8e5","settings":{"_column_size":100},"elements":[{"id":"74077d7","settings":{"z_index":1},"elements":[{"id":"19637cec","settings":{"_column_size":100,"_inline_size":null,"align":"center"},"elements":[{"id":"64ef4c0b","settings":{"title":"Save your money and time","typography_typography":"custom","typography_font_size":{"unit":"px","size":25,"sizes":[]},"typography_font_weight":"normal","align":"center"},"elements":[],"isInner":false,"widgetType":"heading","elType":"widget"},{"id":"5bbba556","settings":{"title":"Take best products under $150","title_color":"#f21800","typography_typography":"custom","typography_font_size":{"unit":"px","size":43,"sizes":[]},"typography_text_transform":"uppercase","align":"center"},"elements":[],"isInner":false,"widgetType":"heading","elType":"widget"},{"id":"3531d238","settings":{"title":"We found best products for you and you can use additional coupon","header_size":"div","title_color":"#a0a0a0","typography_font_weight":"normal","align":"center"},"elements":[],"isInner":false,"widgetType":"heading","elType":"widget"},{"id":"76e41d9b","settings":{"view":"inline","icon_list":[{"text":"AWESOME50COUPON","icon":"rhicon rhi-cut","_id":"2fd3f14","link":{"url":"","is_external":"","nofollow":""}}],"icon_color":"#d6d6d6","icon_size":{"unit":"px","size":22,"sizes":[]},"text_color":"#7360c9","icon_typography_typography":"custom","icon_typography_font_size":{"unit":"px","size":19,"sizes":[]},"_padding":{"unit":"px","top":"10","right":"10","bottom":"10","left":"10","isLinked":true},"_border_border":"dashed","_border_width":{"unit":"px","top":"1","right":"1","bottom":"1","left":"1","isLinked":true},"_border_color":"#7360c9","_element_width":"auto","rh_perspective_boxshadow":"1"},"elements":[],"isInner":false,"widgetType":"icon-list","elType":"widget"}],"isInner":true,"elType":"column"}],"isInner":true,"elType":"section"},{"id":"4537cc1c","settings":{"image":{"url":"http:\/\/recart.wpsoul.com\/wp-content\/uploads\/2019\/06\/bomb.png","id":593},"image_size":"full","_element_width":"auto","_position":"absolute","_offset_orientation_h":"end","_offset_x_end":{"unit":"px","size":-126.8,"sizes":[]},"_offset_y":{"unit":"px","size":-225,"sizes":[]},"width":{"unit":"%","size":59,"sizes":[]},"css_filters_blur":{"unit":"px","size":2.1,"sizes":[]},"image_box_shadow_box_shadow":{"horizontal":32,"vertical":0,"blur":10,"spread":0,"color":"rgba(0,0,0,0.5)"},"_animation":"fadeIn","_box_shadow_box_shadow":{"horizontal":35,"vertical":0,"blur":10,"spread":0,"color":"rgba(0,0,0,0.5)"},"rh_parallax_el":"true","rh_parallax_el_speed":50,"hide_tablet":"hidden-tablet","hide_mobile":"hidden-phone"},"elements":[],"isInner":false,"widgetType":"image","elType":"widget"},{"id":"1c50a0e8","settings":{"image":{"url":"http:\/\/recart.wpsoul.com\/wp-content\/uploads\/2019\/07\/golden.png","id":1051},"image_size":"full","_element_width":"auto","_position":"absolute","_offset_orientation_h":"end","_offset_x_end":{"unit":"px","size":1000,"sizes":[]},"_offset_y":{"unit":"px","size":137,"sizes":[]},"rh_infinite_rotate":"infinite","width":{"unit":"%","size":79,"sizes":[]},"css_filters_blur":{"unit":"px","size":2.1,"sizes":[]},"image_box_shadow_box_shadow":{"horizontal":32,"vertical":0,"blur":10,"spread":0,"color":"rgba(0,0,0,0.5)"},"_animation":"fadeIn","_box_shadow_box_shadow":{"horizontal":35,"vertical":0,"blur":10,"spread":0,"color":"rgba(0,0,0,0.5)"},"rh_parallax_el_speed":90},"elements":[],"isInner":false,"widgetType":"image","elType":"widget"},{"id":"6c0f975","settings":{"_z_index":1,"_background_background":"gradient","_background_color":"#f73d6c","_background_color_b":"#b21e43","_background_gradient_type":"radial","_border_radius":{"unit":"%","top":"50","right":"50","bottom":"50","left":"50","isLinked":true},"_element_width":"auto","_position":"absolute","_offset_x":{"unit":"px","size":39,"sizes":[]},"_offset_y":{"unit":"px","size":107,"sizes":[]},"rh_parallax_el_speed":40,"rh_infinite_updownright":"infinite","rh_perspective_boxshadow":"1","rh_parallax_circle":60,"_offset_x_tablet":{"size":40,"unit":"px"},"_offset_y_tablet":{"size":145.38,"unit":"px"},"hide_mobile":"hidden-phone"},"elements":[],"isInner":false,"widgetType":"spacer","elType":"widget"},{"id":"3ce96ffe","settings":{"html":"\r\n<svg width=\"1956\" height=\"1221\" version=\"1\" xmlns=\"http:\/\/www.w3.org\/2000\/svg\"><path d=\"M1246 1166c-171-99-301-105-491-51-35 10-73 22-113 36C171 1318-98 953 33 702c168-321 410 2 665-485C803 15 1181-42 1426 30c169 49 366 115 460 351 270 674-313 973-640 785z\" fill=\"#f7f2ff\" fill-rule=\"nonzero\"\/><\/svg>","_z_index":0,"_position":"absolute","_offset_orientation_h":"end","_offset_y":{"unit":"px","size":-419,"sizes":[]}},"elements":[],"isInner":false,"widgetType":"html","elType":"widget"}],"isInner":false,"elType":"column"}],"isInner":false,"elType":"section"},{"id":"2f78c511","settings":[],"elements":[{"id":"7b76aabf","settings":{"_column_size":100},"elements":[{"id":"1a929807","settings":{"cat":[],"tag":[],"ids":[],"user_id":null,"show":"10","columns":"5_col","gridtype":"compact","type":"sale","enable_pagination":"2","filterpanelenable":"yes","filterheading":"Best Deals Under $150","filterpanel":[{"filtertitle":"Show all","filtertype":"all","filtermetakey":"","filterpricerange":"","filterorderby":"","filtertaxkey":"","filtertaxtermslug":"","filtertaxcondition":"","filterorder":"DESC","filterdate":"all","_id":"ca4954e"},{"filtertitle":"Popular","filtertype":"meta","filtermetakey":"rehub_views","filterpricerange":"","filterorderby":"","filtertaxkey":"","filtertaxtermslug":"","filtertaxcondition":"","filterorder":"DESC","filterdate":"all","_id":"8c4d1af"},{"filtertitle":"Most Rated","filtertype":"meta","filtermetakey":"rehub_review_overall_score","filterpricerange":"","filterorderby":"","filtertaxkey":"","filtertaxtermslug":"","filtertaxcondition":"","filterorder":"DESC","filterdate":"all","_id":"b78ed76"},{"filtertitle":"Most Wished","filtertype":"meta","filtermetakey":"post_wish_count","filterpricerange":"","filterorderby":"","filtertaxkey":"","filtertaxtermslug":"","filtertaxcondition":"","filterorder":"DESC","filterdate":"all","_id":"1eca724"}],"taxdrop":null,"price_range":"0-150"},"elements":[],"isInner":false,"widgetType":"wpsm_woogrid","elType":"widget"}],"isInner":false,"elType":"column"}],"isInner":false,"elType":"section"}]}