{"version":"0.4","title":"Flat CTA banner","type":"section","content":[{"id":"daa6d52","settings":[],"elements":[{"id":"4b4b8df0","settings":{"_column_size":100},"elements":[{"id":"32859779","settings":{"content_position":"middle","structure":"20","border_border":"solid","border_width":{"unit":"px","top":"2","right":"2","bottom":"2","left":"2","isLinked":true},"border_color":"#f2f2f2","border_radius":{"unit":"px","top":"8","right":"8","bottom":"8","left":"8","isLinked":true},"padding":{"unit":"px","top":"25","right":"20","bottom":"25","left":"20","isLinked":false}},"elements":[{"id":"568c662","settings":{"_column_size":50,"_inline_size":null,"space_between_widgets":10},"elements":[{"id":"57672d45","settings":{"title":"Have Any Question for Us?","typography_typography":"custom","typography_font_size":{"unit":"px","size":25,"sizes":[]},"typography_line_height":{"unit":"px","size":31,"sizes":[]},"header_size":"div","align_mobile":"center","typography_font_weight":"bold","_margin":{"unit":"px","top":"0","right":"0","bottom":"0","left":"0","isLinked":false}},"elements":[],"isInner":false,"widgetType":"heading","elType":"widget"},{"id":"6f47c2e3","settings":{"title":"Ask them Now, click on Contact Button","title_color":"#9b9b9b","typography_typography":"custom","typography_font_size":{"unit":"px","size":16,"sizes":[]},"typography_line_height":{"unit":"px","size":22,"sizes":[]},"header_size":"div","align_mobile":"center","typography_font_weight":"normal"},"elements":[],"isInner":false,"widgetType":"heading","elType":"widget"}],"isInner":true,"elType":"column"},{"id":"6f7d30d8","settings":{"_column_size":50,"_inline_size":null},"elements":[{"id":"7d57a6f7","settings":{"text":"Ask Questions","align":"right","typography_font_size":{"unit":"px","size":20,"sizes":[]},"typography_font_weight":"normal","button_text_color":"#ffffff","button_background_hover_color":"#ff0000","border_radius":{"unit":"px","top":"100","right":"100","bottom":"100","left":"100","isLinked":true},"hover_color":"#ffffff","size":"md","background_color":"#00c9bc","hover_animation":"grow","button_box_shadow_box_shadow_type":"yes","button_box_shadow_box_shadow":{"horizontal":0,"vertical":8,"blur":22,"spread":0,"color":"rgba(83,232,214,0.5)"},"align_mobile":"center"},"elements":[],"isInner":false,"widgetType":"button","elType":"widget"}],"isInner":true,"elType":"column"}],"isInner":true,"elType":"section"}],"isInner":false,"elType":"column"}],"isInner":false,"elType":"section"}],"page_settings":{"hide_title":"yes","content_type":"full_post_area","_footer_disable":"1"}}