{"version":"0.4","title":"Divider with image","type":"section","content":[{"id":"23a2e1f","settings":{"layout":"full_width","content_width":{"unit":"px","size":1000},"gap":"no","custom_height":{"unit":"px","size":""},"content_position":"middle","structure":"20","padding_tablet":{"unit":"px","top":"0","right":"0","bottom":"100","left":"0","isLinked":false},"padding_mobile":{"unit":"px","top":"50","right":"0","bottom":"50","left":"0","isLinked":false},"margin":{"unit":"px","top":"0","right":0,"bottom":"30","left":0,"isLinked":false}},"elements":[{"id":"6410c00c","settings":{"_column_size":50,"_inline_size":47.403,"background_background":"classic","background_image":{"id":341,"url":"http:\/\/elementor.wpsoul.com\/wp-content\/uploads\/2019\/06\/explode.jpg"},"background_position":"center center","background_size":"cover","background_overlay_background":"classic","background_overlay_color":"#000000","margin":{"unit":"px","top":"0","right":"0","bottom":"0","left":"0","isLinked":true},"padding":{"unit":"px","top":"50","right":"50","bottom":"50","left":"50","isLinked":true},"_inline_size_tablet":100,"padding_mobile":{"unit":"px","top":"80","right":"30","bottom":"80","left":"30","isLinked":false},"background_attachment":"fixed"},"elements":[{"id":"164772f1","settings":{"title":"Astronomy<br>binoculars<br>is a great<br>alternative","align":"right","title_color":"#ffffff","typography_typography":"custom","typography_font_size":{"unit":"px","size":50},"typography_font_weight":"900","typography_font_size_tablet":{"unit":"px","size":45},"typography_font_size_mobile":{"unit":"px","size":40},"typography_line_height_tablet":{"unit":"px","size":55},"header_size":"h4","_padding_tablet":{"unit":"px","top":"0","right":"100","bottom":"0","left":"0","isLinked":false},"_animation":"zoomIn","align_mobile":"center","_padding_mobile":{"unit":"px","top":"0","right":"0","bottom":"0","left":"0","isLinked":true}},"elements":[],"isInner":false,"widgetType":"heading","elType":"widget"}],"isInner":false,"elType":"column"},{"id":"313f2fa7","settings":{"_column_size":50,"_inline_size":52.597,"padding":{"unit":"%","top":"0","right":"25","bottom":"0","left":"5","isLinked":false},"padding_tablet":{"unit":"px","top":"50","right":"25","bottom":"0","left":"25","isLinked":false},"padding_mobile":{"unit":"px","top":"25","right":"20","bottom":"0","left":"20","isLinked":false},"_inline_size_tablet":100},"elements":[{"id":"5d9c3164","settings":{"editor":"<p>Lorem Ipsum is simply dummy text of the printing and typesetting industry. Lorem Ipsum has been the industry's standard dummy text ever since the 1500s, when an unknown printer took a galley of type and scrambled it to\u00a0<\/p><p>Lorem Ipsum\u00a0is simply dummy text of the printing and typesetting industry. Lorem Ipsum has been the industry's standard dummy text ever since the 1500s, when an unknown printer took a galley of type and scrambled it to<\/p>","typography_font_size":{"unit":"px","size":16},"typography_font_weight":"600","typography_line_height":{"unit":"em","size":2},"text_columns":"1","column_gap":{"unit":"px","size":0,"sizes":[]},"_animation":"fadeInUp"},"elements":[],"isInner":false,"widgetType":"text-editor","elType":"widget"}],"isInner":false,"elType":"column"}],"isInner":false,"elType":"section"}]}