{"version":"0.4","title":"Locator","type":"page","content":[{"id":"16e9945b","settings":{"background_background":"classic","background_image":{"url":"https:\/\/retour.wpsoul.com\/wp-content\/uploads\/2019\/08\/willian-justen-de-vasconcellos-g_1mAmAAG0k-unsplash-e1565463541322.jpg","id":191},"background_repeat":"no-repeat","background_size":"cover","padding":{"unit":"px","top":"100","right":"0","bottom":"90","left":"0","isLinked":false},"background_overlay_background":"gradient","background_overlay_color":"#db3e00","background_overlay_color_b":"#00cdf2","background_overlay_gradient_angle":{"unit":"deg","size":120,"sizes":[]},"shape_divider_bottom":"mountains","shape_divider_bottom_width":{"unit":"%","size":148,"sizes":[]},"shape_divider_bottom_height":{"unit":"px","size":96,"sizes":[]}},"elements":[{"id":"205ae77","settings":{"_column_size":100,"padding":{"unit":"px","top":"25","right":"25","bottom":"25","left":"25","isLinked":true},"align":"center"},"elements":[{"id":"29255e5c","settings":{"title":"<b><i>Search Your<\/i><\/b> best Tour!","header_size":"div","title_color":"#ffffff","typography_typography":"custom","typography_font_size":{"unit":"px","size":55,"sizes":[]},"_margin":{"unit":"px","top":"0","right":"0","bottom":"10","left":"0","isLinked":false},"_animation":"stuckMoveUpOpacity","animation_duration":"fast","align":"center"},"elements":[],"isInner":false,"widgetType":"heading","elType":"widget"},{"id":"33857d49","settings":{"shortcode":"[gmw search_form=\"2\"]","_element_width":"auto"},"elements":[],"isInner":false,"widgetType":"shortcode","elType":"widget"}],"isInner":false,"elType":"column"}],"isInner":false,"elType":"section"},{"id":"1b5ea100","settings":{"margin":{"unit":"px","top":"-100","right":0,"bottom":"30","left":0,"isLinked":false}},"elements":[{"id":"1cd5e0d8","settings":{"_column_size":100},"elements":[{"id":"1c0621b4","settings":{"shortcode":"[gmw map=\"2\"]"},"elements":[],"isInner":false,"widgetType":"shortcode","elType":"widget"}],"isInner":false,"elType":"column"}],"isInner":false,"elType":"section"},{"id":"4b29fbe3","settings":[],"elements":[{"id":"bd84d9c","settings":{"_column_size":100},"elements":[{"id":"69bc21a9","settings":{"shortcode":"[gmw map=\"2\"]\n[gmw search_results=\"2\"]"},"elements":[],"isInner":false,"widgetType":"shortcode","elType":"widget"}],"isInner":false,"elType":"column"}],"isInner":false,"elType":"section"}]}