{"version":"0.4","title":"Homepage Recash","type":"page","content":[{"id":"4c75c8b6","settings":{"background_background":"classic","background_color":"#ffffff","border_border":"solid","border_width":{"unit":"px","top":"0","right":"0","bottom":"1","left":"0","isLinked":false},"border_color":"#dddddd","box_shadow_box_shadow_type":"yes","box_shadow_box_shadow":{"horizontal":0,"vertical":3,"blur":10,"spread":0,"color":"rgba(0,0,0,0.05)"},"margin":{"unit":"px","top":"0","right":0,"bottom":"30","left":0,"isLinked":false},"padding":{"unit":"px","top":"10","right":"0","bottom":"0","left":"0","isLinked":false}},"elements":[{"id":"e322e53","settings":{"_column_size":100},"elements":[{"id":"4cc3f857","settings":{"cat":[],"cat_exclude":[],"tag":[],"tag_exclude":[],"ids":[],"tax_name":null,"tax_slug":null,"tax_slug_exclude":null,"show":"12"},"elements":[],"isInner":false,"widgetType":"post_carousel_mod","elType":"widget"}],"isInner":false,"elType":"column"}],"isInner":false,"elType":"section"},{"id":"7936ec2f","settings":{"gap":"wide","structure":"22"},"elements":[{"id":"29e8283","settings":{"_column_size":66,"_inline_size":69.998,"_inline_size_tablet":100,"padding":{"unit":"px","top":"0","right":"0","bottom":"0","left":"0","isLinked":true}},"elements":[{"id":"5ac9a7d0","settings":{"cat":[],"cat_exclude":[],"tag":[],"tag_exclude":[],"ids":[],"tax_name":null,"tax_slug":null,"tax_slug_exclude":null,"show":"12","enable_pagination":"2","disable_btn":"1","filterpanelenable":"yes","taxdrop":"category","filterpanel":[{"filtertitle":"Show all","filtertype":"all","filtermetakey":"","filterpricerange":"","filterorderby":"","filtertaxkey":"","filtertaxtermslug":"","filtertaxcondition":"","filterorder":"DESC","filterdate":"all","_id":"dacc049"},{"filtertitle":"Most Hot","filtertype":"meta","filtermetakey":"post_hot_count","filterpricerange":"","filterorderby":"","filtertaxkey":"","filtertaxtermslug":"","filtertaxcondition":"","filterorder":"DESC","filterdate":"all","_id":"1c706a2"},{"filtertitle":"Popular","filtertype":"meta","filtermetakey":"rehub_views_mon","filterpricerange":"","filterorderby":"","filtertaxkey":"","filtertaxtermslug":"","filtertaxcondition":"","filterorder":"DESC","filterdate":"all","_id":"d472ee2"},{"filtertitle":"Most Discussed","filtertype":"comment","filtermetakey":"","filterpricerange":"","filterorderby":"","filtertaxkey":"","filtertaxtermslug":"","filtertaxcondition":"","filterorder":"DESC","filterdate":"all","_id":"9c3e9aa"}],"filterheadingcolor":"#ffffff","filterheadingcolorbg":"#0c0c0c","filterpanelbg":"#ffffff"},"elements":[],"isInner":false,"widgetType":"compactgrid_loop_mod","elType":"widget"}],"isInner":false,"elType":"column"},{"id":"46ae2874","settings":{"_column_size":33,"_inline_size":30,"_inline_size_tablet":100,"padding":{"unit":"px","top":"0","right":"20","bottom":"20","left":"20","isLinked":false}},"elements":[{"id":"3bdabc81","settings":{"sidebar":"rhsidebar"},"elements":[],"isInner":false,"widgetType":"sidebar","elType":"widget"}],"isInner":false,"elType":"column"}],"isInner":false,"elType":"section"}]}