{"version":"0.4","title":"Four Card Info Block","type":"section","content":[{"id":"2042c0b1","settings":{"content_position":"middle","structure":"20","background_background":"gradient","background_color":"#fff5f2","background_color_b":"#ffffff","shape_divider_top":"waves","shape_divider_top_width":{"unit":"%","size":106,"sizes":[]},"shape_divider_top_height":{"unit":"px","size":72,"sizes":[]},"padding":{"unit":"px","top":"100","right":"0","bottom":"100","left":"0","isLinked":false}},"elements":[{"id":"4ddfa64d","settings":{"_column_size":50,"_inline_size":null,"_inline_size_tablet":35,"space_between_widgets":0},"elements":[{"id":"47a61a24","settings":{"title":"Services","header_size":"h5","align":"left","title_color":"#9650e0","typography_typography":"custom","typography_font_size":{"unit":"px","size":17,"sizes":[]},"typography_text_transform":"uppercase","_margin":{"unit":"px","top":"0","right":"0","bottom":"20","left":"0","isLinked":false}},"elements":[],"isInner":false,"widgetType":"heading","elType":"widget"},{"id":"51aff519","settings":{"title":"Powerful tools","align":"left","typography_typography":"custom","typography_font_family":"Myriad Pro","typography_font_size":{"unit":"px","size":55,"sizes":[]},"typography_font_weight":"bold","rehub_widget_parallax_speed":{"unit":"%","size":50,"sizes":[]},"header_size":"h3","_animation":"stuckMoveUpOpacity","animation_duration":"fast"},"elements":[],"isInner":false,"widgetType":"heading","elType":"widget"},{"id":"3b8229a3","settings":{"title":"for your customers","align":"left","typography_typography":"custom","typography_font_family":"Myriad Pro","typography_font_size":{"unit":"px","size":41,"sizes":[]},"typography_font_weight":"normal","_margin":{"unit":"px","top":"0","right":"0","bottom":"15","left":"0","isLinked":false},"rehub_widget_parallax_speed":{"unit":"%","size":50,"sizes":[]},"header_size":"h3","_animation":"stuckMoveUpOpacity","animation_duration":"fast","_animation_delay":300},"elements":[],"isInner":false,"widgetType":"heading","elType":"widget"},{"id":"69acf037","settings":{"editor":"<ul><li>Refresing to get such a personal touch.<\/li><li>Duis aute irure dolor in reprehenderit in voluptate.<\/li><li>Velit esse cillum dolore eu fugiat nulla pariatur.<\/li><\/ul>","text_color":"#919191","typography_typography":"custom","typography_font_size":{"unit":"px","size":15,"sizes":[]},"typography_line_height":{"unit":"px","size":22,"sizes":[]},"rehub_widget_parallax_speed":{"unit":"%","size":50,"sizes":[]},"_animation":"stuckMoveUpOpacity","_animation_delay":800,"_margin":{"unit":"px","top":"0","right":"0","bottom":"35","left":"0","isLinked":false}},"elements":[],"isInner":false,"widgetType":"text-editor","elType":"widget"},{"id":"393bbded","settings":{"text":"Learn More","size":"lg","background_color":"#ff8257","border_radius":{"unit":"px","top":"100","right":"100","bottom":"100","left":"100","isLinked":true},"button_box_shadow_box_shadow_type":"yes","button_box_shadow_box_shadow":{"horizontal":0,"vertical":10,"blur":30,"spread":0,"color":"rgba(255,130,87,0.3)"},"typography_typography":"custom","typography_font_size":{"unit":"px","size":16,"sizes":[]},"rehub_widget_parallax_speed":{"unit":"%","size":50,"sizes":[]},"_animation":"fadeInUp","_animation_delay":1200,"button_background_hover_color":"#7854dd","hover_animation":"push","_margin_mobile":{"unit":"px","top":"0","right":"0","bottom":"30","left":"0","isLinked":false}},"elements":[],"isInner":false,"widgetType":"button","elType":"widget"},{"id":"18e1f0af","settings":{"_animation_delay":300,"_background_background":"gradient","_background_color":"#bbff35","_background_color_b":"#5fcc92","_background_gradient_angle":{"unit":"deg","size":150,"sizes":[]},"_border_radius":{"unit":"%","top":"50","right":"50","bottom":"50","left":"50","isLinked":true},"_box_shadow_box_shadow_type":"yes","_box_shadow_box_shadow":{"horizontal":-1,"vertical":10,"blur":17,"spread":4,"color":"rgba(0,0,0,0.1)"},"_element_width":"auto","_position":"absolute","_offset_x":{"unit":"px","size":-140,"sizes":[]},"_offset_x_end":{"size":577,"unit":"px"},"_offset_y":{"size":50,"unit":"px"},"_offset_y_end":{"unit":"px","size":400,"sizes":[]},"rh_parallax_circle":55,"rh_parallax_el":"true","rh_parallax_el_speed":50,"rh_parallax_el_dir":"rev"},"elements":[],"isInner":false,"widgetType":"spacer","elType":"widget"}],"isInner":false,"elType":"column"},{"id":"3423567e","settings":{"_column_size":50,"_inline_size":null,"_inline_size_tablet":65},"elements":[{"id":"5452fa22","settings":{"_animation_delay":200,"_background_background":"gradient","_background_color":"#dbb22e","_background_color_b":"#ed4c28","_background_gradient_angle":{"unit":"deg","size":150,"sizes":[]},"_border_radius":{"unit":"%","top":"50","right":"50","bottom":"50","left":"50","isLinked":true},"_box_shadow_box_shadow_type":"yes","_box_shadow_box_shadow":{"horizontal":-1,"vertical":10,"blur":17,"spread":4,"color":"rgba(0,0,0,0.1)"},"_element_width":"auto","_position":"absolute","_offset_x":{"size":-44,"unit":"px"},"_offset_y":{"size":617,"unit":"px"},"rh_parallax_circle":75,"rh_parallax_el":"true","rh_parallax_el_speed":70},"elements":[],"isInner":false,"widgetType":"spacer","elType":"widget"},{"id":"2141935b","settings":{"gap":"extended","structure":"20"},"elements":[{"id":"40ee7a19","settings":{"_column_size":50,"_inline_size":null,"space_between_widgets":30},"elements":[{"id":"1e1b381f","settings":{"icon":"rhicon rhi-bookmark","title_text":"This is the heading","description_text":"Lorem ipsum dolor sit amet, consectetur adipiscing elit. Ut elit tellus, luctus nec ullamcorper","link":{"url":"#","is_external":"","nofollow":""},"title_size":"div","primary_color":"#ff0044","text_align":"left","title_bottom_space":{"unit":"px","size":16,"sizes":[]},"title_typography_typography":"custom","title_typography_font_size":{"unit":"px","size":19,"sizes":[]},"title_typography_font_weight":"bold","description_typography_typography":"custom","description_typography_font_size":{"unit":"px","size":13,"sizes":[]},"description_typography_line_height":{"unit":"em","size":1.7,"sizes":[]},"_padding":{"unit":"px","top":"30","right":"30","bottom":"30","left":"30","isLinked":true},"_css_classes":"rh-main-bg-hover csstransall whitebg","_background_background":"classic","_background_hover_background":"classic","_box_shadow_box_shadow_type":"yes","_box_shadow_box_shadow":{"horizontal":0,"vertical":6,"blur":43,"spread":1,"color":"rgba(0,0,0,0.08)"},"_animation":"fade-in-fwd","_animation_delay":300},"elements":[],"isInner":false,"widgetType":"icon-box","elType":"widget"},{"id":"7445b355","settings":{"icon":"rhicon rhi-heart","title_text":"This is the heading","description_text":"Lorem ipsum dolor sit amet, consectetur adipiscing elit. Ut elit tellus, luctus nec ullamcorper","link":{"url":"#","is_external":"","nofollow":""},"title_size":"div","primary_color":"#ff0044","text_align":"left","title_bottom_space":{"unit":"px","size":16,"sizes":[]},"title_typography_typography":"custom","title_typography_font_size":{"unit":"px","size":19,"sizes":[]},"title_typography_font_weight":"bold","description_typography_typography":"custom","description_typography_font_size":{"unit":"px","size":13,"sizes":[]},"description_typography_line_height":{"unit":"em","size":1.7,"sizes":[]},"_padding":{"unit":"px","top":"30","right":"30","bottom":"30","left":"30","isLinked":true},"_css_classes":"rh-main-bg-hover csstransall whitebg","_background_background":"classic","_background_hover_background":"classic","_box_shadow_box_shadow_type":"yes","_box_shadow_box_shadow":{"horizontal":0,"vertical":6,"blur":43,"spread":1,"color":"rgba(0,0,0,0.08)"},"_animation":"fade-in-fwd","_animation_delay":500},"elements":[],"isInner":false,"widgetType":"icon-box","elType":"widget"}],"isInner":true,"elType":"column"},{"id":"251d5962","settings":{"_column_size":50,"_inline_size":null,"padding":{"unit":"px","top":"40","right":"15","bottom":"15","left":"15","isLinked":false}},"elements":[{"id":"3fb7eb06","settings":{"icon":"rhicon rhi-bell","title_text":"This is the heading","description_text":"Lorem ipsum dolor sit amet, consectetur adipiscing elit. Ut elit tellus, luctus nec ullamcorper","link":{"url":"#","is_external":"","nofollow":""},"title_size":"div","primary_color":"#ff0044","text_align":"left","title_bottom_space":{"unit":"px","size":16,"sizes":[]},"title_typography_typography":"custom","title_typography_font_size":{"unit":"px","size":19,"sizes":[]},"title_typography_font_weight":"bold","description_typography_typography":"custom","description_typography_font_size":{"unit":"px","size":13,"sizes":[]},"description_typography_line_height":{"unit":"em","size":1.7,"sizes":[]},"_padding":{"unit":"px","top":"30","right":"30","bottom":"30","left":"30","isLinked":true},"_css_classes":"rh-main-bg-hover csstransall whitebg","_background_background":"classic","_background_hover_background":"classic","_box_shadow_box_shadow_type":"yes","_box_shadow_box_shadow":{"horizontal":0,"vertical":6,"blur":43,"spread":1,"color":"rgba(0,0,0,0.08)"},"_animation":"fade-in-fwd","animation_duration":"fast"},"elements":[],"isInner":false,"widgetType":"icon-box","elType":"widget"},{"id":"4acfbcbe","settings":{"icon":"rhicon rhi-lightbulb","title_text":"This is the heading","description_text":"Lorem ipsum dolor sit amet, consectetur adipiscing elit. Ut elit tellus, luctus nec ullamcorper","link":{"url":"#","is_external":"","nofollow":""},"title_size":"div","primary_color":"#ff0044","text_align":"left","title_bottom_space":{"unit":"px","size":16,"sizes":[]},"title_typography_typography":"custom","title_typography_font_size":{"unit":"px","size":19,"sizes":[]},"title_typography_font_weight":"bold","description_typography_typography":"custom","description_typography_font_size":{"unit":"px","size":13,"sizes":[]},"description_typography_line_height":{"unit":"em","size":1.7,"sizes":[]},"_padding":{"unit":"px","top":"30","right":"30","bottom":"30","left":"30","isLinked":true},"_css_classes":"rh-main-bg-hover csstransall whitebg","_background_background":"classic","_background_hover_background":"classic","_box_shadow_box_shadow_type":"yes","_box_shadow_box_shadow":{"horizontal":0,"vertical":6,"blur":43,"spread":1,"color":"rgba(0,0,0,0.08)"},"_animation":"fade-in-fwd","_animation_delay":800},"elements":[],"isInner":false,"widgetType":"icon-box","elType":"widget"}],"isInner":true,"elType":"column"}],"isInner":true,"elType":"section"},{"id":"5d0f5f4c","settings":{"_animation":"fadeInUp","_background_background":"gradient","_background_color":"#9b2edb","_background_color_b":"#c92289","_background_gradient_angle":{"unit":"deg","size":150,"sizes":[]},"_border_radius":{"unit":"%","top":"50","right":"50","bottom":"50","left":"50","isLinked":true},"_box_shadow_box_shadow_type":"yes","_box_shadow_box_shadow":{"horizontal":-1,"vertical":10,"blur":17,"spread":4,"color":"rgba(0,0,0,0.1)"},"_element_width":"auto","_position":"absolute","_offset_orientation_h":"end","_offset_x":{"unit":"px","size":56,"sizes":[]},"_offset_x_end":{"size":-68,"unit":"px"},"_offset_y":{"size":378,"unit":"px"},"_offset_y_end":{"unit":"px","size":400,"sizes":[]},"rh_parallax_circle":55},"elements":[],"isInner":false,"widgetType":"spacer","elType":"widget"}],"isInner":false,"elType":"column"}],"isInner":false,"elType":"section"}]}