{"version":"0.4","title":"CTA divider with background","type":"section","content":[{"id":"1bee5e87","settings":{"structure":"20","background_background":"classic","background_image":{"id":76,"url":"http:\/\/elementor.wpsoul.com\/wp-content\/uploads\/2019\/06\/phonebg.jpg"},"background_position":"center center","background_repeat":"no-repeat","background_size":"cover","background_overlay_background":"classic","background_overlay_color":"#0c0000","background_overlay_position":"center center","background_overlay_repeat":"no-repeat","background_overlay_size":"cover","padding":{"unit":"px","top":"35","right":"15","bottom":"60","left":"15","isLinked":false}},"elements":[{"id":"1183617a","settings":{"_column_size":50,"_inline_size":75,"background_background":"classic","background_position":"center center","background_size":"cover","padding":{"unit":"px","top":"35","right":"15","bottom":"0","left":"15","isLinked":false}},"elements":[{"id":"55489e18","settings":{"title":"Rehub - Best helper for Directory Sites","header_size":"h3","align":"left","title_color":"#ffffff","typography_typography":"custom","typography_font_family":"Roboto","typography_font_size":{"unit":"px","size":30,"sizes":[]},"typography_font_weight":"300","typography_line_height":{"unit":"px","size":30,"sizes":[]},"_animation":"fadeInUp"},"elements":[],"isInner":false,"widgetType":"heading","elType":"widget"}],"isInner":false,"elType":"column"},{"id":"50f634bb","settings":{"_column_size":50,"_inline_size":25,"background_background":"classic","background_position":"center center","background_size":"cover","padding":{"unit":"px","top":"30","right":"15","bottom":"0","left":"15","isLinked":false}},"elements":[{"id":"337d0e1","settings":{"text":"BUY BUTTON","align":"left","size":"md","typography_typography":"custom","typography_font_size":{"unit":"px","size":14,"sizes":[]},"typography_font_weight":"bold","button_text_color":"#ffffff","background_color":"#ff9900","_animation":"fadeInUp","_animation_delay":500},"elements":[],"isInner":false,"widgetType":"button","elType":"widget"}],"isInner":false,"elType":"column"}],"isInner":false,"elType":"section"}]}