{"version":"0.4","title":"Home page Retour","type":"page","content":[{"id":"7f08cc03","settings":{"structure":"20","background_background":"classic","background_image":{"url":"https:\/\/retour.wpsoul.com\/wp-content\/uploads\/2019\/08\/bgoptimized.jpg","id":332},"background_repeat":"no-repeat","background_size":"cover","background_overlay_background":"gradient","background_overlay_color":"#0c0000","background_overlay_color_b":"rgba(255,246,0,0.42)","padding":{"unit":"px","top":"140","right":"0","bottom":"140","left":"0","isLinked":false},"background_overlay_opacity":{"unit":"px","size":0.46,"sizes":[]},"background_position":"center center","background_overlay_gradient_angle":{"unit":"deg","size":160,"sizes":[]},"shape_divider_bottom_width":{"unit":"%","size":199,"sizes":[]},"shape_divider_bottom_height":{"unit":"px","size":107,"sizes":[]}},"elements":[{"id":"3f69b2b3","settings":{"_column_size":50,"_inline_size":null,"padding":{"unit":"px","top":"0","right":"0","bottom":"0","left":"0","isLinked":true},"padding_tablet":{"unit":"px","top":"20","right":"20","bottom":"20","left":"20","isLinked":true}},"elements":[{"id":"5052d659","settings":{"title":"Find <b><i>Adventures<\/i><\/b>,\nyou <br \/>want to talk about","align":"left","typography_typography":"custom","typography_font_size":{"unit":"px","size":50,"sizes":[]},"typography_font_weight":"normal","typography_line_height":{"unit":"px","size":50,"sizes":[]},"title_color":"#ffffff","text_shadow_text_shadow_type":"yes","text_shadow_text_shadow":{"horizontal":0,"vertical":2,"blur":1,"color":"rgba(0,0,0,0.07)"},"_margin":{"unit":"px","top":"0","right":"0","bottom":"20","left":"0","isLinked":false},"typography_font_size_mobile":{"unit":"px","size":48,"sizes":[]},"_animation":"stuckFlipUpOpacity"},"elements":[],"isInner":false,"widgetType":"heading","elType":"widget"},{"id":"73d9f92f","settings":{"by":"product","enable_ajax":"1","placeholder":"Search Tour","_animation":"stuckFlipUpOpacity","_animation_delay":500},"elements":[],"isInner":false,"widgetType":"wpsm_searchbox","elType":"widget"}],"isInner":false,"elType":"column"},{"id":"701d590f","settings":{"_column_size":50,"_inline_size":null},"elements":[{"id":"7f9b981a","settings":{"text":"How it Works","link":{"url":"\/how-it-works\/","is_external":"","nofollow":""},"align":"right","typography_font_size":{"unit":"px","size":12,"sizes":[]},"typography_font_weight":"bold","button_text_color":"#ffffff","background_color":"rgba(12,12,12,0.13)","border_color":"#f7f7f7","_animation":"fadeInRight","selected_icon":{"value":"rhicon rhi-angle-right","library":"fa-regular"},"icon_align":"right","text_shadow_text_shadow_type":"yes","text_shadow_text_shadow":{"horizontal":0,"vertical":1,"blur":2,"color":"rgba(0,0,0,0.3)"},"_animation_delay":700},"elements":[],"isInner":false,"widgetType":"button","elType":"widget"},{"id":"3bc62c40","settings":{"image":{"url":"https:\/\/bookingmarketplace.getdokan.com\/wp-content\/uploads\/2019\/08\/glider.png","id":321},"image_size":"full","opacity":{"unit":"px","size":0.58,"sizes":[]},"css_filters_saturate":{"unit":"px","size":200,"sizes":[]},"css_filters_hue":{"unit":"px","size":139,"sizes":[]},"_element_width":"auto","_position":"absolute","_offset_orientation_h":"end","_offset_x":{"unit":"px","size":330,"sizes":[]},"_offset_x_end":{"unit":"px","size":-76.9,"sizes":[]},"_offset_y":{"unit":"px","size":143,"sizes":[]},"rh_infinite_updownright":"infinite","rh_infinite_speed":"0"},"elements":[],"isInner":false,"widgetType":"image","elType":"widget"},{"id":"efca0ce","settings":{"image":{"url":"https:\/\/bookingmarketplace.getdokan.com\/wp-content\/uploads\/2019\/08\/glider.png","id":321},"image_size":"full","opacity":{"unit":"px","size":0.59,"sizes":[]},"css_filters_saturate":{"unit":"px","size":200,"sizes":[]},"css_filters_hue":{"unit":"px","size":139,"sizes":[]},"_element_width":"auto","_position":"absolute","_offset_orientation_h":"end","_offset_x":{"unit":"px","size":341,"sizes":[]},"_offset_x_end":{"unit":"px","size":65.9,"sizes":[]},"_offset_y":{"unit":"px","size":143,"sizes":[]},"rh_infinite_updownright":"infinite","rh_infinite_speed":"15","rh_parallax_circle":61,"rh_make_rotate":62},"elements":[],"isInner":false,"widgetType":"image","elType":"widget"}],"isInner":false,"elType":"column"}],"isInner":false,"elType":"section"},{"id":"1b68e16d","settings":{"padding":{"unit":"px","top":"65","right":"0","bottom":"65","left":"0","isLinked":false},"z_index":2},"elements":[{"id":"210d3459","settings":{"_column_size":100},"elements":[{"id":"669a4639","settings":{"title":"<i><b>Required<\/b><\/i> to Visit","header_size":"div","typography_typography":"custom","typography_font_size":{"unit":"px","size":35,"sizes":[]},"_animation":"stuckFlipUpOpacity"},"elements":[],"isInner":false,"widgetType":"heading","elType":"widget"},{"id":"1ff8a899","settings":{"image":{"url":"https:\/\/bookingmarketplace.getdokan.com\/wp-content\/uploads\/2019\/08\/arrow1.png","id":83},"image_size":"full","_element_width":"auto","_position":"absolute","_offset_x":{"unit":"px","size":319,"sizes":[]}},"elements":[],"isInner":false,"widgetType":"image","elType":"widget"},{"id":"58769aaa","settings":{"structure":"20"},"elements":[{"id":"7b9789a1","settings":{"_column_size":50,"_inline_size":39.717,"_inline_size_tablet":100},"elements":[{"id":"56b64491","settings":{"title":"Volcano Bundji <i class=\"rhicon rhi-arrow-circle-right floatright\"><\/i>","description":"Available for Booking Now","image":{"url":"https:\/\/bookingmarketplace.getdokan.com\/wp-content\/uploads\/2019\/08\/bitmap1.jpg","id":35},"linktitle":"My link","bg_contain":"","imheight":500,"cardbgcolor":"#ffecc1","maintitletypo_typography":"custom","maintitletypo_font_size":{"unit":"px","size":29,"sizes":[]},"maintitletypo_font_weight":"normal","link":{"url":"\/product\/car-tour-africa-10-days\/","is_external":true,"nofollow":true},"_animation":"flip-r-r-s"},"elements":[],"isInner":false,"widgetType":"wpsm_cartbox","elType":"widget"}],"isInner":true,"elType":"column"},{"id":"713c128e","settings":{"_column_size":50,"_inline_size":60.283,"padding":{"unit":"px","top":"10","right":"0","bottom":"0","left":"20","isLinked":false},"_inline_size_tablet":100},"elements":[{"id":"2f8eeaa6","settings":{"cat":[],"tag":[],"ids":[],"user_id":null,"gridtype":"review","show":6,"attrpanel":[{"attrkey":"group-size","attrtype":"attribute","attrlabel":"","attrposttext":"","attrshowempty":"","_id":"99d9541","icon":{"value":"rhicon rhi-users","library":"fa-light"}},{"attrkey":"duration","attrtype":"attribute","attrlabel":"","attrposttext":"","attrshowempty":"","_id":"42fd98d","icon":{"value":"rhicon rhi-clock","library":"fa-light"}}],"attrflbl_font_size":{"unit":"px","size":13,"sizes":[]},"attrfntvl_typography":"custom","attrfntvl_font_size":{"unit":"px","size":15,"sizes":[]},"attrlblclr":"#ea7e54","pricetypography_typography":"custom","pricetypography_font_size":{"unit":"px","size":16,"sizes":[]},"_animation":"stuckMoveUpOpacity","animation_duration":"fast","_animation_delay":300},"elements":[],"isInner":false,"widgetType":"wpsm_woogrid","elType":"widget"}],"isInner":true,"elType":"column"}],"isInner":true,"elType":"section"},{"id":"2f79785c","settings":{"image":{"url":"https:\/\/bookingmarketplace.getdokan.com\/wp-content\/uploads\/2019\/08\/arrow2.png","id":87},"image_size":"full","_element_width":"auto","_offset_x":{"unit":"px","size":319,"sizes":[]},"_position":"absolute","_offset_orientation_v":"end","_offset_y_end":{"unit":"px","size":-165,"sizes":[]}},"elements":[],"isInner":false,"widgetType":"image","elType":"widget"}],"isInner":false,"elType":"column"}],"isInner":false,"elType":"section"},{"id":"4d6a26f9","settings":{"background_background":"classic","background_color":"#fbf9ea","background_image":{"url":"https:\/\/retour.wpsoul.com\/wp-content\/uploads\/2019\/08\/bg2.png","id":88},"background_position":"bottom center","background_attachment":"fixed","background_repeat":"no-repeat","padding":{"unit":"px","top":"100","right":"0","bottom":"100","left":"0","isLinked":false},"z_index":1,"padding_mobile":{"unit":"px","top":"30","right":"0","bottom":"30","left":"0","isLinked":false}},"elements":[{"id":"2e0e08d2","settings":{"_column_size":100},"elements":[{"id":"77087fa1","settings":{"title":"<i><b>How<\/b><\/i> It Works","header_size":"div","typography_typography":"custom","typography_font_size":{"unit":"px","size":44,"sizes":[]},"align":"center","_animation":"stuckFlipUpOpacity"},"elements":[],"isInner":false,"widgetType":"heading","elType":"widget"},{"id":"5dbb3279","settings":{"structure":"30","margin":{"unit":"px","top":"0","right":0,"bottom":"50","left":0,"isLinked":false}},"elements":[{"id":"61a3bf4c","settings":{"_column_size":33,"_inline_size":null,"animation":"fadeInUp","animation_duration":"fast","animation_delay":300},"elements":[{"id":"3cad9c91","settings":{"image":{"url":"https:\/\/bookingmarketplace.getdokan.com\/wp-content\/uploads\/2019\/08\/icon1.png","id":91},"image_size":"full"},"elements":[],"isInner":false,"widgetType":"image","elType":"widget"},{"id":"480781c","settings":{"title":"You specify where and when <br>you want to go","header_size":"div","align":"center","typography_typography":"custom","typography_font_size":{"unit":"px","size":20,"sizes":[]},"typography_line_height":{"unit":"em","size":1.2,"sizes":[]}},"elements":[],"isInner":false,"widgetType":"heading","elType":"widget"}],"isInner":true,"elType":"column"},{"id":"7e4b32c3","settings":{"_column_size":33,"_inline_size":null,"animation":"fadeInUp","animation_duration":"fast","animation_delay":800},"elements":[{"id":"496aa235","settings":{"image":{"url":"https:\/\/bookingmarketplace.getdokan.com\/wp-content\/uploads\/2019\/08\/icon2.png","id":92},"image_size":"full"},"elements":[],"isInner":false,"widgetType":"image","elType":"widget"},{"id":"364c66a9","settings":{"title":"We select the best <br>options for you","header_size":"div","align":"center","typography_typography":"custom","typography_font_size":{"unit":"px","size":20,"sizes":[]},"typography_line_height":{"unit":"em","size":1.2,"sizes":[]}},"elements":[],"isInner":false,"widgetType":"heading","elType":"widget"}],"isInner":true,"elType":"column"},{"id":"36b6af5d","settings":{"_column_size":33,"_inline_size":null,"animation":"fadeInUp","animation_duration":"fast","animation_delay":1000},"elements":[{"id":"477faff2","settings":{"image":{"url":"https:\/\/bookingmarketplace.getdokan.com\/wp-content\/uploads\/2019\/08\/icon3.png","id":93},"image_size":"full"},"elements":[],"isInner":false,"widgetType":"image","elType":"widget"},{"id":"3eb36ffd","settings":{"title":"You choose the offer you like<br> and go on the road!","header_size":"div","align":"center","typography_typography":"custom","typography_font_size":{"unit":"px","size":20,"sizes":[]},"typography_line_height":{"unit":"em","size":1.2,"sizes":[]}},"elements":[],"isInner":false,"widgetType":"heading","elType":"widget"}],"isInner":true,"elType":"column"}],"isInner":true,"elType":"section"},{"id":"59902dca","settings":{"text":"Start now!","align":"center","size":"lg","typography_typography":"custom","typography_font_size":{"unit":"px","size":24,"sizes":[]},"background_color":"#50cc81","button_background_hover_color":"#ff5533","hover_animation":"float","_animation":"stuckFlipUpOpacity","_animation_delay":1000},"elements":[],"isInner":false,"widgetType":"button","elType":"widget"},{"id":"402d2f2c","settings":{"image":{"url":"https:\/\/bookingmarketplace.getdokan.com\/wp-content\/uploads\/2019\/08\/arrow3.png","id":95},"image_size":"full","_element_width":"auto","_offset_x":{"unit":"px","size":462,"sizes":[]},"_position":"absolute","_offset_orientation_v":"end","_offset_y_end":{"unit":"px","size":-231,"sizes":[]},"_animation":"stuckMoveUpOpacity","animation_duration":"fast","_animation_delay":400,"_offset_x_mobile":{"unit":"px","size":11,"sizes":[]},"_offset_y_end_mobile":{"unit":"px","size":-209,"sizes":[]},"hide_mobile":"hidden-phone"},"elements":[],"isInner":false,"widgetType":"image","elType":"widget"}],"isInner":false,"elType":"column"}],"isInner":false,"elType":"section"},{"id":"9305339","settings":{"margin":{"unit":"px","top":"0","right":0,"bottom":"35","left":0,"isLinked":false},"padding":{"unit":"px","top":"40","right":"0","bottom":"0","left":"0","isLinked":false}},"elements":[{"id":"2da9a0ec","settings":{"_column_size":100},"elements":[{"id":"7f96e1df","settings":{"title":"<i><b>Popular<\/b><\/i> directions","header_size":"div","typography_typography":"custom","typography_font_size":{"unit":"px","size":44,"sizes":[]},"_animation":"stuckFlipUpOpacity"},"elements":[],"isInner":false,"widgetType":"heading","elType":"widget"}],"isInner":false,"elType":"column"}],"isInner":false,"elType":"section"},{"id":"493bed32","settings":{"structure":"30"},"elements":[{"id":"8391f3c","settings":{"_column_size":33,"_inline_size":null},"elements":[{"id":"e9382ad","settings":{"title":"Australia","subtitle":"and Islands","image_id":{"url":"https:\/\/bookingmarketplace.getdokan.com\/wp-content\/uploads\/2019\/08\/australia.jpg","id":96},"height":350,"vertical":"bottom","url":"\/product-category\/asia\/","_animation":"fadeInUp","animation_duration":"fast","_animation_delay":300},"elements":[],"isInner":false,"widgetType":"wpsm_hover_banner","elType":"widget"},{"id":"1dc6f9fb","settings":{"title":"New Zealand","subtitle":"and Islands","image_id":{"url":"https:\/\/bookingmarketplace.getdokan.com\/wp-content\/uploads\/2019\/08\/nz.jpg","id":99},"height":350,"vertical":"bottom","url":"\/product-category\/asia\/","_animation":"fadeInUp","animation_duration":"fast","_animation_delay":300},"elements":[],"isInner":false,"widgetType":"wpsm_hover_banner","elType":"widget"}],"isInner":false,"elType":"column"},{"id":"5eef63ce","settings":{"_column_size":33,"_inline_size":null},"elements":[{"id":"752dc8e7","settings":{"title":"Brazilia","subtitle":"Latin America","image_id":{"url":"https:\/\/bookingmarketplace.getdokan.com\/wp-content\/uploads\/2019\/08\/brazil.jpg","id":97},"height":350,"vertical":"bottom","url":"\/product-category\/asia\/","_animation":"fadeInUp","animation_duration":"fast","_animation_delay":800},"elements":[],"isInner":false,"widgetType":"wpsm_hover_banner","elType":"widget"},{"id":"3dbfa295","settings":{"title":"Chile","subtitle":"South America","image_id":{"url":"https:\/\/bookingmarketplace.getdokan.com\/wp-content\/uploads\/2019\/08\/chile.jpg","id":100},"height":350,"vertical":"bottom","url":"\/product-category\/asia\/","_animation":"fadeInUp","_animation_delay":600},"elements":[],"isInner":false,"widgetType":"wpsm_hover_banner","elType":"widget"}],"isInner":false,"elType":"column"},{"id":"502b765c","settings":{"_column_size":33,"_inline_size":null},"elements":[{"id":"70c55288","settings":{"title":"Alaska","subtitle":"United States","image_id":{"url":"https:\/\/bookingmarketplace.getdokan.com\/wp-content\/uploads\/2019\/08\/alaska.jpg","id":98},"height":350,"vertical":"bottom","url":"\/product-category\/asia\/","_animation":"fadeInUp","_animation_delay":1200},"elements":[],"isInner":false,"widgetType":"wpsm_hover_banner","elType":"widget"},{"id":"6d4e8d3b","settings":{"title":"Check All","subtitle":"","image_id":{"url":"","id":""},"height":350,"url":"\/taxonomy-archive","overlay":"","maintitletypo_typography":"custom","maintitletypo_font_size":{"unit":"px","size":19,"sizes":[]},"maintitletypo_font_weight":"normal","bg":"#d6fce5","colortext":"#54595f","_animation":"fadeInUp","_animation_delay":900},"elements":[],"isInner":false,"widgetType":"wpsm_hover_banner","elType":"widget"}],"isInner":false,"elType":"column"}],"isInner":false,"elType":"section"},{"id":"64a4cea0","settings":{"z_index":2,"padding":{"unit":"px","top":"20","right":"0","bottom":"90","left":"0","isLinked":false}},"elements":[{"id":"7138aab6","settings":{"_column_size":100},"elements":[{"id":"1cc80597","settings":{"image":{"url":"https:\/\/bookingmarketplace.getdokan.com\/wp-content\/uploads\/2019\/08\/arrow4.png","id":104},"image_size":"full","_element_width":"auto","_offset_x":{"unit":"px","size":484,"sizes":[]},"_position":"absolute","_offset_orientation_v":"end","_offset_y_end":{"unit":"px","size":-187,"sizes":[]},"_offset_x_mobile":{"unit":"px","size":33,"sizes":[]}},"elements":[],"isInner":false,"widgetType":"image","elType":"widget"}],"isInner":false,"elType":"column"}],"isInner":false,"elType":"section"},{"id":"51f7226","settings":{"z_index":1,"background_background":"classic","background_image":{"url":"https:\/\/retour.wpsoul.com\/wp-content\/uploads\/2019\/08\/jumping.jpg","id":106},"background_position":"top center","background_attachment":"fixed","background_repeat":"no-repeat","background_size":"cover","padding":{"unit":"px","top":"100","right":"0","bottom":"100","left":"0","isLinked":false}},"elements":[{"id":"4a99d4ba","settings":{"_column_size":100,"align":"center"},"elements":[{"id":"13d08539","settings":{"title":"<strong><em>Special<\/em><\/strong> offer","header_size":"h6","align":"center","title_color":"#ffffff","typography_typography":"custom","typography_font_size":{"unit":"px","size":30,"sizes":[]},"typography_font_weight":"normal","_margin":{"unit":"px","top":"0","right":"0","bottom":"30","left":"0","isLinked":false},"_padding":{"unit":"px","top":"15","right":"25","bottom":"15","left":"25","isLinked":false},"_background_background":"classic","_background_color":"#ff5533","_border_radius":{"unit":"px","top":"5","right":"5","bottom":"5","left":"5","isLinked":true},"_element_width":"auto"},"elements":[],"isInner":false,"widgetType":"heading","elType":"widget"},{"id":"2de64747","settings":{"title":"Philipp Jumping","header_size":"div","align":"center","title_color":"#ffffff","typography_typography":"custom","typography_font_size":{"unit":"px","size":50,"sizes":[]},"_animation":"stuckFlipUpOpacity"},"elements":[],"isInner":false,"widgetType":"heading","elType":"widget"},{"id":"692546bc","settings":{"title":"(Philippines)","header_size":"div","align":"center","title_color":"#d8d8d8","typography_typography":"custom","typography_font_size":{"unit":"px","size":36,"sizes":[]},"_animation":"stuckFlipUpOpacity","_animation_delay":300},"elements":[],"isInner":false,"widgetType":"heading","elType":"widget"},{"id":"75744485","settings":[],"elements":[],"isInner":false,"widgetType":"spacer","elType":"widget"},{"id":"6aa355d2","settings":{"content_width":{"unit":"px","size":736,"sizes":[]},"structure":"30"},"elements":[{"id":"73bf7748","settings":{"_column_size":33,"_inline_size":null,"space_between_widgets":5,"animation":"stuckFlipUpOpacity","animation_delay":500},"elements":[{"id":"7750e97d","settings":{"title":"Price","header_size":"div","title_color":"#ffffff","typography_typography":"custom","typography_font_size":{"unit":"px","size":21,"sizes":[]}},"elements":[],"isInner":false,"widgetType":"heading","elType":"widget"},{"id":"1f71ad65","settings":{"title":"$1200","header_size":"div","title_color":"#ffffff","typography_typography":"custom","typography_font_size":{"unit":"px","size":34,"sizes":[]}},"elements":[],"isInner":false,"widgetType":"heading","elType":"widget"}],"isInner":true,"elType":"column"},{"id":"2a7626a6","settings":{"_column_size":33,"_inline_size":null,"space_between_widgets":5,"animation":"stuckFlipUpOpacity","animation_delay":700},"elements":[{"id":"3ed0996f","settings":{"title":"Date starts","header_size":"div","title_color":"#ffffff","typography_typography":"custom","typography_font_size":{"unit":"px","size":21,"sizes":[]}},"elements":[],"isInner":false,"widgetType":"heading","elType":"widget"},{"id":"5e251d62","settings":{"title":"May 2019","header_size":"div","title_color":"#ffffff","typography_typography":"custom","typography_font_size":{"unit":"px","size":34,"sizes":[]}},"elements":[],"isInner":false,"widgetType":"heading","elType":"widget"}],"isInner":true,"elType":"column"},{"id":"37b54b2d","settings":{"_column_size":33,"_inline_size":null},"elements":[{"id":"1c8bcbe8","settings":{"text":"I am Ready!","align":"center","size":"lg","typography_typography":"custom","typography_font_size":{"unit":"px","size":20,"sizes":[]},"background_color":"#50cc81","button_background_hover_color":"#ff5533","hover_animation":"float","_animation":"stuckFlipUpOpacity","_animation_delay":900},"elements":[],"isInner":false,"widgetType":"button","elType":"widget"}],"isInner":true,"elType":"column"}],"isInner":true,"elType":"section"}],"isInner":false,"elType":"column"}],"isInner":false,"elType":"section"},{"id":"160a6fa2","settings":{"background_background":"classic","background_color":"#eafbfb","padding":{"unit":"px","top":"40","right":"0","bottom":"40","left":"0","isLinked":false}},"elements":[{"id":"78cdba5f","settings":{"_column_size":100,"_inline_size":null,"align":"center"},"elements":[{"id":"6a3a37b1","settings":{"title":"<b><i>Tour<\/i><\/b> Locator","header_size":"div","typography_typography":"custom","typography_font_size":{"unit":"px","size":30,"sizes":[]},"_animation":"stuckFlipUpOpacity","align":"center","_z_index":2},"elements":[],"isInner":false,"widgetType":"heading","elType":"widget"},{"id":"784375a6","settings":{"shortcode":"[gmw search_form=\"1\"]","_z_index":2,"_element_width":"auto"},"elements":[],"isInner":false,"widgetType":"shortcode","elType":"widget"},{"id":"e4fc560","settings":{"image":{"url":"https:\/\/bookingmarketplace.getdokan.com\/wp-content\/uploads\/2019\/08\/arrow5.png","id":108},"image_size":"full","_element_width":"auto","_offset_x":{"unit":"px","size":264,"sizes":[]},"_offset_orientation_v":"end","_offset_y_end":{"unit":"px","size":-22,"sizes":[]},"_z_index":0,"_position":"absolute","_animation":"stuckMoveUpOpacity","animation_duration":"fast","_animation_delay":600},"elements":[],"isInner":false,"widgetType":"image","elType":"widget"}],"isInner":false,"elType":"column"}],"isInner":false,"elType":"section"},{"id":"7578486a","settings":{"padding":{"unit":"px","top":"60","right":"0","bottom":"60","left":"0","isLinked":false}},"elements":[{"id":"53ca1237","settings":{"_column_size":100},"elements":[{"id":"1688e49c","settings":{"title":"<b><i>Popular<\/i><\/b> tours","header_size":"div","typography_typography":"custom","typography_font_size":{"unit":"px","size":34,"sizes":[]},"_margin":{"unit":"px","top":"0","right":"0","bottom":"30","left":"0","isLinked":false},"_animation":"stuckFlipUpOpacity"},"elements":[],"isInner":false,"widgetType":"heading","elType":"widget"},{"id":"6dfb8346","settings":{"cat":[],"tag":[],"ids":[],"user_id":null,"show":8,"showrow":"4"},"elements":[],"isInner":false,"widgetType":"woo_mod","elType":"widget"}],"isInner":false,"elType":"column"}],"isInner":false,"elType":"section"}]}