{"version":"0.4","title":"Top Review List","type":"page","content":[{"id":"7240d617","settings":{"content_width":{"unit":"px","size":1200,"sizes":[]},"content_position":"bottom","overflow":"hidden","structure":"20","background_background":"classic","background_image":{"url":"http:\/\/recart.wpsoul.com\/wp-content\/uploads\/2019\/06\/colorbg.jpg","id":738},"background_repeat":"no-repeat","background_size":"cover","padding":{"unit":"px","top":"60","right":"0","bottom":"0","left":"0","isLinked":false}},"elements":[{"id":"45bf7f50","settings":{"_column_size":50,"_inline_size":null,"space_between_widgets":0},"elements":[{"id":"40729475","settings":{"icon_list":[{"text":"Top Phones","icon":"rhicon rhi-star-full","_id":"7e4d1db","link":{"url":"","is_external":"","nofollow":""}}],"space_between":{"unit":"px","size":0,"sizes":[]},"icon_color":"#ff003f","icon_size":{"unit":"px","size":21,"sizes":[]},"text_indent":{"unit":"px","size":8,"sizes":[]},"icon_typography_typography":"custom","icon_typography_font_size":{"unit":"px","size":32,"sizes":[]},"icon_typography_line_height":{"unit":"em","size":1.5,"sizes":[]},"_margin":{"unit":"px","top":"0","right":"0","bottom":"0","left":"20","isLinked":false},"_padding":{"unit":"px","top":"0","right":"10","bottom":"0","left":"10","isLinked":false},"_animation":"fadeInDown","_background_background":"classic","_background_color":"#ffffff","_element_width":"auto","rh_perspective_boxshadow":"1"},"elements":[],"isInner":false,"widgetType":"icon-list","elType":"widget"},{"id":"58049607","settings":{"space":{"unit":"px","size":19,"sizes":[]}},"elements":[],"isInner":false,"widgetType":"spacer","elType":"widget"},{"id":"12ad59c7","settings":{"title":"With Good Camera","header_size":"h5","title_color":"#ff003f","typography_typography":"custom","typography_font_size":{"unit":"px","size":39,"sizes":[]},"_padding":{"unit":"px","top":"10","right":"10","bottom":"10","left":"10","isLinked":true},"_animation":"fadeInDown","_animation_delay":500,"_background_background":"classic","_background_color":"#ffffff","_element_width":"auto","rh_perspective_boxshadow":"1"},"elements":[],"isInner":false,"widgetType":"heading","elType":"widget"},{"id":"3d2d1f00","settings":{"space":{"unit":"px","size":19,"sizes":[]}},"elements":[],"isInner":false,"widgetType":"spacer","elType":"widget"},{"id":"504552a5","settings":{"title":"Under $700 price","header_size":"h5","typography_typography":"custom","typography_font_size":{"unit":"px","size":31,"sizes":[]},"_margin":{"unit":"px","top":"0","right":"0","bottom":"0","left":"040","isLinked":false},"_padding":{"unit":"px","top":"10","right":"10","bottom":"10","left":"10","isLinked":true},"_animation":"fadeInDown","_animation_delay":1000,"_background_background":"classic","_background_color":"#ffffff","_element_width":"auto","rh_perspective_boxshadow":"1"},"elements":[],"isInner":false,"widgetType":"heading","elType":"widget"},{"id":"774b630b","settings":{"space":{"unit":"px","size":80,"sizes":[]}},"elements":[],"isInner":false,"widgetType":"spacer","elType":"widget"}],"isInner":false,"elType":"column"},{"id":"753c8807","settings":{"_column_size":50,"_inline_size":null,"padding":{"unit":"px","top":"0","right":"0","bottom":"0","left":"0","isLinked":true}},"elements":[{"id":"3169c338","settings":{"image":{"url":"http:\/\/recart.wpsoul.com\/wp-content\/uploads\/2019\/06\/moborg.png","id":739},"image_size":"full","align":"left","css_filters_blur":{"unit":"px","size":3.2,"sizes":[]},"css_filters_brightness":{"unit":"px","size":140,"sizes":[]},"css_filters_contrast":{"unit":"px","size":106,"sizes":[]},"css_filters_saturate":{"unit":"px","size":121,"sizes":[]},"css_filters_hue":{"unit":"px","size":46,"sizes":[]},"image_box_shadow_box_shadow":{"horizontal":7,"vertical":-25,"blur":10,"spread":0,"color":"rgba(0,0,0,0.5)"},"_animation":"fadeInUp","_box_shadow_box_shadow":{"horizontal":21,"vertical":0,"blur":10,"spread":25,"color":"rgba(0,0,0,0.5)"},"_element_width":"auto"},"elements":[],"isInner":false,"widgetType":"image","elType":"widget"}],"isInner":false,"elType":"column"}],"isInner":false,"elType":"section"},{"id":"46c667b1","settings":{"content_width":{"unit":"px","size":1200,"sizes":[]}},"elements":[{"id":"75083eb0","settings":{"_column_size":100},"elements":[{"id":"334f930d","settings":{"space":{"unit":"px","size":32,"sizes":[]}},"elements":[],"isInner":false,"widgetType":"spacer","elType":"widget"},{"id":"5052cde4","settings":{"data_source":"cpt","cat":[],"cat_exclude":[],"tag":[],"tag_exclude":[],"ids":[],"post_type":"product","tax_name":"product_cat","tax_slug":"smart-phones","tax_slug_exclude":null,"show":"12","togglelink":"image","togglecontent":"review","stacktablet":"1","section":[{"sectiontype":"swatch","field":"","attrfield":"color","unit":"","unitbefore":"","posttext":"Color","valuetypo_typography":"","valuetypo_font_family":"","valuetypo_font_size":{"unit":"px","size":"","sizes":[]},"valuetypo_font_size_tablet":{"unit":"px","size":"","sizes":[]},"valuetypo_font_size_mobile":{"unit":"px","size":"","sizes":[]},"valuetypo_font_weight":"","valuetypo_text_transform":"","valuetypo_font_style":"","valuetypo_text_decoration":"","valuetypo_line_height":{"unit":"em","size":"","sizes":[]},"valuetypo_line_height_tablet":{"unit":"em","size":"","sizes":[]},"valuetypo_line_height_mobile":{"unit":"em","size":"","sizes":[]},"valuetypo_letter_spacing":{"unit":"px","size":"","sizes":[]},"valuetypo_letter_spacing_tablet":{"unit":"px","size":"","sizes":[]},"valuetypo_letter_spacing_mobile":{"unit":"px","size":"","sizes":[]},"valuecolor":"","texttypo_typography":"custom","texttypo_font_family":"","texttypo_font_size":{"unit":"px","size":13,"sizes":[]},"texttypo_font_size_tablet":{"unit":"px","size":"","sizes":[]},"texttypo_font_size_mobile":{"unit":"px","size":"","sizes":[]},"texttypo_font_weight":"","texttypo_text_transform":"","texttypo_font_style":"","texttypo_text_decoration":"","texttypo_line_height":{"unit":"em","size":"","sizes":[]},"texttypo_line_height_tablet":{"unit":"em","size":"","sizes":[]},"texttypo_line_height_mobile":{"unit":"em","size":"","sizes":[]},"texttypo_letter_spacing":{"unit":"px","size":"","sizes":[]},"texttypo_letter_spacing_tablet":{"unit":"px","size":"","sizes":[]},"texttypo_letter_spacing_mobile":{"unit":"px","size":"","sizes":[]},"textcolor":"","tooltip":"","_id":"3611990"},{"sectiontype":"swatch","field":"","attrfield":"memory","unit":"","unitbefore":"","posttext":"","valuetypo_typography":"","valuetypo_font_family":"","valuetypo_font_size":{"unit":"px","size":"","sizes":[]},"valuetypo_font_size_tablet":{"unit":"px","size":"","sizes":[]},"valuetypo_font_size_mobile":{"unit":"px","size":"","sizes":[]},"valuetypo_font_weight":"","valuetypo_text_transform":"","valuetypo_font_style":"","valuetypo_text_decoration":"","valuetypo_line_height":{"unit":"em","size":"","sizes":[]},"valuetypo_line_height_tablet":{"unit":"em","size":"","sizes":[]},"valuetypo_line_height_mobile":{"unit":"em","size":"","sizes":[]},"valuetypo_letter_spacing":{"unit":"px","size":"","sizes":[]},"valuetypo_letter_spacing_tablet":{"unit":"px","size":"","sizes":[]},"valuetypo_letter_spacing_mobile":{"unit":"px","size":"","sizes":[]},"valuecolor":"","texttypo_typography":"","texttypo_font_family":"","texttypo_font_size":{"unit":"px","size":13,"sizes":[]},"texttypo_font_size_tablet":{"unit":"px","size":"","sizes":[]},"texttypo_font_size_mobile":{"unit":"px","size":"","sizes":[]},"texttypo_font_weight":"","texttypo_text_transform":"","texttypo_font_style":"","texttypo_text_decoration":"","texttypo_line_height":{"unit":"em","size":"","sizes":[]},"texttypo_line_height_tablet":{"unit":"em","size":"","sizes":[]},"texttypo_line_height_mobile":{"unit":"em","size":"","sizes":[]},"texttypo_letter_spacing":{"unit":"px","size":"","sizes":[]},"texttypo_letter_spacing_tablet":{"unit":"px","size":"","sizes":[]},"texttypo_letter_spacing_mobile":{"unit":"px","size":"","sizes":[]},"textcolor":"","tooltip":"","_id":"7e1e4a8"},{"sectiontype":"attribute","field":"","attrfield":"connectivity","unit":"","unitbefore":"","posttext":"","valuetypo_typography":"custom","valuetypo_font_family":"","valuetypo_font_size":{"unit":"px","size":18,"sizes":[]},"valuetypo_font_size_tablet":{"unit":"px","size":"","sizes":[]},"valuetypo_font_size_mobile":{"unit":"px","size":"","sizes":[]},"valuetypo_font_weight":"700","valuetypo_text_transform":"","valuetypo_font_style":"","valuetypo_text_decoration":"","valuetypo_line_height":{"unit":"em","size":"","sizes":[]},"valuetypo_line_height_tablet":{"unit":"em","size":"","sizes":[]},"valuetypo_line_height_mobile":{"unit":"em","size":"","sizes":[]},"valuetypo_letter_spacing":{"unit":"px","size":"","sizes":[]},"valuetypo_letter_spacing_tablet":{"unit":"px","size":"","sizes":[]},"valuetypo_letter_spacing_mobile":{"unit":"px","size":"","sizes":[]},"valuecolor":"","texttypo_typography":"","texttypo_font_family":"","texttypo_font_size":{"unit":"px","size":"","sizes":[]},"texttypo_font_size_tablet":{"unit":"px","size":"","sizes":[]},"texttypo_font_size_mobile":{"unit":"px","size":"","sizes":[]},"texttypo_font_weight":"","texttypo_text_transform":"","texttypo_font_style":"","texttypo_text_decoration":"","texttypo_line_height":{"unit":"em","size":"","sizes":[]},"texttypo_line_height_tablet":{"unit":"em","size":"","sizes":[]},"texttypo_line_height_mobile":{"unit":"em","size":"","sizes":[]},"texttypo_letter_spacing":{"unit":"px","size":"","sizes":[]},"texttypo_letter_spacing_tablet":{"unit":"px","size":"","sizes":[]},"texttypo_letter_spacing_mobile":{"unit":"px","size":"","sizes":[]},"textcolor":"","tooltip":"","_id":"220574e"}],"disclaimer":"_purchase_note","filterpanelenable":"yes","filterheading":"Best Phones 2019 Year","taxdrop":null,"filterpanel":[{"filtertitle":"Show all","filtertype":"all","filtermetakey":"","filterpricerange":"","filterorderby":"","filtertaxkey":"","filtertaxtermslug":"","filtertaxcondition":"","filterorder":"DESC","filterdate":"all","_id":"33740fe"},{"filtertitle":"Sort By Score","filtertype":"meta","filtermetakey":"rehub_review_overall_score","filterpricerange":"","filterorderby":"","filtertaxkey":"","filtertaxtermslug":"","filtertaxcondition":"","filterorder":"DESC","filterdate":"all","_id":"34d2207"},{"filtertitle":"Most Popular","filtertype":"meta","filtermetakey":"rehub_views","filterpricerange":"","filterorderby":"","filtertaxkey":"","filtertaxtermslug":"","filtertaxcondition":"","filterorder":"DESC","filterdate":"all","_id":"b2e8856"},{"filtertitle":"Most Favorite","filtertype":"meta","filtermetakey":"post_wish_count","filterpricerange":"","filterorderby":"","filtertaxkey":"","filtertaxtermslug":"","filtertaxcondition":"","filterorder":"DESC","filterdate":"all","_id":"e62bc2c"}]},"elements":[],"isInner":false,"widgetType":"wpsm_reviewlist","elType":"widget"}],"isInner":false,"elType":"column"}],"isInner":false,"elType":"section"},{"id":"176df459","settings":{"layout":"full_width","background_background":"gradient","background_color":"#7000f4","background_color_b":"#23a1d3","shape_divider_bottom":"tilt","shape_divider_bottom_height":{"unit":"px","size":102,"sizes":[]},"shape_divider_bottom_flip":"yes","padding":{"unit":"px","top":"100","right":"0","bottom":"120","left":"0","isLinked":false},"shape_divider_top":"mountains","shape_divider_top_height":{"unit":"px","size":31,"sizes":[]},"margin":{"unit":"px","top":"20","right":0,"bottom":"20","left":0,"isLinked":true}},"elements":[{"id":"3e1782b0","settings":{"_column_size":100},"elements":[{"id":"457bb9e","settings":{"title":"Best phone of 2019 Year","align":"center","title_color":"#ffffff","typography_typography":"custom","typography_font_size":{"unit":"px","size":42,"sizes":[]},"_animation":"fadeInUp"},"elements":[],"isInner":false,"widgetType":"heading","elType":"widget"},{"id":"215b80cf","settings":{"title":"Buyer's Guide, Comparison and Advices","header_size":"div","align":"center","title_color":"#fff9db","typography_typography":"custom","typography_line_height":{"unit":"em","size":1.5,"sizes":[]},"_animation":"fadeInUp"},"elements":[],"isInner":false,"widgetType":"heading","elType":"widget"}],"isInner":false,"elType":"column"}],"isInner":false,"elType":"section"},{"id":"573590fc","settings":{"content_width":{"unit":"px","size":800,"sizes":[]}},"elements":[{"id":"16831557","settings":{"_column_size":100},"elements":[{"id":"6526f1f4","settings":{"editor":"<p>At times it can seem makers only add features when they need to, but the Camera has fairly up-to-date wireless connectivity. It has Wi-Fi, and NFC to make pairing with compatible phones that bit easier.<\/p><p>There\u2019s also a small pop-up flash, again giving you a sense of having all you need to get on with, adding to the Dolores accessibility<\/p>","drop_cap":"yes"},"elements":[],"isInner":false,"widgetType":"text-editor","elType":"widget"},{"id":"51f702d0","settings":{"structure":"20","padding":{"unit":"px","top":"0","right":"0","bottom":"0","left":"0","isLinked":true}},"elements":[{"id":"29e9de59","settings":{"_column_size":50,"_inline_size":null,"padding":{"unit":"px","top":"0","right":"0","bottom":"0","left":"0","isLinked":true}},"elements":[{"id":"7643dbd9","settings":{"editor":"<p>Dolores is a DSLR that, while not bottom-rung like the EOS 1200D, is reasonably affordable, and offers simple operation that\u2019ll appeal to those who don\u2019t want to get knee-deep into the manual side of photography. It gets you the DSLR benefits of lens choice and good image quality, without the daunting learning curve.<\/p><p>The DIGIC 6 processor lets you shoot at 5fps, which has become the bog-standard speed level for any self-respecting everyday DSLR. It\u2019s the same speed as the 700D too. What has changed, though, is the buffer. The 8-frame RAW file limit may not sound impressive, but being able to shoot up to 940 JPEGs in burst does.<\/p>"},"elements":[],"isInner":false,"widgetType":"text-editor","elType":"widget"}],"isInner":true,"elType":"column"},{"id":"4f5d7712","settings":{"_column_size":50,"_inline_size":null},"elements":[{"id":"5b682982","settings":{"image":{"url":"http:\/\/recart.wpsoul.com\/wp-content\/uploads\/2019\/06\/whitesams.jpg","id":511},"image_size":"medium"},"elements":[],"isInner":false,"widgetType":"image","elType":"widget"}],"isInner":true,"elType":"column"}],"isInner":true,"elType":"section"},{"id":"7691e9f0","settings":{"anchor":"heading2"},"elements":[],"isInner":false,"widgetType":"menu-anchor","elType":"widget"},{"id":"1d92f1cd","settings":{"editor":"<h2>The best Phone for Year<\/h2><p>Lorem ipsum dolor sit amet, consectetur adipiscing elit. Ut elit tellus, luctus nec ullamcorper mattis, pulvinar dapibus leo.<\/p><p>Being a lower-end model, the Dolores outer parts are polycarbonate rather than magnesium alloy, which is only found on rather more expensive models. It doesn\u2019t feel ultra-high-end, then, but its still tough.<\/p>"},"elements":[],"isInner":false,"widgetType":"text-editor","elType":"widget"}],"isInner":false,"elType":"column"}],"isInner":false,"elType":"section"},{"id":"668500ec","settings":{"layout":"full_width","content_width":{"unit":"px","size":1000},"gap":"no","custom_height":{"unit":"px","size":""},"content_position":"middle","structure":"20","padding_tablet":{"unit":"px","top":"0","right":"0","bottom":"100","left":"0","isLinked":false},"padding_mobile":{"unit":"px","top":"50","right":"0","bottom":"50","left":"0","isLinked":false},"margin":{"unit":"px","top":"0","right":0,"bottom":"30","left":0,"isLinked":false}},"elements":[{"id":"e806ae5","settings":{"_column_size":50,"_inline_size":47.403,"background_background":"classic","background_image":{"id":704,"url":"http:\/\/recart.wpsoul.com\/wp-content\/uploads\/2019\/06\/explode.jpg"},"background_position":"center center","background_size":"cover","background_overlay_background":"classic","background_overlay_color":"#000000","margin":{"unit":"px","top":"0","right":"0","bottom":"0","left":"0","isLinked":true},"padding":{"unit":"px","top":"50","right":"50","bottom":"50","left":"50","isLinked":true},"_inline_size_tablet":100,"padding_mobile":{"unit":"px","top":"80","right":"30","bottom":"80","left":"30","isLinked":false},"background_attachment":"fixed"},"elements":[{"id":"1ca7238b","settings":{"title":"Astronomy<br>binoculars<br>is a great<br>alternative","align":"right","title_color":"#ffffff","typography_typography":"custom","typography_font_size":{"unit":"px","size":50},"typography_font_weight":"900","typography_font_size_tablet":{"unit":"px","size":45},"typography_font_size_mobile":{"unit":"px","size":40},"typography_line_height_tablet":{"unit":"px","size":55},"header_size":"h4","_padding_tablet":{"unit":"px","top":"0","right":"100","bottom":"0","left":"0","isLinked":false},"_animation":"zoomIn","align_mobile":"center","_padding_mobile":{"unit":"px","top":"0","right":"0","bottom":"0","left":"0","isLinked":true}},"elements":[],"isInner":false,"widgetType":"heading","elType":"widget"}],"isInner":false,"elType":"column"},{"id":"5d19b800","settings":{"_column_size":50,"_inline_size":52.597,"padding":{"unit":"%","top":"0","right":"25","bottom":"0","left":"5","isLinked":false},"padding_tablet":{"unit":"px","top":"50","right":"25","bottom":"0","left":"25","isLinked":false},"padding_mobile":{"unit":"px","top":"25","right":"20","bottom":"0","left":"20","isLinked":false},"_inline_size_tablet":100},"elements":[{"id":"37cad361","settings":{"editor":"<p>Lorem Ipsum is simply dummy text of the printing and typesetting industry. Lorem Ipsum has been the industry's standard dummy text ever since the 1500s, when an unknown printer took a galley of type and scrambled it to\u00a0<\/p><p>Lorem Ipsum\u00a0is simply dummy text of the printing and typesetting industry. Lorem Ipsum has been the industry's standard dummy text ever since the 1500s, when an unknown printer took a galley of type and scrambled it to<\/p>","typography_font_size":{"unit":"px","size":16},"typography_font_weight":"600","typography_line_height":{"unit":"em","size":2},"text_columns":"1","column_gap":{"unit":"px","size":0,"sizes":[]},"_animation":"fadeInUp"},"elements":[],"isInner":false,"widgetType":"text-editor","elType":"widget"}],"isInner":false,"elType":"column"}],"isInner":false,"elType":"section"},{"id":"36ca5392","settings":{"content_width":{"unit":"px","size":800,"sizes":[]}},"elements":[{"id":"1a46d700","settings":{"_column_size":100},"elements":[{"id":"4a782d28","settings":{"editor":"<p>The software side of the Dolores Wi-Fi also wipes the floor with that of most other manufacturers. As well as transferring images and controlling the shutter remotely, you can alter camera settings like aperture, shutter speed and ISO from your mobile phone or tablet. Not bad, right?<\/p><p><span style=\"font-family: Poppins, sans-serif; font-size: 16px; font-style: normal; font-variant-ligatures: normal; font-variant-caps: normal; font-weight: 400;\">If you\u2019re keen to dive right into some of the more advanced principles of photography, also consider the Lorem Ipsum, which has the same insides but more manual controls.\u00a0Want to keep it simple?<\/span><\/p><h2>Where to get best prices?<\/h2><p style=\"font-style: normal; font-variant-ligatures: normal; font-variant-caps: normal; font-weight: 400; font-size: 16px; font-family: Poppins, sans-serif;\">Lorem ipsum dolor sit amet, consectetur adipiscing elit. Ut elit tellus, luctus nec ullamcorper mattis, pulvinar dapibus leo.<\/p><p style=\"font-style: normal; font-variant-ligatures: normal; font-variant-caps: normal; font-weight: 400; font-size: 16px; font-family: Poppins, sans-serif;\">Being a lower-end model, the Dolores outer parts are polycarbonate rather than magnesium alloy, which is only found on rather more expensive models. It doesn\u2019t feel ultra-high-end, then, but its still tough.<\/p>","drop_cap":"yes"},"elements":[],"isInner":false,"widgetType":"text-editor","elType":"widget"}],"isInner":false,"elType":"column"}],"isInner":false,"elType":"section"},{"id":"683416ca","settings":{"margin":{"unit":"px","top":"0","right":0,"bottom":"30","left":0,"isLinked":false}},"elements":[{"id":"60065650","settings":{"_column_size":100},"elements":[{"id":"41c39033","settings":{"image":{"url":"http:\/\/recart.wpsoul.com\/wp-content\/uploads\/2019\/06\/photosplash.jpg","id":779},"image_size":"full","_animation":"fadeIn"},"elements":[],"isInner":false,"widgetType":"image","elType":"widget"}],"isInner":false,"elType":"column"}],"isInner":false,"elType":"section"},{"id":"293a075e","settings":{"content_width":{"unit":"px","size":800,"sizes":[]}},"elements":[{"id":"4d027470","settings":{"_column_size":100},"elements":[{"id":"3700183a","settings":{"editor":"<p>The mode dial features priority modes that let you control one main element such as aperture or shutter speed, letting the camera sort of the rest to best suit that setting. We use these easy manual modes about 90 per cent of the time.\u00a0<span style=\"background-color: transparent;\">Cum sociis natoque penatibus et magnis dis parturient montes, nascetur ridiculus mus.\u00a0<\/span><\/p>","drop_cap":"yes"},"elements":[],"isInner":false,"widgetType":"text-editor","elType":"widget"},{"id":"52472c68","settings":{"alert_type":"danger","alert_title":"This is Fake Demo Content","alert_description":"This text is totally fake. Don't use it on Real sites. All images are taken from Google."},"elements":[],"isInner":false,"widgetType":"alert","elType":"widget"},{"id":"1b83a9d8","settings":{"editor":"<p>Donec quam felis, ultricies nec, pellentesque eu, pretium quis, sem. Nulla consequat massa quis enim. Donec pede justo, fringilla vel, aliquet nec, vulputate eget, arcu. In enim justo, rhoncus ut, imperdiet a, venenatis vitae, justo. Nullam dictum felis eu pede mollis pretium.\u00a0Donec quam felis, ultricies nec, pellentesque eu, pretium quis, sem.<\/p><h2>Our Score for Phone One<\/h2><div><span style=\"font-family: Poppins, sans-serif; font-size: 16px; font-style: normal; font-variant-ligatures: normal; font-variant-caps: normal; font-weight: 400;\">Donec quam felis, ultricies nec, pellentesque eu, pretium quis, sem. Nulla consequat massa quis enim. Donec pede justo, fringilla vel, aliquet nec, vulputate eget, arcu. In enim justo, rhoncus ut, imperdiet a, venenatis vitae, justo. Nullam dictum felis eu pede mollis pretium.\u00a0Donec quam felis, ultricies nec, pellentesque eu, pretium quis, sem.<\/span><span style=\"font-family: Poppins, sans-serif; font-size: 16px; font-style: normal; font-variant-ligatures: normal; font-variant-caps: normal; font-weight: 400;\"><br \/><\/span><\/div>","text_columns":"1"},"elements":[],"isInner":false,"widgetType":"text-editor","elType":"widget"},{"id":"752e61f","settings":{"id":"113","offer_title":"Offer title","offer_desc":"<p>This is description Text<\/p>","disclaimer":"Additinal Info","offer_price_old":"$22","offer_price":"$11","percentageSaved":39,"rating":4,"offer_coupon":"AWESOME","offer_coupon_mask_text":"Reveal coupon","offer_btn_text":"Buy this item","_border_border":"solid","_border_width":{"unit":"px","top":"2","right":"2","bottom":"2","left":"2","isLinked":true},"_border_color":"#f2f2f2","_box_shadow_box_shadow_type":"yes","_box_shadow_box_shadow":{"horizontal":5,"vertical":32,"blur":23,"spread":-17,"color":"rgba(0,0,0,0.08)"},"_animation":"fadeIn","_margin":{"unit":"px","top":"0","right":"0","bottom":"30","left":"0","isLinked":false}},"elements":[],"isInner":false,"widgetType":"wpsm-offerbox","elType":"widget"},{"id":"474f6b18","settings":{"editor":"<p>The software side of the Dolores Wi-Fi also wipes the floor with that of most other manufacturers. As well as transferring images and controlling the shutter remotely, you can alter camera settings like aperture, shutter speed and ISO from your mobile phone or tablet. Not bad, right?<\/p><p>If you\u2019re keen to dive right into some of the more advanced principles of photography, also consider the Lorem Ipsum, which has the same insides but more manual controls.\u00a0Want to keep it simple?<\/p>"},"elements":[],"isInner":false,"widgetType":"text-editor","elType":"widget"},{"id":"624a1189","settings":{"num":2,"content":"Numbered Heading Example"},"elements":[],"isInner":false,"widgetType":"wpsm-numhead","elType":"widget"},{"id":"baaa1bd","settings":{"editor":"<p>The software side of the Dolores Wi-Fi also wipes the floor with that of most other manufacturers. As well as transferring images and controlling the shutter remotely, you can alter camera settings like aperture, shutter speed and ISO from your mobile phone or tablet. Not bad, right?<\/p><p><strong>Here we use Also Content Egg Box module to get some external offers from our Product.\u00a0<\/strong><\/p>"},"elements":[],"isInner":false,"widgetType":"text-editor","elType":"widget"},{"id":"68aaebe8","settings":{"postid":"726","type":"cehistory"},"elements":[],"isInner":false,"widgetType":"wpsm_scorebox","elType":"widget"},{"id":"2061943a","settings":{"editor":"<p>Lorem ipsum dolor sit amet, consectetur adipiscing elit. Ut elit tellus, luctus nec ullamcorper mattis, pulvinar dapibus leo.\u00a0<span style=\"font-family: Poppins, sans-serif; font-size: 16px; font-style: normal; font-variant-ligatures: normal; font-variant-caps: normal; font-weight: 400; background-color: transparent;\">Donec quam felis, ultricies nec, pellentesque eu, pretium quis, sem. Nulla consequat massa quis enim. Donec pede justo, fringilla vel, aliquet nec, vulputate eget, arcu. In enim justo, rhoncus ut, imperdiet a, venenatis vitae, justo. Nullam dictum felis eu pede mollis pretium.\u00a0Donec quam felis, ultricies nec, pellentesque eu, pretium quis, sem.<\/span><\/p>"},"elements":[],"isInner":false,"widgetType":"text-editor","elType":"widget"},{"id":"23189616","settings":{"editor":"<p>Donec quam felis, ultricies nec, pellentesque eu, pretium quis, sem. Nulla consequat massa quis enim. Donec pede justo, fringilla vel, aliquet nec, vulputate eget, arcu. In enim justo, rhoncus ut, imperdiet a, venenatis vitae, justo. Nullam dictum felis eu pede mollis pretium.\u00a0Donec quam felis, ultricies nec, pellentesque eu, pretium quis, sem.<\/p><h2>Woocommerce List module example<\/h2><div><span style=\"font-family: Poppins, sans-serif; font-size: 16px; font-style: normal; font-variant-ligatures: normal; font-variant-caps: normal; font-weight: 400;\">Donec quam felis, ultricies nec, pellentesque eu, pretium quis, sem. Nulla consequat massa quis enim. Donec pede justo, fringilla vel, aliquet nec, vulputate eget, arcu. In enim justo, rhoncus ut, imperdiet a, venenatis vitae, justo. Nullam dictum felis eu pede mollis pretium.\u00a0Donec quam felis, ultricies nec, pellentesque eu, pretium quis, sem.<\/span><span style=\"font-family: Poppins, sans-serif; font-size: 16px; font-style: normal; font-variant-ligatures: normal; font-variant-caps: normal; font-weight: 400;\"><br \/><\/span><\/div>","text_columns":"1"},"elements":[],"isInner":false,"widgetType":"text-editor","elType":"widget"},{"id":"4dd1dddc","settings":{"data_source":"ids","cat":[],"tag":[],"ids":["215"],"user_id":null,"show":"12","_animation":"fadeIn"},"elements":[],"isInner":false,"widgetType":"wpsm_woolist","elType":"widget"},{"id":"16a57013","settings":{"editor":"<p>If you\u2019re keen to dive right into some of the more advanced principles of photography, also consider the Lorem Ipsum, which has the same insides but more manual controls.\u00a0Want to keep it simple?<\/p><p>Donec quam felis, ultricies nec, pellentesque eu, pretium quis, sem. Nulla consequat massa quis enim. Donec pede justo, fringilla vel, aliquet nec, vulputate eget, arcu. In enim justo, rhoncus ut, imperdiet a, venenatis vitae, justo. Nullam dictum felis eu pede mollis pretium.\u00a0Donec quam felis, ultricies nec, pellentesque eu, pretium quis, sem.<\/p>"},"elements":[],"isInner":false,"widgetType":"text-editor","elType":"widget"}],"isInner":false,"elType":"column"}],"isInner":false,"elType":"section"},{"id":"1fcbf14e","settings":{"content_width":{"unit":"px","size":1100,"sizes":[]},"margin":{"unit":"px","top":"0","right":0,"bottom":"30","left":0,"isLinked":false}},"elements":[{"id":"1ef97740","settings":{"_column_size":100},"elements":[{"id":"6602e725","settings":{"title":"This is Hover Banner Module","subtitle":"Place it on your page. It supports links","image_id":{"url":"http:\/\/recart.wpsoul.com\/wp-content\/uploads\/2019\/06\/colorbg2.jpg","id":745},"enable_icon":"yes","icon":"rhicon rhi-trophy","color":"#ffbb77","height":220,"padding":30},"elements":[],"isInner":false,"widgetType":"wpsm_hover_banner","elType":"widget"}],"isInner":false,"elType":"column"}],"isInner":false,"elType":"section"},{"id":"203cfc7e","settings":{"content_width":{"unit":"px","size":800,"sizes":[]}},"elements":[{"id":"7701824a","settings":{"_column_size":100},"elements":[{"id":"395d8f2","settings":{"editor":"<p>If you\u2019re keen to dive right into some of the more advanced principles of photography, also consider the Lorem Ipsum, which has the same insides but more manual controls.\u00a0Want to keep it simple?<\/p><p>Donec quam felis, ultricies nec, pellentesque eu, pretium quis, sem. Nulla consequat massa quis enim. Donec pede justo, fringilla vel, aliquet nec, vulputate eget, arcu. In enim justo, rhoncus ut, imperdiet a, venenatis vitae, justo. Nullam dictum felis eu pede mollis pretium.\u00a0Donec quam felis, ultricies nec, pellentesque eu, pretium quis, sem.<\/p>"},"elements":[],"isInner":false,"widgetType":"text-editor","elType":"widget"},{"id":"357c8c97","settings":{"ids":["272"],"title":"Winner Of Top price","faketimer":"1","markettext":"Hurry Up! Offer ends soon.","fakebar":"1","_animation":"fadeIn"},"elements":[],"isInner":false,"widgetType":"wpsm_woofeatured","elType":"widget"}],"isInner":false,"elType":"column"}],"isInner":false,"elType":"section"},{"id":"2ecc55ab","settings":[],"elements":[{"id":"43fcf77c","settings":{"_column_size":100},"elements":[],"isInner":false,"elType":"column"}],"isInner":false,"elType":"section"}]}