{"version":"0.4","title":"How it works page","type":"page","content":[{"id":"4ccdc401","settings":{"background_background":"classic","background_image":{"url":"https:\/\/bookingmarketplace.getdokan.com\/wp-content\/uploads\/2019\/08\/bg4.jpg","id":159},"background_repeat":"no-repeat","background_size":"cover","padding":{"unit":"px","top":"140","right":"0","bottom":"140","left":"0","isLinked":false},"content_width":{"unit":"px","size":800,"sizes":[]},"background_overlay_background":"gradient","background_overlay_color":"#ffee00","background_overlay_color_b":"#00adf2","background_overlay_gradient_angle":{"unit":"deg","size":120,"sizes":[]}},"elements":[{"id":"372e7bbb","settings":{"_column_size":100,"padding":{"unit":"px","top":"25","right":"25","bottom":"25","left":"25","isLinked":true}},"elements":[{"id":"2450cd9d","settings":{"title":"<b><i>Add your tour, and we<\/i><\/b><br> will publish it on the site","header_size":"div","title_color":"#ffffff","typography_typography":"custom","typography_font_size":{"unit":"px","size":55,"sizes":[]},"_margin":{"unit":"px","top":"0","right":"0","bottom":"30","left":"0","isLinked":false},"_animation":"stuckMoveUpOpacity","animation_duration":"fast"},"elements":[],"isInner":false,"widgetType":"heading","elType":"widget"},{"id":"5cfb20ba","settings":{"text":"Add Tour","link":{"url":"\/dashboard","is_external":"","nofollow":""},"size":"lg","typography_typography":"custom","typography_font_size":{"unit":"px","size":20,"sizes":[]},"typography_font_weight":"bold","background_color":"#ff5533","button_background_hover_color":"#61ce70","hover_animation":"push","_margin":{"unit":"px","top":"0","right":"30","bottom":"0","left":"0","isLinked":false},"_element_width":"auto","_animation":"stuckMoveUpOpacity","animation_duration":"fast","_animation_delay":500},"elements":[],"isInner":false,"widgetType":"button","elType":"widget"},{"id":"3c6acdc7","settings":{"text":"Video Review","link":{"url":"https:\/\/www.youtube.com\/channel\/UCt3I0SO9yZ8ivyx4qKNCpJQ\/videos","is_external":"","nofollow":""},"size":"lg","selected_icon":{"value":"rhicon rhi-play-circle","library":"fa-light"},"typography_typography":"custom","typography_font_size":{"unit":"px","size":20,"sizes":[]},"typography_font_weight":"normal","background_color":"rgba(255,85,51,0)","button_background_hover_color":"#61ce70","hover_animation":"push","_element_width":"auto","_animation":"stuckMoveUpOpacity","animation_duration":"fast","_animation_delay":800},"elements":[],"isInner":false,"widgetType":"button","elType":"widget"}],"isInner":false,"elType":"column"}],"isInner":false,"elType":"section"},{"id":"13e05ef8","settings":{"content_width":{"unit":"px","size":850,"sizes":[]},"padding":{"unit":"px","top":"60","right":"0","bottom":"60","left":"0","isLinked":false},"background_background":"classic","background_color":"#f5f7fc","background_image":{"url":"https:\/\/bookingmarketplace.getdokan.com\/wp-content\/uploads\/2019\/08\/bg5.png","id":177},"background_position":"bottom center","background_repeat":"no-repeat"},"elements":[{"id":"4be4cab9","settings":{"_column_size":100},"elements":[{"id":"2bf525ca","settings":{"title":"<b><i>How it <\/i><\/b>works","header_size":"div","typography_typography":"custom","typography_font_size":{"unit":"px","size":40,"sizes":[]},"align":"center","_margin":{"unit":"px","top":"0","right":"0","bottom":"30","left":"0","isLinked":false},"_animation":"stuckMoveUpOpacity","animation_duration":"fast","_animation_delay":400},"elements":[],"isInner":false,"widgetType":"heading","elType":"widget"},{"id":"42a0ccc","settings":[],"elements":[{"id":"76e39f3a","settings":{"_column_size":100,"_inline_size":null,"align_mobile":"center"},"elements":[{"id":"7a948033","settings":{"image":{"url":"https:\/\/bookingmarketplace.getdokan.com\/wp-content\/uploads\/2019\/08\/icon4.png","id":168},"title_text":"","description_text":"You add a tour or trip to<br\/> our platform","description_typography_typography":"custom","description_typography_font_size":{"unit":"px","size":20,"sizes":[]},"_element_width":"auto","image_space":{"unit":"px","size":25,"sizes":[]},"image_size":{"unit":"%","size":45,"sizes":[]},"_animation":"zoomIn","animation_duration":"fast"},"elements":[],"isInner":false,"widgetType":"image-box","elType":"widget"},{"id":"6c45039d","settings":{"image":{"url":"https:\/\/bookingmarketplace.getdokan.com\/wp-content\/uploads\/2019\/08\/arrow7.png","id":167},"image_size":"full","_margin":{"unit":"px","top":"35","right":"0","bottom":"0","left":"0","isLinked":false},"_element_width":"auto","_animation":"flip-r-r-s","_animation_delay":500},"elements":[],"isInner":false,"widgetType":"image","elType":"widget"}],"isInner":true,"elType":"column"}],"isInner":true,"elType":"section"},{"id":"795e4675","settings":{"margin":{"unit":"px","top":"-40","right":0,"bottom":"0","left":0,"isLinked":false}},"elements":[{"id":"52a8b580","settings":{"_column_size":100,"_inline_size":null,"align":"flex-end","align_mobile":"center"},"elements":[{"id":"34e05b84","settings":{"image":{"url":"https:\/\/bookingmarketplace.getdokan.com\/wp-content\/uploads\/2019\/08\/arrow8.png","id":171},"image_size":"full","_margin":{"unit":"px","top":"35","right":"0","bottom":"0","left":"0","isLinked":false},"_element_width":"auto","_animation":"flip-l-r-s","_animation_delay":500,"hide_mobile":"hidden-phone"},"elements":[],"isInner":false,"widgetType":"image","elType":"widget"},{"id":"1d4498e8","settings":{"image":{"url":"https:\/\/bookingmarketplace.getdokan.com\/wp-content\/uploads\/2019\/08\/icon5.png","id":170},"title_text":"","description_text":"We publish it on our <br\/>website","description_typography_typography":"custom","description_typography_font_size":{"unit":"px","size":20,"sizes":[]},"_element_width":"auto","image_space":{"unit":"px","size":25,"sizes":[]},"image_size":{"unit":"%","size":55,"sizes":[]},"_animation":"zoomIn","animation_duration":"fast","_animation_delay":200},"elements":[],"isInner":false,"widgetType":"image-box","elType":"widget"}],"isInner":true,"elType":"column"}],"isInner":true,"elType":"section"},{"id":"389cf46e","settings":{"margin":{"unit":"px","top":"-40","right":0,"bottom":"0","left":0,"isLinked":false},"margin_mobile":{"unit":"px","top":"0","right":0,"bottom":"0","left":0,"isLinked":true}},"elements":[{"id":"58524574","settings":{"_column_size":100,"_inline_size":null,"align_mobile":"center"},"elements":[{"id":"564222ab","settings":{"image":{"url":"https:\/\/bookingmarketplace.getdokan.com\/wp-content\/uploads\/2019\/08\/icon6.png","id":173},"title_text":"","description_text":"Visitors to our site find it<br\/> through our search","description_typography_typography":"custom","description_typography_font_size":{"unit":"px","size":20,"sizes":[]},"_element_width":"auto","image_space":{"unit":"px","size":25,"sizes":[]},"image_size":{"unit":"%","size":50,"sizes":[]},"_animation":"zoomIn","animation_duration":"fast"},"elements":[],"isInner":false,"widgetType":"image-box","elType":"widget"},{"id":"3a05e133","settings":{"image":{"url":"https:\/\/bookingmarketplace.getdokan.com\/wp-content\/uploads\/2019\/08\/arrow9.png","id":174},"image_size":"full","_margin":{"unit":"px","top":"35","right":"0","bottom":"0","left":"0","isLinked":false},"_element_width":"auto","_animation":"flip-r-r-s","_animation_delay":500},"elements":[],"isInner":false,"widgetType":"image","elType":"widget"}],"isInner":true,"elType":"column"}],"isInner":true,"elType":"section"},{"id":"56721ef5","settings":{"margin":{"unit":"px","top":"-40","right":0,"bottom":"0","left":0,"isLinked":false},"margin_tablet":{"unit":"px","top":"-15","right":0,"bottom":"0","left":0,"isLinked":false},"margin_mobile":{"unit":"px","top":"0","right":0,"bottom":"0","left":0,"isLinked":true}},"elements":[{"id":"6411c1c1","settings":{"_column_size":100,"_inline_size":null,"align":"flex-end","align_mobile":"center"},"elements":[{"id":"43ec2aa1","settings":{"image":{"url":"https:\/\/bookingmarketplace.getdokan.com\/wp-content\/uploads\/2019\/08\/arrow10.png","id":176},"image_size":"full","_margin":{"unit":"px","top":"75","right":"0","bottom":"0","left":"0","isLinked":false},"_element_width":"auto","_animation":"flip-l-r-s","_animation_delay":500},"elements":[],"isInner":false,"widgetType":"image","elType":"widget"},{"id":"637c87b2","settings":{"image":{"url":"https:\/\/bookingmarketplace.getdokan.com\/wp-content\/uploads\/2019\/08\/icon7.png","id":175},"title_text":"","description_text":"You get satisfied customers  <br\/>for your trip","description_typography_typography":"custom","description_typography_font_size":{"unit":"px","size":20,"sizes":[]},"_element_width":"auto","image_space":{"unit":"px","size":25,"sizes":[]},"image_size":{"unit":"%","size":60,"sizes":[]},"_animation":"zoomIn","animation_duration":"fast"},"elements":[],"isInner":false,"widgetType":"image-box","elType":"widget"}],"isInner":true,"elType":"column"}],"isInner":true,"elType":"section"},{"id":"5be211e0","settings":[],"elements":[{"id":"280b6699","settings":{"_column_size":100,"_inline_size":null,"align":"center","align_mobile":"center"},"elements":[{"id":"2b92163b","settings":{"text":"Add Tour","link":{"url":"\/dashboard","is_external":"","nofollow":""},"size":"xl","typography_typography":"custom","typography_font_size":{"unit":"px","size":25,"sizes":[]},"typography_font_weight":"bold","background_color":"#ff5533","button_background_hover_color":"#61ce70","hover_animation":"push","_margin":{"unit":"px","top":"0","right":"40","bottom":"0","left":"0","isLinked":false},"_element_width":"auto","_margin_mobile":{"unit":"px","top":"0","right":"0","bottom":"0","left":"0","isLinked":true},"_animation":"swing-in-top-fwd","_animation_delay":300},"elements":[],"isInner":false,"widgetType":"button","elType":"widget"}],"isInner":true,"elType":"column"}],"isInner":true,"elType":"section"}],"isInner":false,"elType":"column"}],"isInner":false,"elType":"section"},{"id":"7f15cb35","settings":{"background_background":"classic","background_gradient_angle":{"unit":"deg","size":90,"sizes":[]},"stretch_section":"section-stretched","content_position":"middle","padding":{"unit":"px","top":"60","right":"0","bottom":"60","left":"0","isLinked":false},"margin":{"unit":"px","top":"0","right":0,"bottom":"30","left":0,"isLinked":false},"margin_mobile":{"unit":"px","top":"","right":0,"bottom":"","left":0,"isLinked":true}},"elements":[{"id":"539b51ee","settings":{"_column_size":100,"_inline_size":null,"space_between_widgets":10},"elements":[{"id":"51df9696","settings":{"title":"<b><i>Our happy<\/i><\/b> customer's reviews","typography_typography":"custom","typography_font_size":{"unit":"px","size":33,"sizes":[]},"typography_line_height":{"unit":"px","size":30,"sizes":[]},"header_size":"div","align_mobile":"center","typography_font_weight":"normal","align":"center","_animation":"fadeInUp","animation_duration":"fast"},"elements":[],"isInner":false,"widgetType":"heading","elType":"widget"},{"id":"522f3f5c","settings":{"title":"Check what other think about Us","title_color":"#b5b5b5","typography_typography":"custom","typography_font_size":{"unit":"px","size":16,"sizes":[]},"typography_line_height":{"unit":"px","size":20,"sizes":[]},"header_size":"div","align_mobile":"center","typography_font_weight":"normal","align":"center","_animation":"fadeInUp","_animation_delay":300},"elements":[],"isInner":false,"widgetType":"heading","elType":"widget"},{"id":"11a849e5","settings":{"structure":"30","padding":{"unit":"px","top":"35","right":"0","bottom":"0","left":"0","isLinked":false},"padding_tablet":{"unit":"px","top":"15","right":"0","bottom":"0","left":"0","isLinked":false},"margin":{"unit":"px","top":"30","right":0,"bottom":"0","left":0,"isLinked":false},"z_index":2},"elements":[{"id":"23b526c2","settings":{"_column_size":33,"_inline_size":null,"border_width":{"unit":"px","top":"1","right":"1","bottom":"1","left":"1","isLinked":true},"border_radius":{"unit":"px","top":"10","right":"10","bottom":"10","left":"10","isLinked":true},"margin":{"unit":"px","top":"0","right":"16","bottom":"0","left":"0","isLinked":false},"padding":{"unit":"px","top":"60","right":"35","bottom":"35","left":"35","isLinked":false},"box_shadow_box_shadow":{"horizontal":0,"vertical":0,"blur":25,"spread":0,"color":"rgba(0,0,0,0.15)"},"box_shadow_hover_box_shadow_type":"yes","box_shadow_hover_box_shadow":{"horizontal":0,"vertical":0,"blur":40,"spread":0,"color":"rgba(0,0,0,0.2)"},"margin_mobile":{"unit":"px","top":"0","right":"0","bottom":"60","left":"0","isLinked":false},"background_background":"classic","background_color":"#f8f5f0","animation":"stuckMoveUpOpacity","animation_duration":"fast","animation_delay":500},"elements":[{"id":"46ba0608","settings":{"testimonial_content":"Lorem ipsum dolor sit amet, consectetur adipiscing elit. Ut elit tellus, luctus nec ullamcorper mattis, pulvinar dapibus leo.","testimonial_image":{"url":"","id":""},"testimonial_name":"Adam Sendler","testimonial_job":"Designer","testimonial_alignment":"left","content_typography_typography":"custom","content_typography_font_size":{"unit":"px","size":15},"content_typography_font_weight":"300","content_typography_line_height":{"unit":"em","size":1.8},"image_size":{"unit":"px","size":55},"name_typography_typography":"custom","name_typography_font_size":{"unit":"px","size":18},"job_text_color":"#9e9e9e","job_typography_typography":"custom","job_typography_font_size":{"unit":"px","size":15},"job_typography_font_weight":"300","name_typography_font_size_tablet":{"unit":"px","size":18},"_z_index":2,"name_typography_font_weight":"bold"},"elements":[],"isInner":false,"widgetType":"testimonial","elType":"widget"},{"id":"5713263a","settings":{"selected_icon":{"value":"rhicon rhi-quote-left","library":"fa-solid"},"primary_color":"#efd9cb","_z_index":1,"_element_width":"auto","_position":"absolute","_offset_orientation_h":"end","_offset_orientation_v":"end","_offset_y_end":{"unit":"px","size":10,"sizes":[]}},"elements":[],"isInner":false,"widgetType":"icon","elType":"widget"},{"id":"76800cf9","settings":{"image":{"id":178,"url":"https:\/\/bookingmarketplace.getdokan.com\/wp-content\/uploads\/2019\/08\/user1-100x100.png"},"image_size":"full","_element_width":"auto","_position":"absolute","_offset_y":{"unit":"px","size":-90,"sizes":[]},"_offset_y_end":{"unit":"px","size":24,"sizes":[]},"image_border_border":"solid","image_border_width":{"unit":"px","top":"3","right":"3","bottom":"3","left":"3","isLinked":true},"image_border_color":"#ffffff","image_border_radius":{"unit":"%","top":"50","right":"50","bottom":"50","left":"50","isLinked":true},"image_box_shadow_box_shadow_type":"yes","image_box_shadow_box_shadow":{"horizontal":0,"vertical":0,"blur":10,"spread":0,"color":"rgba(0,0,0,0.21)"}},"elements":[],"isInner":false,"widgetType":"image","elType":"widget"}],"isInner":true,"elType":"column"},{"id":"3f7319cb","settings":{"_column_size":33,"_inline_size":null,"border_width":{"unit":"px","top":"1","right":"1","bottom":"1","left":"1","isLinked":true},"border_radius":{"unit":"px","top":"10","right":"10","bottom":"10","left":"10","isLinked":true},"margin":{"unit":"px","top":"0","right":"16","bottom":"0","left":"0","isLinked":false},"padding":{"unit":"px","top":"60","right":"35","bottom":"35","left":"35","isLinked":false},"box_shadow_box_shadow":{"horizontal":0,"vertical":0,"blur":25,"spread":0,"color":"rgba(0,0,0,0.15)"},"box_shadow_hover_box_shadow_type":"yes","box_shadow_hover_box_shadow":{"horizontal":0,"vertical":0,"blur":40,"spread":0,"color":"rgba(0,0,0,0.2)"},"margin_mobile":{"unit":"px","top":"0","right":"0","bottom":"60","left":"0","isLinked":false},"background_background":"classic","background_color":"#f8f5f0","animation":"stuckMoveUpOpacity","animation_delay":900,"animation_duration":"fast"},"elements":[{"id":"137df401","settings":{"testimonial_content":"Lorem ipsum dolor sit amet, consectetur adipiscing elit. Ut elit tellus, luctus nec ullamcorper mattis, pulvinar dapibus leo.","testimonial_image":{"url":"","id":""},"testimonial_name":"Oliver Snow","testimonial_job":"Digital Artist","testimonial_alignment":"left","content_typography_typography":"custom","content_typography_font_size":{"unit":"px","size":15},"content_typography_font_weight":"300","content_typography_line_height":{"unit":"em","size":1.8},"image_size":{"unit":"px","size":55},"name_typography_typography":"custom","name_typography_font_size":{"unit":"px","size":18},"job_text_color":"#9e9e9e","job_typography_typography":"custom","job_typography_font_size":{"unit":"px","size":15},"job_typography_font_weight":"300","name_typography_font_size_tablet":{"unit":"px","size":18},"_z_index":2,"name_typography_font_weight":"bold"},"elements":[],"isInner":false,"widgetType":"testimonial","elType":"widget"},{"id":"2dae88b5","settings":{"selected_icon":{"value":"rhicon rhi-quote-left","library":"fa-solid"},"primary_color":"#efd9cb","_z_index":1,"_element_width":"auto","_position":"absolute","_offset_orientation_h":"end","_offset_orientation_v":"end","_offset_y_end":{"unit":"px","size":10,"sizes":[]}},"elements":[],"isInner":false,"widgetType":"icon","elType":"widget"},{"id":"7082eac4","settings":{"image":{"id":179,"url":"https:\/\/bookingmarketplace.getdokan.com\/wp-content\/uploads\/2019\/08\/user2-100x100-e1563369345635.png"},"image_size":"full","_element_width":"auto","_position":"absolute","_offset_y":{"unit":"px","size":-90,"sizes":[]},"_offset_y_end":{"unit":"px","size":24,"sizes":[]},"image_border_border":"solid","image_border_width":{"unit":"px","top":"3","right":"3","bottom":"3","left":"3","isLinked":true},"image_border_color":"#ffffff","image_border_radius":{"unit":"%","top":"50","right":"50","bottom":"50","left":"50","isLinked":true},"image_box_shadow_box_shadow_type":"yes","image_box_shadow_box_shadow":{"horizontal":0,"vertical":0,"blur":10,"spread":0,"color":"rgba(0,0,0,0.21)"}},"elements":[],"isInner":false,"widgetType":"image","elType":"widget"}],"isInner":true,"elType":"column"},{"id":"2c6d15b5","settings":{"_column_size":33,"_inline_size":null,"border_width":{"unit":"px","top":"1","right":"1","bottom":"1","left":"1","isLinked":true},"border_radius":{"unit":"px","top":"10","right":"10","bottom":"10","left":"10","isLinked":true},"margin":{"unit":"px","top":"0","right":"16","bottom":"0","left":"0","isLinked":false},"padding":{"unit":"px","top":"60","right":"35","bottom":"35","left":"35","isLinked":false},"box_shadow_box_shadow":{"horizontal":0,"vertical":0,"blur":25,"spread":0,"color":"rgba(0,0,0,0.15)"},"box_shadow_hover_box_shadow_type":"yes","box_shadow_hover_box_shadow":{"horizontal":0,"vertical":0,"blur":40,"spread":0,"color":"rgba(0,0,0,0.2)"},"margin_mobile":{"unit":"px","top":"0","right":"0","bottom":"60","left":"0","isLinked":false},"background_background":"classic","background_color":"#f8f5f0","animation":"stuckMoveUpOpacity","animation_delay":1400,"animation_duration":"fast"},"elements":[{"id":"284308e8","settings":{"testimonial_content":"Lorem ipsum dolor sit amet, consectetur adipiscing elit. Ut elit tellus, luctus nec ullamcorper mattis, pulvinar dapibus leo.","testimonial_image":{"url":"","id":""},"testimonial_name":"Katerina Bezobrazova","testimonial_job":"Marketing","testimonial_alignment":"left","content_typography_typography":"custom","content_typography_font_size":{"unit":"px","size":15},"content_typography_font_weight":"300","content_typography_line_height":{"unit":"em","size":1.8},"image_size":{"unit":"px","size":55},"name_typography_typography":"custom","name_typography_font_size":{"unit":"px","size":18},"job_text_color":"#9e9e9e","job_typography_typography":"custom","job_typography_font_size":{"unit":"px","size":15},"job_typography_font_weight":"300","name_typography_font_size_tablet":{"unit":"px","size":18},"_z_index":2,"name_typography_font_weight":"bold"},"elements":[],"isInner":false,"widgetType":"testimonial","elType":"widget"},{"id":"5cc7ee61","settings":{"selected_icon":{"value":"rhicon rhi-quote-left","library":"fa-solid"},"primary_color":"#efd9cb","_z_index":1,"_element_width":"auto","_position":"absolute","_offset_orientation_h":"end","_offset_orientation_v":"end","_offset_y_end":{"unit":"px","size":10,"sizes":[]}},"elements":[],"isInner":false,"widgetType":"icon","elType":"widget"},{"id":"3656b905","settings":{"image":{"id":180,"url":"https:\/\/bookingmarketplace.getdokan.com\/wp-content\/uploads\/2019\/08\/user3-100x100-e1563369363413.png"},"image_size":"full","_element_width":"auto","_position":"absolute","_offset_y":{"unit":"px","size":-90,"sizes":[]},"_offset_y_end":{"unit":"px","size":24,"sizes":[]},"image_border_border":"solid","image_border_width":{"unit":"px","top":"3","right":"3","bottom":"3","left":"3","isLinked":true},"image_border_color":"#ffffff","image_border_radius":{"unit":"%","top":"50","right":"50","bottom":"50","left":"50","isLinked":true},"image_box_shadow_box_shadow_type":"yes","image_box_shadow_box_shadow":{"horizontal":0,"vertical":0,"blur":10,"spread":0,"color":"rgba(0,0,0,0.21)"}},"elements":[],"isInner":false,"widgetType":"image","elType":"widget"}],"isInner":true,"elType":"column"}],"isInner":true,"elType":"section"}],"isInner":false,"elType":"column"}],"isInner":false,"elType":"section"},{"id":"2b3fd27d","settings":{"gap":"no","custom_height":{"unit":"px","size":900},"content_position":"middle","padding":{"unit":"px","top":"60","right":"0","bottom":"60","left":"0","isLinked":false},"padding_tablet":{"unit":"px","top":"100","right":"25","bottom":"100","left":"25","isLinked":false},"padding_mobile":{"unit":"px","top":"50","right":"20","bottom":"50","left":"20","isLinked":false},"content_width":{"unit":"px","size":900},"background_background":"classic","background_color":"#f8f5f0"},"elements":[{"id":"5d6a07e9","settings":{"_column_size":100},"elements":[{"id":"b06905a","settings":{"title":"<b><i>Answers<\/i><\/b> on questions","typography_typography":"custom","typography_font_size":{"unit":"px","size":33,"sizes":[]},"typography_line_height":{"unit":"px","size":30,"sizes":[]},"header_size":"div","align_mobile":"center","typography_font_weight":"normal","align":"center","_animation":"fadeInUp","animation_duration":"fast"},"elements":[],"isInner":false,"widgetType":"heading","elType":"widget"},{"id":"468c2ac9","settings":{"gap":"no","content_position":"middle","structure":"20","padding":{"unit":"px","top":"55","right":"0","bottom":"0","left":"0","isLinked":false},"animation":"stuckMoveUpOpacity"},"elements":[{"id":"6358d5ce","settings":{"_column_size":50,"_inline_size":null,"padding":{"unit":"%","top":"0","right":"10","bottom":"0","left":"0","isLinked":false},"padding_mobile":{"unit":"px","top":"0","right":"0","bottom":"0","left":"0","isLinked":true}},"elements":[{"id":"29dd7499","settings":{"selected_icon":{"value":"rhicon rhi-location-arrow","library":"fa-light"},"view":"stacked","title_text":"What is Commission for sales?","description_text":"","position":"left","title_size":"div","primary_color":"#ff5533","icon_size":{"unit":"px","size":19,"sizes":[]},"content_vertical_alignment":"middle","title_typography_typography":"custom","title_typography_font_size":{"unit":"px","size":20,"sizes":[]},"title_typography_font_weight":"bold","description_typography_typography":"custom"},"elements":[],"isInner":false,"widgetType":"icon-box","elType":"widget"},{"id":"391bac69","settings":{"editor":"<p>Lorem Ipsum\u00a0is simply dummy text of the printing and typesetting industry. Lorem Ipsum has been the industry's standard<\/p>","typography_typography":"custom","typography_font_size":{"unit":"px","size":16},"typography_font_weight":"300","_margin":{"unit":"px","top":"-5","right":"0","bottom":"0","left":"0","isLinked":false},"typography_line_height":{"unit":"em","size":1.8}},"elements":[],"isInner":false,"widgetType":"text-editor","elType":"widget"}],"isInner":true,"elType":"column"},{"id":"46d55d81","settings":{"_column_size":50,"_inline_size":null,"padding":{"unit":"%","top":"0","right":"0","bottom":"0","left":"10","isLinked":false},"padding_mobile":{"unit":"px","top":"15","right":"0","bottom":"0","left":"0","isLinked":false}},"elements":[{"id":"627a6907","settings":{"selected_icon":{"value":"rhicon rhi-location-arrow","library":"fa-light"},"view":"stacked","title_text":"Do you have Affiliate System?","description_text":"","position":"left","title_size":"div","primary_color":"#ff5533","icon_size":{"unit":"px","size":19,"sizes":[]},"content_vertical_alignment":"middle","title_typography_typography":"custom","title_typography_font_size":{"unit":"px","size":20,"sizes":[]},"title_typography_font_weight":"bold","description_typography_typography":"custom"},"elements":[],"isInner":false,"widgetType":"icon-box","elType":"widget"},{"id":"7d07d70a","settings":{"editor":"<p>It is a long established fact that a reader will be distracted by the readable content of a page when looking at its layout.<\/p>","typography_typography":"custom","typography_font_size":{"unit":"px","size":16},"typography_font_weight":"300","_margin":{"unit":"px","top":"-5","right":"0","bottom":"0","left":"0","isLinked":false},"typography_line_height":{"unit":"em","size":1.8}},"elements":[],"isInner":false,"widgetType":"text-editor","elType":"widget"}],"isInner":true,"elType":"column"}],"isInner":true,"elType":"section"},{"id":"13b9e76","settings":{"gap":"no","content_position":"middle","structure":"20","padding":{"unit":"px","top":"25","right":"0","bottom":"0","left":"0","isLinked":false},"animation":"stuckMoveUpOpacity"},"elements":[{"id":"6e979162","settings":{"_column_size":50,"_inline_size":null,"padding":{"unit":"%","top":"0","right":"10","bottom":"0","left":"0","isLinked":false},"padding_mobile":{"unit":"px","top":"0","right":"0","bottom":"0","left":"0","isLinked":true}},"elements":[{"id":"5379f5ff","settings":{"selected_icon":{"value":"rhicon rhi-location-arrow","library":"fa-light"},"view":"stacked","title_text":"Is it Free?","description_text":"","position":"left","title_size":"div","primary_color":"#ff5533","icon_size":{"unit":"px","size":19,"sizes":[]},"content_vertical_alignment":"middle","title_typography_typography":"custom","title_typography_font_size":{"unit":"px","size":20,"sizes":[]},"title_typography_font_weight":"bold","description_typography_typography":"custom"},"elements":[],"isInner":false,"widgetType":"icon-box","elType":"widget"},{"id":"726773bc","settings":{"editor":"<p>Contrary to popular belief, Lorem Ipsum is not simply random text. It has roots in a piece of classical<\/p>","typography_typography":"custom","typography_font_size":{"unit":"px","size":16},"typography_font_weight":"300","_margin":{"unit":"px","top":"-5","right":"0","bottom":"0","left":"0","isLinked":false},"typography_line_height":{"unit":"em","size":1.8}},"elements":[],"isInner":false,"widgetType":"text-editor","elType":"widget"}],"isInner":true,"elType":"column"},{"id":"277f05b","settings":{"_column_size":50,"_inline_size":null,"padding":{"unit":"%","top":"0","right":"0","bottom":"0","left":"10","isLinked":false},"padding_mobile":{"unit":"px","top":"15","right":"0","bottom":"0","left":"0","isLinked":false}},"elements":[{"id":"2f5c07df","settings":{"selected_icon":{"value":"rhicon rhi-location-arrow","library":"fa-light"},"view":"stacked","title_text":"Hot to start earning?","description_text":"","position":"left","title_size":"div","primary_color":"#ff5533","icon_size":{"unit":"px","size":19,"sizes":[]},"content_vertical_alignment":"middle","title_typography_typography":"custom","title_typography_font_size":{"unit":"px","size":20,"sizes":[]},"title_typography_font_weight":"bold","description_typography_typography":"custom"},"elements":[],"isInner":false,"widgetType":"icon-box","elType":"widget"},{"id":"3e4c3e75","settings":{"editor":"<p>There are many variations of passages of Lorem Ipsum available, but the majority have suffered alteration<\/p>","typography_typography":"custom","typography_font_size":{"unit":"px","size":16},"typography_font_weight":"300","_margin":{"unit":"px","top":"-5","right":"0","bottom":"0","left":"0","isLinked":false},"typography_line_height":{"unit":"em","size":1.8}},"elements":[],"isInner":false,"widgetType":"text-editor","elType":"widget"}],"isInner":true,"elType":"column"}],"isInner":true,"elType":"section"},{"id":"34aa1380","settings":{"gap":"no","content_position":"middle","structure":"20","padding":{"unit":"px","top":"25","right":"0","bottom":"0","left":"0","isLinked":false},"padding_mobile":{"unit":"px","top":"15","right":"0","bottom":"0","left":"0","isLinked":false},"animation":"stuckMoveUpOpacity"},"elements":[{"id":"584ec4b0","settings":{"_column_size":50,"_inline_size":null,"padding_mobile":{"unit":"px","top":"0","right":"0","bottom":"0","left":"0","isLinked":true}},"elements":[{"id":"107b7dd1","settings":{"selected_icon":{"value":"rhicon rhi-location-arrow","library":"fa-light"},"view":"stacked","title_text":"Which payment Systems do you have?","description_text":"","position":"left","title_size":"div","primary_color":"#ff5533","icon_size":{"unit":"px","size":19,"sizes":[]},"content_vertical_alignment":"middle","title_typography_typography":"custom","title_typography_font_size":{"unit":"px","size":20,"sizes":[]},"title_typography_font_weight":"bold","description_typography_typography":"custom"},"elements":[],"isInner":false,"widgetType":"icon-box","elType":"widget"},{"id":"4931f663","settings":{"editor":"<p>Lorem Ipsum\u00a0is simply dummy text of the printing and typesetting industry. It has been the industry's standard<\/p>","typography_typography":"custom","typography_font_size":{"unit":"px","size":16},"typography_font_weight":"300","_margin":{"unit":"px","top":"-5","right":"0","bottom":"0","left":"0","isLinked":false},"typography_line_height":{"unit":"em","size":1.8}},"elements":[],"isInner":false,"widgetType":"text-editor","elType":"widget"}],"isInner":true,"elType":"column"},{"id":"6bccb8b1","settings":{"_column_size":50,"_inline_size":null,"padding":{"unit":"%","top":"0","right":"0","bottom":"0","left":"10","isLinked":false},"padding_mobile":{"unit":"px","top":"15","right":"0","bottom":"0","left":"0","isLinked":false}},"elements":[{"id":"6fb8acb","settings":{"selected_icon":{"value":"rhicon rhi-location-arrow","library":"fa-light"},"view":"stacked","title_text":"Do I need to have experience?","description_text":"","position":"left","title_size":"div","primary_color":"#ff5533","icon_size":{"unit":"px","size":19,"sizes":[]},"content_vertical_alignment":"middle","title_typography_typography":"custom","title_typography_font_size":{"unit":"px","size":20,"sizes":[]},"title_typography_font_weight":"bold","description_typography_typography":"custom"},"elements":[],"isInner":false,"widgetType":"icon-box","elType":"widget"},{"id":"6ce71d25","settings":{"editor":"<p>Yes, in fact that a reader will be distracted by the readable content of a page when looking at its layout.<\/p>","typography_typography":"custom","typography_font_size":{"unit":"px","size":16},"typography_font_weight":"300","_margin":{"unit":"px","top":"-5","right":"0","bottom":"0","left":"0","isLinked":false},"typography_line_height":{"unit":"em","size":1.8}},"elements":[],"isInner":false,"widgetType":"text-editor","elType":"widget"}],"isInner":true,"elType":"column"}],"isInner":true,"elType":"section"}],"isInner":false,"elType":"column"}],"isInner":false,"elType":"section"}]}