{"version":"0.4","title":"Yellow box offer","type":"page","content":[{"id":"70776590","settings":{"structure":"33","background_background":"classic","background_color":"#feda14"},"elements":[{"id":"62b17911","settings":{"_column_size":25,"_inline_size":null},"elements":[],"isInner":false,"elType":"column"},{"id":"5d2f5b26","settings":{"_column_size":50,"_inline_size":null},"elements":[{"id":"7b4840cc","settings":{"space":{"unit":"px","size":20,"sizes":[]}},"elements":[],"isInner":false,"widgetType":"spacer","elType":"widget"},{"id":"1801552c","settings":{"title":"Special offer for you<br> every day","align":"center","title_color":"#000000","typography_typography":"custom","typography_font_size":{"unit":"px","size":34,"sizes":[]},"typography_font_weight":"300","typography_line_height":{"unit":"px","size":30,"sizes":[]},"_margin":{"unit":"px","top":"0","right":"0","bottom":"10","left":"0","isLinked":false}},"elements":[],"isInner":false,"widgetType":"heading","elType":"widget"},{"id":"32a45640","settings":{"editor":"<p>Sed ut perspiciatis unde omnis iste natus error sit voluptatem accusantium doloremque laudantium, totam rem aperiam. Sed ut perspiciatis unde omnis iste natus error sit voluptatem accusantium doloremque laudantium, totam rem aperiam.<\/p>","align":"center","text_color":"#000000","typography_typography":"custom","typography_font_size":{"unit":"px","size":16,"sizes":[]},"typography_line_height":{"unit":"px","size":24,"sizes":[]}},"elements":[],"isInner":false,"widgetType":"text-editor","elType":"widget"},{"id":"4c1b0f8d","settings":{"text":"see more","align":"center","typography_typography":"custom","background_color":"#50504f","border_border":"solid","border_width":{"unit":"px","top":"1","right":"1","bottom":"1","left":"1","isLinked":true},"border_color":"#000000","border_radius":{"unit":"px","top":"20","right":"20","bottom":"20","left":"20","isLinked":true}},"elements":[],"isInner":false,"widgetType":"button","elType":"widget"},{"id":"138ee98a","settings":{"space":{"unit":"px","size":20,"sizes":[]}},"elements":[],"isInner":false,"widgetType":"spacer","elType":"widget"}],"isInner":false,"elType":"column"},{"id":"52ff5b23","settings":{"_column_size":25,"_inline_size":null},"elements":[{"id":"f5ed5b5","settings":{"image":{"url":"http:\/\/elementor.wpsoul.com\/wp-content\/uploads\/2019\/06\/bomb.png","id":68},"image_size":"full","_position":"absolute","_offset_orientation_v":"end","_offset_y_end":{"unit":"px","size":-44,"sizes":[]},"hide_mobile":"hidden-phone"},"elements":[],"isInner":false,"widgetType":"image","elType":"widget"}],"isInner":false,"elType":"column"}],"isInner":false,"elType":"section"}]}