{"version":"0.4","title":"Product Block with 4 titles","type":"section","content":[{"id":"52d57bef","settings":{"background_background":"classic","background_color":"#0c0b0b","padding":{"unit":"px","top":"150","right":"0","bottom":"150","left":"0","isLinked":false},"content_width":{"unit":"px","size":1200,"sizes":[]},"background_image":{"id":"341","url":"http:\/\/elementor.wpsoul.com\/wp-content\/uploads\/2019\/06\/explode.jpg"},"background_position":"center center","background_attachment":"fixed","background_repeat":"no-repeat","shape_divider_top":"triangle","shape_divider_top_width":{"unit":"%","size":100,"sizes":[]},"shape_divider_top_height":{"unit":"px","size":50,"sizes":[]},"rh_parallax_bg_speed":20},"elements":[{"id":"77f976e5","settings":{"_column_size":100},"elements":[{"id":"4d4934c7","settings":{"title":"Life Doesn\u2019t Wait, Neither Should You","align":"center","title_color":"#ffffff","typography_typography":"custom","typography_font_size":{"unit":"px","size":42,"sizes":[]},"_animation":"fadeInUp"},"elements":[],"isInner":false,"widgetType":"heading","elType":"widget"},{"id":"452422be","settings":{"title":"Action OS is an extremely fast interactive system that combines an efficient, <br>streamlined UI with three accessible buttons to provide rapid, flexible operation. <br>Powering on, recording, and setting modes can all be done in the blink of an eye.\n\n","header_size":"div","align":"center","title_color":"#fff9db","typography_typography":"custom","typography_line_height":{"unit":"em","size":1.5,"sizes":[]},"_animation":"fadeInUp"},"elements":[],"isInner":false,"widgetType":"heading","elType":"widget"},{"id":"252edf58","settings":{"space":{"unit":"px","size":90,"sizes":[]}},"elements":[],"isInner":false,"widgetType":"spacer","elType":"widget"},{"id":"22453c0e","settings":{"structure":"30"},"elements":[{"id":"5f0bb9ae","settings":{"_column_size":33,"_inline_size":null},"elements":[{"id":"43c7825b","settings":{"title":"DESIGN","header_size":"h5","title_color":"#ffffff","typography_typography":"custom","typography_font_size":{"unit":"px","size":25,"sizes":[]},"_margin":{"unit":"px","top":"0","right":"15","bottom":"0","left":"0","isLinked":false},"_element_width":"auto"},"elements":[],"isInner":false,"widgetType":"heading","elType":"widget"},{"id":"2e3a7465","settings":{"color":"#ffffff","width":{"unit":"px","size":80,"sizes":[]},"gap":{"unit":"px","size":14,"sizes":[]},"_element_width":"auto"},"elements":[],"isInner":false,"widgetType":"divider","elType":"widget"},{"id":"4646521","settings":{"title":"Lorem Ipsum Sit Dolores Acvarius Amendies temporadus memorandumus tracideum","header_size":"div","title_color":"#8c8c8c","typography_typography":"custom","typography_line_height":{"unit":"em","size":1.5,"sizes":[]},"_margin":{"unit":"px","top":"15","right":"0","bottom":"0","left":"0","isLinked":false}},"elements":[],"isInner":false,"widgetType":"heading","elType":"widget"},{"id":"6e79d04f","settings":[],"elements":[],"isInner":false,"widgetType":"spacer","elType":"widget"},{"id":"18e7010c","settings":{"title":"FUNCTIONS","header_size":"h5","title_color":"#ffffff","typography_typography":"custom","typography_font_size":{"unit":"px","size":25,"sizes":[]},"_margin":{"unit":"px","top":"0","right":"15","bottom":"0","left":"0","isLinked":false},"_element_width":"auto"},"elements":[],"isInner":false,"widgetType":"heading","elType":"widget"},{"id":"3d95fded","settings":{"color":"#ffffff","width":{"unit":"px","size":80,"sizes":[]},"gap":{"unit":"px","size":14,"sizes":[]},"_element_width":"auto"},"elements":[],"isInner":false,"widgetType":"divider","elType":"widget"},{"id":"5df0ea79","settings":{"title":"Lorem Ipsum Sit Dolores Acvarius Amendies temporadus memorandumus tracideum","header_size":"div","title_color":"#8c8c8c","typography_typography":"custom","typography_line_height":{"unit":"em","size":1.5,"sizes":[]},"_margin":{"unit":"px","top":"15","right":"0","bottom":"0","left":"0","isLinked":false}},"elements":[],"isInner":false,"widgetType":"heading","elType":"widget"}],"isInner":true,"elType":"column"},{"id":"93b58af","settings":{"_column_size":33,"_inline_size":null},"elements":[{"id":"6557a864","settings":{"image":{"id":358,"url":"http:\/\/elementor.wpsoul.com\/wp-content\/uploads\/2019\/06\/djipng.png"},"image_size":"full","rh_infinite_rotate":"infinite","rh_infinite_speed":"25"},"elements":[],"isInner":false,"widgetType":"image","elType":"widget"}],"isInner":true,"elType":"column"},{"id":"68749325","settings":{"_column_size":33,"_inline_size":null,"align":"flex-end"},"elements":[{"id":"4477b7f7","settings":{"color":"#ffffff","width":{"unit":"px","size":80,"sizes":[]},"gap":{"unit":"px","size":14,"sizes":[]},"_element_width":"auto"},"elements":[],"isInner":false,"widgetType":"divider","elType":"widget"},{"id":"488f01be","settings":{"title":"SUPPORT","header_size":"h5","title_color":"#ffffff","typography_typography":"custom","typography_font_size":{"unit":"px","size":25,"sizes":[]},"_margin":{"unit":"px","top":"0","right":"0","bottom":"0","left":"15","isLinked":false},"_element_width":"auto"},"elements":[],"isInner":false,"widgetType":"heading","elType":"widget"},{"id":"212f53fd","settings":{"title":"Lorem Ipsum Sit Dolores Acvarius Amendies temporadus memorandumus tracideum","header_size":"div","align":"right","title_color":"#8c8c8c","typography_typography":"custom","typography_line_height":{"unit":"em","size":1.5,"sizes":[]},"_margin":{"unit":"px","top":"15","right":"0","bottom":"0","left":"0","isLinked":false}},"elements":[],"isInner":false,"widgetType":"heading","elType":"widget"},{"id":"7bb30f8b","settings":[],"elements":[],"isInner":false,"widgetType":"spacer","elType":"widget"},{"id":"6c5e5450","settings":{"color":"#ffffff","width":{"unit":"px","size":80,"sizes":[]},"gap":{"unit":"px","size":14,"sizes":[]},"_element_width":"auto"},"elements":[],"isInner":false,"widgetType":"divider","elType":"widget"},{"id":"322762ee","settings":{"title":"BATTERY","header_size":"h5","title_color":"#ffffff","typography_typography":"custom","typography_font_size":{"unit":"px","size":25,"sizes":[]},"_margin":{"unit":"px","top":"0","right":"0","bottom":"0","left":"15","isLinked":false},"_element_width":"auto"},"elements":[],"isInner":false,"widgetType":"heading","elType":"widget"},{"id":"15fc0089","settings":{"title":"Lorem Ipsum Sit Dolores Acvarius Amendies temporadus memorandumus tracideum","header_size":"div","align":"right","title_color":"#8c8c8c","typography_typography":"custom","typography_line_height":{"unit":"em","size":1.5,"sizes":[]},"_margin":{"unit":"px","top":"15","right":"0","bottom":"0","left":"0","isLinked":false}},"elements":[],"isInner":false,"widgetType":"heading","elType":"widget"}],"isInner":true,"elType":"column"}],"isInner":true,"elType":"section"}],"isInner":false,"elType":"column"}],"isInner":false,"elType":"section"}]}