{"version":"0.4","title":"Service block","type":"section","content":[{"id":"418477c9","settings":{"stretch_section":"section-stretched","gap":"extended","padding":{"unit":"px","top":"0","right":"0","bottom":"115","left":"0","isLinked":false},"structure":"40"},"elements":[{"id":"354f50b9","settings":{"_column_size":25,"_inline_size":null,"background_background":"classic","background_hover_background":"classic","background_overlay_background":"classic","border_radius":{"unit":"px","top":"5","right":"5","bottom":"5","left":"5","isLinked":true},"box_shadow_box_shadow":{"horizontal":0,"vertical":10,"blur":60,"spread":0,"color":"rgba(46,61,98,0.1)"},"background_hover_repeat":"no-repeat","background_overlay_hover_background":"classic","css_filters_hover_css_filter":"custom","background_overlay_opacity":{"unit":"px","size":"","sizes":[]}},"elements":[{"id":"74f4a560","settings":[],"elements":[{"id":"57dee0e7","settings":{"_column_size":100,"_inline_size":null,"padding":{"unit":"px","top":"50","right":"50","bottom":"50","left":"50","isLinked":true},"css_classes":"rh-main-bg-hover csstransall rh-shadow3"},"elements":[{"id":"1749aae3","settings":{"icon":"rhicon rhi-anchor","align":"left","primary_color":"#5dd8d3"},"elements":[],"isInner":false,"widgetType":"icon","elType":"widget"},{"id":"12cac1be","settings":{"title":"Speed\nOptimization","typography_typography":"custom","typography_font_size":{"unit":"px","size":20,"sizes":[]},"typography_font_weight":"normal","typography_line_height":{"unit":"px","size":30,"sizes":[]},"link":{"url":"#","is_external":"","nofollow":""},"header_size":"div"},"elements":[],"isInner":false,"widgetType":"heading","elType":"widget"},{"id":"21f5c506","settings":{"editor":"<p>Lorem ipsum is are many variations of pass of majority.<\/p>","typography_typography":"custom","typography_font_size":{"unit":"px","size":16,"sizes":[]},"typography_line_height":{"unit":"px","size":24,"sizes":[]}},"elements":[],"isInner":false,"widgetType":"text-editor","elType":"widget"},{"id":"3002bf79","settings":{"icon":"rhicon rhi-long-arrow-alt-right","align":"left","size":{"unit":"px","size":35,"sizes":[]},"link":{"url":"#","is_external":"","nofollow":""},"primary_color":"#bdc0c7","hover_primary_color":"#ffffff","hover_animation":"bounce-in"},"elements":[],"isInner":false,"widgetType":"icon","elType":"widget"}],"isInner":true,"elType":"column"}],"isInner":true,"elType":"section"}],"isInner":false,"elType":"column"},{"id":"21c35a9e","settings":{"_column_size":25,"_inline_size":null,"background_background":"classic","background_hover_background":"classic","background_overlay_background":"classic","border_radius":{"unit":"px","top":"5","right":"5","bottom":"5","left":"5","isLinked":true},"box_shadow_box_shadow":{"horizontal":0,"vertical":10,"blur":60,"spread":0,"color":"rgba(46,61,98,0.1)"},"background_hover_repeat":"no-repeat","background_overlay_hover_background":"classic","css_filters_hover_css_filter":"custom","background_overlay_opacity":{"unit":"px","size":"","sizes":[]}},"elements":[{"id":"40ee2f8e","settings":[],"elements":[{"id":"728d4400","settings":{"_column_size":100,"_inline_size":null,"padding":{"unit":"px","top":"50","right":"50","bottom":"50","left":"50","isLinked":true},"css_classes":"rh-main-bg-hover csstransall rh-shadow3"},"elements":[{"id":"475de13a","settings":{"icon":"rhicon rhi-address-card","align":"left","primary_color":"#a0dd5f"},"elements":[],"isInner":false,"widgetType":"icon","elType":"widget"},{"id":"73467fac","settings":{"title":"Marketing<br>Analysis","typography_typography":"custom","typography_font_size":{"unit":"px","size":20,"sizes":[]},"typography_font_weight":"normal","typography_line_height":{"unit":"px","size":30,"sizes":[]},"link":{"url":"#","is_external":"","nofollow":""},"header_size":"div"},"elements":[],"isInner":false,"widgetType":"heading","elType":"widget"},{"id":"427e5942","settings":{"editor":"<p>Lorem ipsum is are many variations of pass of majority.<\/p>","typography_typography":"custom","typography_font_size":{"unit":"px","size":16,"sizes":[]},"typography_line_height":{"unit":"px","size":24,"sizes":[]}},"elements":[],"isInner":false,"widgetType":"text-editor","elType":"widget"},{"id":"30f2505d","settings":{"icon":"rhicon rhi-long-arrow-alt-right","align":"left","size":{"unit":"px","size":35,"sizes":[]},"link":{"url":"#","is_external":"","nofollow":""},"primary_color":"#bdc0c7","hover_primary_color":"#ffffff","hover_animation":"bounce-in"},"elements":[],"isInner":false,"widgetType":"icon","elType":"widget"}],"isInner":true,"elType":"column"}],"isInner":true,"elType":"section"}],"isInner":false,"elType":"column"},{"id":"2001676","settings":{"_column_size":25,"_inline_size":null,"background_background":"classic","background_hover_background":"classic","background_overlay_background":"classic","border_radius":{"unit":"px","top":"5","right":"5","bottom":"5","left":"5","isLinked":true},"box_shadow_box_shadow":{"horizontal":0,"vertical":10,"blur":60,"spread":0,"color":"rgba(46,61,98,0.1)"},"background_hover_repeat":"no-repeat","background_overlay_hover_background":"classic","css_filters_hover_css_filter":"custom","background_overlay_opacity":{"unit":"px","size":"","sizes":[]}},"elements":[{"id":"1e678e22","settings":[],"elements":[{"id":"63c64698","settings":{"_column_size":100,"_inline_size":null,"padding":{"unit":"px","top":"50","right":"50","bottom":"50","left":"50","isLinked":true},"css_classes":"rh-main-bg-hover csstransall rh-shadow3"},"elements":[{"id":"10a310c3","settings":{"icon":"rhicon rhi-wordpress-simple","align":"left","primary_color":"#fddd6e"},"elements":[],"isInner":false,"widgetType":"icon","elType":"widget"},{"id":"787ddf1","settings":{"title":"SEO and<br>Backlinks","typography_typography":"custom","typography_font_size":{"unit":"px","size":20,"sizes":[]},"typography_font_weight":"normal","typography_line_height":{"unit":"px","size":30,"sizes":[]},"link":{"url":"#","is_external":"","nofollow":""},"header_size":"div"},"elements":[],"isInner":false,"widgetType":"heading","elType":"widget"},{"id":"76e183ca","settings":{"editor":"<p>Lorem ipsum is are many variations of pass of majority.<\/p>","typography_typography":"custom","typography_font_size":{"unit":"px","size":16,"sizes":[]},"typography_line_height":{"unit":"px","size":24,"sizes":[]}},"elements":[],"isInner":false,"widgetType":"text-editor","elType":"widget"},{"id":"6725f19d","settings":{"icon":"rhicon rhi-long-arrow-alt-right","align":"left","size":{"unit":"px","size":35,"sizes":[]},"link":{"url":"#","is_external":"","nofollow":""},"primary_color":"#bdc0c7","hover_primary_color":"#ffffff","hover_animation":"bounce-in"},"elements":[],"isInner":false,"widgetType":"icon","elType":"widget"}],"isInner":true,"elType":"column"}],"isInner":true,"elType":"section"}],"isInner":false,"elType":"column"},{"id":"60315faf","settings":{"_column_size":25,"_inline_size":null,"background_background":"classic","background_hover_background":"classic","background_overlay_background":"classic","border_radius":{"unit":"px","top":"5","right":"5","bottom":"5","left":"5","isLinked":true},"box_shadow_box_shadow":{"horizontal":0,"vertical":10,"blur":60,"spread":0,"color":"rgba(46,61,98,0.1)"},"background_hover_repeat":"no-repeat","background_overlay_hover_background":"classic","css_filters_hover_css_filter":"custom","background_overlay_opacity":{"unit":"px","size":"","sizes":[]}},"elements":[{"id":"4755f75d","settings":[],"elements":[{"id":"3910f75","settings":{"_column_size":100,"_inline_size":null,"padding":{"unit":"px","top":"50","right":"50","bottom":"50","left":"50","isLinked":true},"css_classes":"rh-main-bg-hover csstransall rh-shadow3"},"elements":[{"id":"270d4ec","settings":{"icon":"rhicon rhi-wrench","align":"left","primary_color":"#ee539b"},"elements":[],"isInner":false,"widgetType":"icon","elType":"widget"},{"id":"21b30a6f","settings":{"title":"Content<br>Marketing","typography_typography":"custom","typography_font_size":{"unit":"px","size":20,"sizes":[]},"typography_font_weight":"normal","typography_line_height":{"unit":"px","size":30,"sizes":[]},"link":{"url":"#","is_external":"","nofollow":""},"header_size":"div"},"elements":[],"isInner":false,"widgetType":"heading","elType":"widget"},{"id":"6d36629f","settings":{"editor":"<p>Lorem ipsum is are many variations of pass of majority.<\/p>","typography_typography":"custom","typography_font_size":{"unit":"px","size":16,"sizes":[]},"typography_line_height":{"unit":"px","size":24,"sizes":[]}},"elements":[],"isInner":false,"widgetType":"text-editor","elType":"widget"},{"id":"5445d1d4","settings":{"icon":"rhicon rhi-long-arrow-alt-right","align":"left","size":{"unit":"px","size":35,"sizes":[]},"link":{"url":"#","is_external":"","nofollow":""},"primary_color":"#bdc0c7","hover_primary_color":"#ffffff","hover_animation":"bounce-in"},"elements":[],"isInner":false,"widgetType":"icon","elType":"widget"}],"isInner":true,"elType":"column"}],"isInner":true,"elType":"section"}],"isInner":false,"elType":"column"}],"isInner":false,"elType":"section"}]}