{"version":"0.4","title":"Top search 2","type":"page","content":[{"id":"3a23e073","settings":{"gap":"no","structure":"20","background_background":"classic","background_image":{"id":60,"url":"http:\/\/elementor.wpsoul.com\/wp-content\/uploads\/2019\/06\/bgsearch2.jpg"},"background_position":"center center","background_repeat":"no-repeat","background_size":"cover","padding":{"unit":"px","top":"0","right":"30","bottom":"0","left":"30","isLinked":false}},"elements":[{"id":"1e2e81da","settings":{"_column_size":50,"_inline_size":51.079},"elements":[{"id":"25406bcc","settings":{"space":{"unit":"px","size":40,"sizes":[]}},"elements":[],"isInner":false,"widgetType":"spacer","elType":"widget"},{"id":"677ddb3e","settings":{"title":"Namaste, my friend,\nfind whatever you're into","align":"left","typography_typography":"custom","typography_font_size":{"unit":"px","size":40,"sizes":[]},"typography_font_weight":"normal","typography_line_height":{"unit":"px","size":44,"sizes":[]}},"elements":[],"isInner":false,"widgetType":"heading","elType":"widget"},{"id":"1b8432a1","settings":[],"elements":[],"isInner":false,"widgetType":"wpsm_searchbox","elType":"widget"},{"id":"74a557df","settings":{"space":{"unit":"px","size":40,"sizes":[]}},"elements":[],"isInner":false,"widgetType":"spacer","elType":"widget"}],"isInner":false,"elType":"column"},{"id":"233d42b3","settings":{"_column_size":50,"_inline_size":48.921,"hide_mobile":"hidden-phone"},"elements":[{"id":"88217d9","settings":{"space":{"unit":"px","size":40,"sizes":[]},"hide_mobile":"hidden-phone"},"elements":[],"isInner":false,"widgetType":"spacer","elType":"widget"},{"id":"5cea08","settings":{"text":"From DemoVendor store","link":{"url":"","is_external":"","nofollow":""},"align":"right","typography_typography":"custom","typography_font_size":{"unit":"px","size":12,"sizes":[]},"typography_font_weight":"bold","button_text_color":"#333333","background_color":"#ffffff","border_color":"#f7f7f7","_animation":"fadeInRight"},"elements":[],"isInner":false,"widgetType":"button","elType":"widget"},{"id":"43629d7","settings":{"space":{"unit":"px","size":40,"sizes":[]}},"elements":[],"isInner":false,"widgetType":"spacer","elType":"widget"}],"isInner":false,"elType":"column"}],"isInner":false,"elType":"section"}]}