{"version":"0.4","title":"Refashion Light Home","type":"page","content":[{"id":"644e459c","settings":{"content_position":"middle","background_background":"classic","background_position":"center left","background_repeat":"no-repeat","padding":{"unit":"px","top":"80","right":"0","bottom":"120","left":"0","isLinked":false},"margin":{"unit":"px","top":"","right":0,"bottom":"","left":0,"isLinked":true},"layout":"full_width","background_color":"#F9F5F5","padding_tablet":{"unit":"px","top":"80","right":"0","bottom":"120","left":"0","isLinked":false},"background_image":{"url":"https:\/\/refashion.wpsoul.net\/wp-content\/uploads\/2020\/09\/bgf.jpg","id":2338}},"elements":[{"id":"1a34f3b2","settings":{"_column_size":100,"_inline_size":null,"padding":{"unit":"px","top":"0","right":"0","bottom":"0","left":"0","isLinked":true}},"elements":[{"id":"78fc338d","settings":{"z_index":1},"elements":[{"id":"2e071382","settings":{"_column_size":100,"_inline_size":null,"space_between_widgets":0,"padding_tablet":{"unit":"px","top":"25","right":"25","bottom":"25","left":"25","isLinked":true}},"elements":[{"id":"3e91b95b","settings":{"icon_list":[{"text":"New Trends\u200b","selected_icon":{"value":"rhicon rhi-bolt","library":"rhicons"},"_id":"d4ad4c4"}],"icon_color":"#8364C6","icon_typography_typography":"custom","icon_typography_font_style":"italic","rh_gsap_multi":[],"_animation":"stuckFlipUpOpacity","_margin":{"unit":"px","top":"0","right":"0","bottom":"10","left":"0","isLinked":false}},"elements":[],"isInner":false,"widgetType":"icon-list","elType":"widget"},{"id":"73715c84","settings":{"title":"Wake","typography_typography":"custom","typography_font_size":{"unit":"px","size":66,"sizes":[]},"typography_line_height":{"unit":"em","size":1,"sizes":[]},"rh_gsap_y":30,"rh_gsap_rx":-50,"rh_gsap_opacity":1,"rh_gsap_delay":0.299999999999999988897769753748434595763683319091796875,"rh_gsap_trigger_type":"load","rh_gsap_st_type":"text","rh_gsap_text":"lines","rh_gsap_multi":[],"header_size":"h6","rh_gsap":"true","rh_gsap_origin":"center center"},"elements":[],"isInner":false,"widgetType":"heading","elType":"widget"},{"id":"470380c","settings":{"title":"to Fresh","typography_typography":"custom","typography_font_size":{"unit":"px","size":66,"sizes":[]},"typography_line_height":{"unit":"em","size":1,"sizes":[]},"rh_gsap_y":30,"rh_gsap_rx":-50,"rh_gsap_opacity":1,"rh_gsap_delay":0.5,"rh_gsap_trigger_type":"load","rh_gsap_st_type":"text","rh_gsap_text":"lines","rh_gsap_multi":[],"header_size":"h6","_margin":{"unit":"px","top":"0","right":"0","bottom":"0","left":"40","isLinked":false},"_animation_delay":300,"rh_gsap":"true"},"elements":[],"isInner":false,"widgetType":"heading","elType":"widget"},{"id":"25de10e9","settings":{"title":"Breeze","typography_typography":"custom","typography_font_size":{"unit":"px","size":66,"sizes":[]},"typography_line_height":{"unit":"em","size":1,"sizes":[]},"rh_gsap_y":30,"rh_gsap_rx":-50,"rh_gsap_opacity":1,"rh_gsap_delay":0.59999999999999997779553950749686919152736663818359375,"rh_gsap_trigger_type":"load","rh_gsap_st_type":"text","rh_gsap_text":"lines","rh_gsap_multi":[],"header_size":"h6","_margin":{"unit":"px","top":"0","right":"0","bottom":"26","left":"0","isLinked":false},"_animation_delay":600,"rh_gsap":"true"},"elements":[],"isInner":false,"widgetType":"heading","elType":"widget"},{"id":"30af8f46","settings":{"title":"The place where you can sell and \nbuy increadable <br> great products for your own","header_size":"div","typography_typography":"custom","typography_font_size":{"unit":"px","size":18,"sizes":[]},"typography_line_height":{"unit":"em","size":1.5,"sizes":[]},"_margin":{"unit":"px","top":"0","right":"0","bottom":"30","left":"0","isLinked":false},"rh_gsap":"true","rh_gsap_y":30,"rh_gsap_rx":-50,"rh_gsap_opacity":1,"rh_gsap_delay":0.8000000000000000444089209850062616169452667236328125,"rh_gsap_st_type":"text","rh_gsap_text":"lines","rh_gsap_multi":[],"_margin_tablet":{"unit":"px","top":"30","right":"0","bottom":"30","left":"0","isLinked":false}},"elements":[],"isInner":false,"widgetType":"heading","elType":"widget"},{"id":"69df3569","settings":{"text":"Apply to Join","size":"lg","background_color":"#FFBF51","text_padding":{"unit":"px","top":"18","right":"50","bottom":"18","left":"51","isLinked":false},"_background_background":"classic","_background_color_b":"","_background_gradient_angle":{"unit":"deg","size":90,"sizes":[]},"_element_width":"auto","_background_hover_background":"classic","_background_hover_gradient_angle":{"unit":"deg","size":90,"sizes":[]},"_background_hover_transition":{"unit":"px","size":1,"sizes":[]},"_animation":"stuckFlipUpOpacity","animation_duration":"slow","_animation_delay":1000,"rh_gsap_trigger_type":"load","link":{"url":"\/my-account","is_external":"","nofollow":"","custom_attributes":""},"typography_typography":"custom","typography_font_size":{"unit":"px","size":17,"sizes":[]},"button_text_color":"#000000","hover_color":"#FFFFFF","button_background_hover_color":"#000000","hover_animation":"grow","border_radius":{"unit":"px","top":"0","right":"0","bottom":"0","left":"0","isLinked":true},"button_box_shadow_box_shadow_type":"yes","button_box_shadow_box_shadow":{"horizontal":4,"vertical":4,"blur":0,"spread":-1,"color":"rgba(0, 0, 0, 0.66)"},"_background_hover_color_b":"","rh_gsap_multi":[],"rh_gsap_origin":"center"},"elements":[],"isInner":false,"widgetType":"button","elType":"widget"}],"isInner":true,"elType":"column"}],"isInner":true,"elType":"section"}],"isInner":false,"elType":"column"}],"isInner":false,"elType":"section"},{"id":"29d0ee7b","settings":{"margin":{"unit":"px","top":"70","right":0,"bottom":"70","left":0,"isLinked":true}},"elements":[{"id":"3472ffa7","settings":{"_column_size":100,"_inline_size":null},"elements":[{"id":"71f334fc","settings":{"width":{"unit":"%","size":30,"sizes":[]},"width_tablet":{"unit":"%","size":58,"sizes":[]},"width_mobile":{"unit":"%","size":100,"sizes":[]},"align":"center","look":"line_text","text":"BROWSE COLLECTION","color":"#D5D5D5","text_spacing":{"unit":"px","size":30,"sizes":[]},"rh_gsap_multi":[],"_animation":"stuckFlipUpOpacity","animation_duration":"slow"},"elements":[],"isInner":false,"widgetType":"divider","elType":"widget"}],"isInner":false,"elType":"column"}],"isInner":false,"elType":"section"},{"id":"ff11969","settings":{"background_background":"classic","padding_tablet":{"unit":"px","top":"50","right":"0","bottom":"50","left":"0","isLinked":false},"structure":"20","margin":{"unit":"px","top":"0","right":0,"bottom":"150","left":0,"isLinked":false},"margin_tablet":{"unit":"px","top":"0","right":0,"bottom":"0","left":0,"isLinked":true}},"elements":[{"id":"66e3a74d","settings":{"_column_size":50,"_inline_size":null,"align":"center"},"elements":[{"id":"701eced0","settings":{"image":{"url":"https:\/\/refashion.wpsoul.net\/wp-content\/uploads\/2020\/09\/crossing.jpg","id":2341},"rh_gsap_multi":[],"image_size":"full","_z_index":0,"_offset_orientation_h":"end","_offset_x":{"size":772,"unit":"px"},"_offset_x_end":{"unit":"px","size":31,"sizes":[]},"_offset_x_end_tablet":{"unit":"px","size":-165.5,"sizes":[]},"_offset_y":{"size":-133,"unit":"px"},"_offset_y_tablet":{"unit":"px","size":-20,"sizes":[]},"rh_gsap":"true","rh_gsap_y":-25,"rh_gsap_from":"","rh_gsap_sc_dur":"1","_element_width":"auto","rh_reveal":"yes","rh_reveal_dir":"tb","rh_reveal_speed":0.6999999999999999555910790149937383830547332763671875,"rh_reveal_bgcolor":"#F3FCFF"},"elements":[],"isInner":false,"widgetType":"image","elType":"widget"},{"id":"5327ba7a","settings":{"structure":"20","margin":{"unit":"px","top":"-25","right":0,"bottom":"0","left":0,"isLinked":false},"padding":{"unit":"px","top":"0","right":"0","bottom":"0","left":"20","isLinked":false},"z_index":1},"elements":[{"id":"4efff7b1","settings":{"_column_size":50,"_inline_size":79.820999999999997953636921010911464691162109375},"elements":[{"id":"2a61bdd1","settings":{"title":"Jackets","header_size":"h3","typography_typography":"custom","typography_font_size":{"unit":"px","size":60,"sizes":[]},"rh_gsap_multi":[],"rh_gsap_opacity":1,"rh_gsap_origin":"bottom","rh_gsap_st_type":"class","rh_gsap_stagger":"hovertitleel","link":{"url":"\/product-category\/jacket\/","is_external":"","nofollow":"","custom_attributes":""},"_animation":"stuckFlipUpOpacity"},"elements":[],"isInner":false,"widgetType":"heading","elType":"widget"}],"isInner":true,"elType":"column"},{"id":"7fa9a80a","settings":{"_column_size":50,"_inline_size":20.001000000000001222133505507372319698333740234375,"content_position":"center","space_between_widgets":0,"padding":{"unit":"px","top":"0","right":"0","bottom":"0","left":"0","isLinked":true}},"elements":[{"id":"6126c7ca","settings":{"title":"Go","link":{"url":"\/product-category\/jacket\/","is_external":"","nofollow":"","custom_attributes":""},"header_size":"h4","align":"right","rh_gsap_multi":[]},"elements":[],"isInner":false,"widgetType":"heading","elType":"widget"},{"id":"68db5097","settings":{"width":{"unit":"px","size":60,"sizes":[]},"align":"right","text":"Divider","gap":{"unit":"px","size":2,"sizes":[]},"rh_gsap_multi":[]},"elements":[],"isInner":false,"widgetType":"divider","elType":"widget"}],"isInner":true,"elType":"column"}],"isInner":true,"elType":"section"}],"isInner":false,"elType":"column"},{"id":"37fd6e6f","settings":{"_column_size":50,"_inline_size":null,"align":"flex-end"},"elements":[{"id":"2e89de66","settings":{"image":{"url":"https:\/\/refashion.wpsoul.net\/wp-content\/uploads\/2020\/09\/redcu.jpg","id":2353},"image_size":"full","_offset_orientation_h":"end","_offset_x":{"size":772,"unit":"px"},"_offset_x_end":{"unit":"px","size":31,"sizes":[]},"_offset_y":{"size":-133,"unit":"px"},"rh_gsap":"true","rh_gsap_y":-32,"rh_gsap_from":"","rh_gsap_sc_dur":"1","rh_gsap_multi":[],"_z_index":0,"_offset_x_end_tablet":{"unit":"px","size":-165.5,"sizes":[]},"_offset_y_tablet":{"unit":"px","size":-20,"sizes":[]},"align":"right","_element_width":"auto","rh_reveal":"yes","rh_reveal_dir":"tb","rh_reveal_speed":0.90000000000000002220446049250313080847263336181640625,"rh_reveal_bgcolor":"#FFEEEE"},"elements":[],"isInner":false,"widgetType":"image","elType":"widget"},{"id":"26ced355","settings":{"title":"Pants","header_size":"h3","align":"right","typography_typography":"custom","typography_font_size":{"unit":"px","size":39,"sizes":[]},"rh_gsap_multi":[],"link":{"url":"\/product-category\/pants\/","is_external":"","nofollow":"","custom_attributes":""},"_margin":{"unit":"px","top":"-10","right":"20","bottom":"0","left":"0","isLinked":false},"_z_index":1,"_animation":"stuckFlipUpOpacity"},"elements":[],"isInner":false,"widgetType":"heading","elType":"widget"}],"isInner":false,"elType":"column"}],"isInner":false,"elType":"section"},{"id":"32c00d6c","settings":{"structure":"20","margin":{"unit":"px","top":"0","right":0,"bottom":"150","left":0,"isLinked":false},"margin_tablet":{"unit":"px","top":"0","right":0,"bottom":"0","left":0,"isLinked":true}},"elements":[{"id":"6aefef46","settings":{"_column_size":50,"_inline_size":null},"elements":[{"id":"5a5ee5b","settings":{"image":{"url":"https:\/\/refashion.wpsoul.net\/wp-content\/uploads\/2020\/09\/redc.jpg","id":2352},"image_size":"full","_offset_x":{"size":772,"unit":"px"},"_offset_y":{"size":-133,"unit":"px"},"rh_gsap":"true","rh_gsap_y":-32,"rh_gsap_from":"","rh_gsap_sc_dur":"1","rh_gsap_multi":[],"_z_index":0,"align":"left","_element_width":"auto","_offset_orientation_h":"end","_offset_x_end":{"unit":"px","size":31,"sizes":[]},"_offset_x_end_tablet":{"unit":"px","size":-165.5,"sizes":[]},"_offset_y_tablet":{"unit":"px","size":-20,"sizes":[]},"rh_reveal":"yes","rh_reveal_dir":"tb","rh_reveal_speed":0.6999999999999999555910790149937383830547332763671875,"rh_reveal_bgcolor":"#FFDFDF"},"elements":[],"isInner":false,"widgetType":"image","elType":"widget"},{"id":"34fc3e2","settings":{"title":"Tops","header_size":"h3","align":"left","typography_typography":"custom","typography_font_size":{"unit":"px","size":39,"sizes":[]},"rh_gsap_multi":[],"link":{"url":"\/product-category\/tops","is_external":"","nofollow":"","custom_attributes":""},"_margin":{"unit":"px","top":"-10","right":"0","bottom":"0","left":"20","isLinked":false},"_z_index":1,"_animation":"stuckFlipUpOpacity"},"elements":[],"isInner":false,"widgetType":"heading","elType":"widget"}],"isInner":false,"elType":"column"},{"id":"8000df4","settings":{"_column_size":50,"_inline_size":null},"elements":[{"id":"5947feac","settings":{"image":{"url":"https:\/\/refashion.wpsoul.net\/wp-content\/uploads\/2020\/09\/top.jpg","id":2344},"rh_gsap_multi":[],"image_size":"full","_z_index":0,"_offset_orientation_h":"end","_offset_x":{"size":772,"unit":"px"},"_offset_x_end":{"unit":"px","size":31,"sizes":[]},"_offset_x_end_tablet":{"unit":"px","size":-165.5,"sizes":[]},"_offset_y":{"size":-133,"unit":"px"},"_offset_y_tablet":{"unit":"px","size":-20,"sizes":[]},"rh_gsap":"true","rh_gsap_y":-25,"rh_gsap_from":"","rh_gsap_sc_dur":"1","_element_width":"auto","rh_reveal":"yes","rh_reveal_dir":"tb","rh_reveal_speed":0.8000000000000000444089209850062616169452667236328125,"rh_reveal_bgcolor":"#E4F6FB"},"elements":[],"isInner":false,"widgetType":"image","elType":"widget"},{"id":"6f480ff6","settings":{"structure":"20","margin":{"unit":"px","top":"-20","right":0,"bottom":"0","left":0,"isLinked":false},"padding":{"unit":"px","top":"0","right":"0","bottom":"0","left":"20","isLinked":false},"z_index":1},"elements":[{"id":"7954ca77","settings":{"_column_size":50,"_inline_size":83.03600000000000136424205265939235687255859375},"elements":[{"id":"5da9b9ae","settings":{"title":"Coats","header_size":"h3","typography_typography":"custom","typography_font_size":{"unit":"px","size":60,"sizes":[]},"rh_gsap_multi":[],"rh_gsap_opacity":1,"rh_gsap_origin":"bottom","rh_gsap_st_type":"class","rh_gsap_stagger":"hovertitleel","link":{"url":"\/product-category\/coats","is_external":"","nofollow":"","custom_attributes":""},"_animation":"stuckFlipUpOpacity"},"elements":[],"isInner":false,"widgetType":"heading","elType":"widget"}],"isInner":true,"elType":"column"},{"id":"58dd6261","settings":{"_column_size":50,"_inline_size":16.78600000000000136424205265939235687255859375,"content_position":"center","space_between_widgets":0,"padding":{"unit":"px","top":"0","right":"0","bottom":"0","left":"0","isLinked":true}},"elements":[{"id":"770b0866","settings":{"title":"Go","link":{"url":"\/product-category\/coats","is_external":"","nofollow":"","custom_attributes":""},"header_size":"h4","align":"right","rh_gsap_multi":[]},"elements":[],"isInner":false,"widgetType":"heading","elType":"widget"},{"id":"5c4e896f","settings":{"width":{"unit":"px","size":60,"sizes":[]},"align":"right","text":"Divider","gap":{"unit":"px","size":2,"sizes":[]},"rh_gsap_multi":[]},"elements":[],"isInner":false,"widgetType":"divider","elType":"widget"}],"isInner":true,"elType":"column"}],"isInner":true,"elType":"section"}],"isInner":false,"elType":"column"}],"isInner":false,"elType":"section"},{"id":"5449e6d1","settings":{"background_background":"classic","padding_tablet":{"unit":"px","top":"50","right":"0","bottom":"50","left":"0","isLinked":false},"structure":"20","margin":{"unit":"px","top":"0","right":0,"bottom":"50","left":0,"isLinked":false},"margin_tablet":{"unit":"px","top":"0","right":0,"bottom":"0","left":0,"isLinked":true}},"elements":[{"id":"186dfc01","settings":{"_column_size":50,"_inline_size":null,"align":"center"},"elements":[{"id":"c937a19","settings":{"image":{"url":"https:\/\/refashion.wpsoul.net\/wp-content\/uploads\/2020\/09\/ling.jpg","id":2347},"rh_gsap_multi":[],"image_size":"full","_z_index":0,"_offset_orientation_h":"end","_offset_x":{"size":772,"unit":"px"},"_offset_x_end":{"unit":"px","size":31,"sizes":[]},"_offset_x_end_tablet":{"unit":"px","size":-165.5,"sizes":[]},"_offset_y":{"size":-133,"unit":"px"},"_offset_y_tablet":{"unit":"px","size":-20,"sizes":[]},"rh_gsap":"true","rh_gsap_y":-25,"rh_gsap_from":"","rh_gsap_sc_dur":"1","_element_width":"auto","rh_reveal":"yes","rh_reveal_dir":"tb","rh_reveal_speed":0.6999999999999999555910790149937383830547332763671875,"rh_reveal_bgcolor":"#F3FFFF"},"elements":[],"isInner":false,"widgetType":"image","elType":"widget"},{"id":"d786bb2","settings":{"structure":"20","margin":{"unit":"px","top":"-20","right":0,"bottom":"0","left":0,"isLinked":false},"padding":{"unit":"px","top":"0","right":"0","bottom":"0","left":"20","isLinked":false},"z_index":1},"elements":[{"id":"67f0e878","settings":{"_column_size":50,"_inline_size":76.429000000000002046363078989088535308837890625},"elements":[{"id":"4caad05f","settings":{"title":"Lingerie","header_size":"h3","typography_typography":"custom","typography_font_size":{"unit":"px","size":60,"sizes":[]},"rh_gsap_multi":[],"rh_gsap_opacity":1,"rh_gsap_origin":"bottom","rh_gsap_st_type":"class","rh_gsap_stagger":"hovertitleel","link":{"url":"\/product-category\/jacket\/","is_external":"","nofollow":"","custom_attributes":""},"_animation":"stuckFlipUpOpacity"},"elements":[],"isInner":false,"widgetType":"heading","elType":"widget"}],"isInner":true,"elType":"column"},{"id":"892417d","settings":{"_column_size":50,"_inline_size":23.393000000000000682121026329696178436279296875,"content_position":"center","space_between_widgets":0,"padding":{"unit":"px","top":"0","right":"0","bottom":"0","left":"0","isLinked":true}},"elements":[{"id":"3907eadf","settings":{"title":"Go","link":{"url":"\/product-category\/jacket\/","is_external":"","nofollow":"","custom_attributes":""},"header_size":"h4","align":"right","rh_gsap_multi":[]},"elements":[],"isInner":false,"widgetType":"heading","elType":"widget"},{"id":"166beba5","settings":{"width":{"unit":"px","size":60,"sizes":[]},"align":"right","text":"Divider","gap":{"unit":"px","size":2,"sizes":[]},"rh_gsap_multi":[]},"elements":[],"isInner":false,"widgetType":"divider","elType":"widget"}],"isInner":true,"elType":"column"}],"isInner":true,"elType":"section"}],"isInner":false,"elType":"column"},{"id":"724416b1","settings":{"_column_size":50,"_inline_size":null,"align":"flex-end"},"elements":[{"id":"2c20f904","settings":{"image":{"url":"https:\/\/refashion.wpsoul.net\/wp-content\/uploads\/2020\/09\/hv5.jpg","id":1938},"image_size":"full","_offset_orientation_h":"end","_offset_x":{"size":772,"unit":"px"},"_offset_x_end":{"unit":"px","size":31,"sizes":[]},"_offset_y":{"size":-133,"unit":"px"},"rh_gsap":"true","rh_gsap_y":-32,"rh_gsap_from":"","rh_gsap_sc_dur":"1","rh_gsap_multi":[],"_z_index":0,"_offset_x_end_tablet":{"unit":"px","size":-165.5,"sizes":[]},"_offset_y_tablet":{"unit":"px","size":-20,"sizes":[]},"align":"right","_element_width":"auto","rh_reveal":"yes","rh_reveal_dir":"tb","rh_reveal_speed":0.8000000000000000444089209850062616169452667236328125,"rh_reveal_bgcolor":"#FFEEEE"},"elements":[],"isInner":false,"widgetType":"image","elType":"widget"},{"id":"7750ef50","settings":{"title":"Jeans","header_size":"h3","align":"right","typography_typography":"custom","typography_font_size":{"unit":"px","size":39,"sizes":[]},"rh_gsap_multi":[],"link":{"url":"\/product-category\/pants\/","is_external":"","nofollow":"","custom_attributes":""},"_margin":{"unit":"px","top":"-10","right":"20","bottom":"0","left":"0","isLinked":false},"_z_index":1,"_animation":"stuckFlipUpOpacity"},"elements":[],"isInner":false,"widgetType":"heading","elType":"widget"}],"isInner":false,"elType":"column"}],"isInner":false,"elType":"section"},{"id":"1788056f","settings":{"margin":{"unit":"px","top":"0","right":0,"bottom":"70","left":0,"isLinked":false},"layout":"full_width"},"elements":[{"id":"4faea823","settings":{"_column_size":100,"_inline_size":null,"padding":{"unit":"px","top":"0","right":"0","bottom":"0","left":"0","isLinked":true}},"elements":[{"id":"522d85ec","settings":{"text":"Divider","color":"#E9E9E9","rh_gsap_multi":[]},"elements":[],"isInner":false,"widgetType":"divider","elType":"widget"}],"isInner":false,"elType":"column"}],"isInner":false,"elType":"section"},{"id":"512a6ce6","settings":{"margin":{"unit":"px","top":"0","right":0,"bottom":"50","left":0,"isLinked":false}},"elements":[{"id":"76fddf0d","settings":{"_column_size":100,"_inline_size":null,"align":"center"},"elements":[{"id":"55fc9540","settings":{"title":"Explore Latest HighLights","header_size":"h3","align":"center","typography_typography":"custom","typography_font_size":{"unit":"px","size":40,"sizes":[]},"_margin":{"unit":"px","top":"0","right":"0","bottom":"15","left":"0","isLinked":false},"rh_gsap":"true","rh_gsap_y":30,"rh_gsap_rx":-50,"rh_gsap_opacity":1,"rh_gsap_origin":"bottom","rh_gsap_multi":[]},"elements":[],"isInner":false,"widgetType":"heading","elType":"widget"},{"id":"72381b2e","settings":{"shape":"cali1","borderwidth":1,"bordercolor":"#ADADAD","filltype":"3","areawidth":{"unit":"px","size":343,"sizes":[]},"areaheight":{"unit":"px","size":58,"sizes":[]},"_element_width":"auto","rh_gsap":"true","rh_gsap_st_type":"svg","rh_gsap_multi":[]},"elements":[],"isInner":false,"widgetType":"wpsm-svgshape","elType":"widget"}],"isInner":false,"elType":"column"}],"isInner":false,"elType":"section"},{"id":"eeb6388","settings":{"margin":{"unit":"px","top":"0","right":0,"bottom":"80","left":0,"isLinked":false},"margin_mobile":{"unit":"px","top":"0","right":0,"bottom":"0","left":0,"isLinked":true}},"elements":[{"id":"20d596c5","settings":{"_column_size":100,"_inline_size":null},"elements":[{"id":"770735aa","settings":{"cat":[],"tag":[],"ids":[],"user_id":null,"show":10,"columns":"5_col","filterpanelenable":"yes","filterheading":"Best Products","filterpanel":[{"filtertitle":"Show all","_id":"eec7bd2"},{"filtertitle":"Popular","filtertype":"meta","filtermetakey":"rehub_views","_id":"03c4cc3"},{"filtertitle":"Most wishlisted","filtertype":"meta","filtermetakey":"post_wish_count","_id":"ffa4ac2"},{"filtertitle":"Best rated","filtertype":"meta","filtermetakey":"_wc_average_rating","_id":"4d2a516"}],"taxdrop":"product_cat","taxdroplabel":"Choose categories","attrpanel":[],"rh_gsap_multi":[],"rh_gsap":"true","rh_gsap_y":15,"rh_gsap_opacity":1,"rh_gsap_trigger_type":"batch"},"elements":[],"isInner":false,"widgetType":"wpsm_woocolumns","elType":"widget"}],"isInner":false,"elType":"column"}],"isInner":false,"elType":"section"},{"id":"4963e4b0","settings":{"background_background":"classic","background_repeat":"no-repeat","background_size":"cover","background_overlay_opacity":{"unit":"px","size":0.7399999999999999911182158029987476766109466552734375,"sizes":[]},"margin":{"unit":"px","top":"","right":0,"bottom":"","left":0,"isLinked":true},"border_border":"solid","border_width":{"unit":"px","top":"1","right":"0","bottom":"1","left":"0","isLinked":false},"border_color":"#EDEDED","background_color":"#F8F5F9"},"elements":[{"id":"afd3e2","settings":{"_column_size":100,"_inline_size":null,"background_background":"classic","background_image":{"id":1950,"url":"https:\/\/refashion.wpsoul.net\/wp-content\/uploads\/2020\/09\/subscribebg.png"},"background_repeat":"no-repeat","background_size":"contain","background_overlay_color":"#7635F3","background_overlay_opacity":{"unit":"px","size":0.810000000000000053290705182007513940334320068359375,"sizes":[]},"border_radius":{"unit":"px","top":"20","right":"20","bottom":"20","left":"20","isLinked":true},"margin":{"unit":"px","top":"0","right":"0","bottom":"0","left":"0","isLinked":false},"padding":{"unit":"px","top":"70","right":"50","bottom":"70","left":"50","isLinked":false},"animation":"stuckFlipUpOpacity","background_position":"center center","padding_tablet":{"unit":"px","top":"70","right":"10","bottom":"70","left":"10","isLinked":false},"padding_mobile":{"unit":"px","top":"30","right":"10","bottom":"30","left":"10","isLinked":false}},"elements":[{"id":"38e3bbbf","settings":{"structure":"20"},"elements":[{"id":"3b5c64f8","settings":{"_column_size":50,"_inline_size":null,"space_between_widgets":0},"elements":[{"id":"38959533","settings":{"title":"Join","typography_typography":"custom","typography_font_size":{"unit":"px","size":60,"sizes":[]},"typography_line_height":{"unit":"em","size":1,"sizes":[]},"rh_gsap_y":30,"rh_gsap_rx":-50,"rh_gsap_opacity":1,"rh_gsap_delay":0.299999999999999988897769753748434595763683319091796875,"rh_gsap_trigger_type":"load","rh_gsap_st_type":"text","rh_gsap_text":"lines","rh_gsap_multi":[],"header_size":"h4","rh_gsap":"true"},"elements":[],"isInner":false,"widgetType":"heading","elType":"widget"},{"id":"3650aa8a","settings":{"title":"Our List","typography_typography":"custom","typography_font_size":{"unit":"px","size":60,"sizes":[]},"typography_line_height":{"unit":"em","size":1,"sizes":[]},"rh_gsap_y":30,"rh_gsap_rx":-50,"rh_gsap_opacity":1,"rh_gsap_delay":0.299999999999999988897769753748434595763683319091796875,"rh_gsap_trigger_type":"load","rh_gsap_st_type":"text","rh_gsap_text":"lines","rh_gsap_multi":[],"header_size":"h4","_padding":{"unit":"px","top":"0","right":"0","bottom":"0","left":"38","isLinked":false},"rh_gsap":"true"},"elements":[],"isInner":false,"widgetType":"heading","elType":"widget"},{"id":"215d00aa","settings":{"title":"Subscribe to get the latest updates","header_size":"div","typography_typography":"custom","rh_gsap":"true","rh_gsap_y":30,"rh_gsap_rx":-50,"rh_gsap_opacity":1,"rh_gsap_origin":"bottom","rh_gsap_trigger_field":"circlesvganimation","rh_gsap_multi":[],"typography_font_style":"italic","_margin":{"unit":"px","top":"30","right":"0","bottom":"0","left":"0","isLinked":false}},"elements":[],"isInner":false,"widgetType":"heading","elType":"widget"}],"isInner":true,"elType":"column"},{"id":"3e3d633a","settings":{"_column_size":50,"_inline_size":null,"content_position":"center"},"elements":[{"id":"df65b48","settings":{"html":"<svg xmlns=\"http:\/\/www.w3.org\/2000\/svg\" viewBox=\"0 0 105.48 83.57\" width=105><defs><style>.planepaper{fill:#231f20;}<\/style><\/defs><path class=\"planepaper\" d=\"M103.87.05C70.07,11.1,34.88,27.56.1,38.66-1,44.59,7.61,53.89,13,59.55c-2.3,8.34,9.33,18.75,15.52,22.8,0,1,1.08,1.79,2.59.7,3.58-1.77,8-5.31,13.32-8.38,2.85.41,6.27,6.11,10.43,5.83,16.09-24,38.35-51.25,50.63-79.14A1.27,1.27,0,0,0,103.87.05ZM2.41,40.42c32.26-9.62,63.13-24.33,96-35.82C55.22,27.86,22,55.2,13.44,56.14,9.19,51.35,4.88,46.39,2.41,40.42Zm27.66,24.5c-.55,4.74-1.18,9.47-1.43,14.24-5.54-4-14.62-12.52-13-18.95,22.69-15.67,46.1-32.33,71.7-45.57C68.17,28.82,50.66,47,32.07,63.75A1.47,1.47,0,0,0,30.07,64.92Zm1.24,15c.19-4.16.67-8.29,1.17-12.42,2.32,1.6,5.37,3.37,9.27,5.65C38.26,75.43,34.66,77.48,31.31,80ZM78.8,42C70.93,54.32,60.53,64.68,54.31,78.08A153,153,0,0,0,34.46,65.93a1.3,1.3,0,0,0-.4-.64c20.83-18.68,42.7-39.79,65.69-58C93,19,86.08,30.59,78.8,42Z\"\/><\/svg>","rh_gsap":"true","rh_gsap_st_type":"no","rh_gsap_multi":[],"_element_width":"auto","_position":"absolute","_offset_orientation_h":"end","_offset_x_end":{"size":-9.702999999999999403144101961515843868255615234375,"unit":"px"},"_offset_y":{"size":-111,"unit":"px"},"rh_gsap_path_align_x":{"unit":"px","size":0.40000000000000002220446049250313080847263336181640625,"sizes":[]},"rh_gsap_path_align_y":{"unit":"px","size":0.40000000000000002220446049250313080847263336181640625,"sizes":[]},"_z_index":10,"rh_gsap_x":-150,"rh_gsap_y":150,"rh_gsap_path_orient":"yes","_offset_x_end_mobile":{"unit":"px","size":-31,"sizes":[]},"_offset_y_mobile":{"unit":"px","size":-352,"sizes":[]}},"elements":[],"isInner":false,"widgetType":"html","elType":"widget"},{"id":"53539e94","settings":{"text":"Subscribe","align":"center","typography_font_size":{"unit":"px","size":20,"sizes":[]},"background_color":"#8364C6","hover_animation":"grow","rh_gsap":"true","rh_gsap_y":20,"rh_gsap_opacity":1,"rh_gsap_sc_tr":100,"link":{"url":"\/my-account","is_external":"","nofollow":"","custom_attributes":""},"size":"lg","button_text_color":"#FFFFFF","rh_gsap_multi":[],"text_padding":{"unit":"px","top":"15","right":"80","bottom":"15","left":"80","isLinked":false},"border_radius":{"unit":"px","top":"0","right":"0","bottom":"0","left":"0","isLinked":true}},"elements":[],"isInner":false,"widgetType":"button","elType":"widget"}],"isInner":true,"elType":"column"}],"isInner":true,"elType":"section"}],"isInner":false,"elType":"column"}],"isInner":false,"elType":"section"},{"id":"4ff52583","settings":{"padding":{"unit":"px","top":"70","right":"0","bottom":"70","left":"0","isLinked":false},"padding_mobile":{"unit":"px","top":"15","right":"15","bottom":"15","left":"15","isLinked":true},"background_background":"classic"},"elements":[{"id":"7693b415","settings":{"_column_size":100,"_inline_size":null,"padding_mobile":{"unit":"px","top":"10","right":"0","bottom":"10","left":"0","isLinked":false},"align":"center"},"elements":[{"id":"42cdee24","settings":{"content_width":{"unit":"px","size":600,"sizes":[]},"margin":{"unit":"px","top":"0","right":0,"bottom":"40","left":0,"isLinked":false}},"elements":[{"id":"67cec53a","settings":{"_column_size":100,"_inline_size":null},"elements":[{"id":"3d797954","settings":{"title":"About Us","header_size":"h3","typography_typography":"custom","typography_font_size":{"unit":"px","size":30,"sizes":[]},"typography_line_height":{"unit":"em","size":1.3000000000000000444089209850062616169452667236328125,"sizes":[]},"rh_gsap_y":40,"rh_gsap_rx":-40,"rh_gsap_opacity":1,"rh_gsap_st_type":"text","rh_gsap_text":"lines","rh_gsap_delay":0.299999999999999988897769753748434595763683319091796875,"rh_gsap_multi":[],"align":"center","_animation":"stuckFlipUpOpacity"},"elements":[],"isInner":false,"widgetType":"heading","elType":"widget"},{"id":"6848607a","settings":{"title":"We bring luxurious and contemporary fashion items for wearable prices that enables every woman to achieve that effortless chic lifestyle.","header_size":"div","title_color":"#7A7A7A","typography_typography":"custom","rh_gsap_y":40,"rh_gsap_rx":-40,"rh_gsap_opacity":1,"rh_gsap_multi":[],"align":"center","typography_font_style":"italic","typography_line_height":{"unit":"em","size":1.6999999999999999555910790149937383830547332763671875,"sizes":[]},"_animation":"stuckFlipUpOpacity"},"elements":[],"isInner":false,"widgetType":"heading","elType":"widget"}],"isInner":true,"elType":"column"}],"isInner":true,"elType":"section"},{"id":"414e1e5","settings":{"image":{"url":"https:\/\/refashion.wpsoul.net\/wp-content\/uploads\/2020\/09\/photodiv.jpg","id":2358},"image_size":"full","_margin":{"unit":"px","top":"0","right":"0","bottom":"50","left":"0","isLinked":false},"rh_gsap_multi":[]},"elements":[],"isInner":false,"widgetType":"image","elType":"widget"},{"id":"19d8bee9","settings":{"title":"Latest from blog","header_size":"h3","typography_typography":"custom","typography_font_size":{"unit":"px","size":30,"sizes":[]},"typography_line_height":{"unit":"em","size":1.3000000000000000444089209850062616169452667236328125,"sizes":[]},"rh_gsap_y":40,"rh_gsap_rx":-40,"rh_gsap_opacity":1,"rh_gsap_st_type":"text","rh_gsap_text":"lines","rh_gsap_delay":0.299999999999999988897769753748434595763683319091796875,"rh_gsap_multi":[],"align":"center","_animation":"stuckFlipUpOpacity"},"elements":[],"isInner":false,"widgetType":"heading","elType":"widget"},{"id":"1d516d72","settings":{"shape":"cali2","borderwidth":1,"bordercolor":"#ADADAD","filltype":"3","areawidth":{"unit":"px","size":73,"sizes":[]},"areaheight":{"unit":"px","size":19,"sizes":[]},"_element_width":"auto","rh_gsap":"true","rh_gsap_st_type":"svg","rh_gsap_multi":[],"_margin":{"unit":"px","top":"0","right":"0","bottom":"50","left":"0","isLinked":false}},"elements":[],"isInner":false,"widgetType":"wpsm-svgshape","elType":"widget"},{"id":"b5aadfe","settings":{"cat":[],"cat_exclude":[],"tag":[],"tag_exclude":[],"ids":[],"post_type":"blog","tax_name":null,"tax_slug":null,"tax_slug_exclude":null,"show":3,"taxdrop":null,"rh_gsap":"true","rh_gsap_y":40,"rh_gsap_opacity":1,"rh_gsap_st_type":"no","filterpanel":[],"rh_gsap_multi":[],"rh_gsap_trigger_type":"batch","rh_gsap_batch_interval":"0.2"},"elements":[],"isInner":false,"widgetType":"colored_grid_loop","elType":"widget"}],"isInner":false,"elType":"column"}],"isInner":false,"elType":"section"}]}