{"version":"0.4","title":"Icon Block for Products","type":"section","content":[{"id":"782a2526","settings":[],"elements":[{"id":"7e67e595","settings":{"_column_size":100,"space_between_widgets":15},"elements":[{"id":"eb64be8","settings":{"icon":"fal fa-paper-plane","title_text":"Free Delivery","description_text":"For orders &gt; $500","position":"left","title_size":"h6","primary_color":"#ff5b5b","icon_space":{"unit":"px","size":17,"sizes":[]},"icon_size":{"unit":"px","size":30,"sizes":[]},"title_bottom_space":{"unit":"px","size":4,"sizes":[]},"title_typography_typography":"custom","title_typography_font_size":{"unit":"px","size":16,"sizes":[]},"description_color":"#9e9e9e","description_typography_typography":"custom","description_typography_font_size":{"unit":"px","size":13,"sizes":[]},"description_typography_line_height":{"unit":"em","size":1.600000000000000088817841970012523233890533447265625,"sizes":[]},"selected_icon":{"value":"rhicon rhi-rocket-launch","library":"rhicons"},"rh_gsap_multi":[],"__fa4_migrated":{"selected_icon":true}},"elements":[],"isInner":false,"widgetType":"icon-box","elType":"widget"},{"id":"3fc781a0","settings":{"icon":"fas fa-leaf","title_text":"Nature Friendly","description_text":"All materials are eco friendly","position":"left","title_size":"h6","primary_color":"#ff5b5b","icon_space":{"unit":"px","size":17,"sizes":[]},"icon_size":{"unit":"px","size":30,"sizes":[]},"title_bottom_space":{"unit":"px","size":4,"sizes":[]},"title_typography_typography":"custom","title_typography_font_size":{"unit":"px","size":16,"sizes":[]},"description_color":"#9e9e9e","description_typography_typography":"custom","description_typography_font_size":{"unit":"px","size":13,"sizes":[]},"description_typography_line_height":{"unit":"em","size":1.600000000000000088817841970012523233890533447265625,"sizes":[]},"selected_icon":{"value":"rhicon rhi-leaf","library":"rhicons"},"rh_gsap_multi":[],"__fa4_migrated":{"selected_icon":true}},"elements":[],"isInner":false,"widgetType":"icon-box","elType":"widget"},{"id":"5680979f","settings":{"icon":"fal fa-bookmark","title_text":"Custom product area","description_text":"Check how to make such area","link":{"url":"http:\/\/rehubdocs.wpsoul.com\/docs\/rehub-theme\/shop-options-woo-edd\/extended-custom-product-areas\/","is_external":"","nofollow":""},"position":"left","title_size":"h6","primary_color":"#ff5b5b","icon_space":{"unit":"px","size":17,"sizes":[]},"icon_size":{"unit":"px","size":30,"sizes":[]},"title_bottom_space":{"unit":"px","size":4,"sizes":[]},"title_typography_typography":"custom","title_typography_font_size":{"unit":"px","size":16,"sizes":[]},"description_color":"#9e9e9e","description_typography_typography":"custom","description_typography_font_size":{"unit":"px","size":13,"sizes":[]},"description_typography_line_height":{"unit":"em","size":1.600000000000000088817841970012523233890533447265625,"sizes":[]},"selected_icon":{"value":"rhicon rhi-lock-alt","library":"rhicons"},"rh_gsap_multi":[],"__fa4_migrated":{"selected_icon":true}},"elements":[],"isInner":false,"widgetType":"icon-box","elType":"widget"}],"isInner":false,"elType":"column"}],"isInner":false,"elType":"section"}]}