{"version":"0.4","title":"CTA colored banner","type":"section","content":[{"id":"a16d450","settings":{"structure":"22","background_background":"gradient","background_color":"#880fc4","background_color_b":"#1d39f2","background_gradient_angle":{"unit":"deg","size":90,"sizes":[]},"stretch_section":"section-stretched","content_position":"middle","padding":{"unit":"px","top":"30","right":"0","bottom":"30","left":"0","isLinked":false}},"elements":[{"id":"124038f3","settings":{"_column_size":66,"_inline_size":null,"space_between_widgets":10},"elements":[{"id":"2f93e20a","settings":{"title":"Don\u2019t waste Time, Start Today","title_color":"#ffffff","typography_typography":"custom","typography_font_size":{"unit":"px","size":28,"sizes":[]},"typography_line_height":{"unit":"px","size":32,"sizes":[]},"header_size":"div","align_mobile":"center","typography_font_weight":"bold"},"elements":[],"isInner":false,"widgetType":"heading","elType":"widget"},{"id":"460735ad","settings":{"title":"Start building your money income Today","title_color":"#e5e5e5","typography_typography":"custom","typography_font_size":{"unit":"px","size":16,"sizes":[]},"typography_line_height":{"unit":"px","size":20,"sizes":[]},"header_size":"div","align_mobile":"center","typography_font_weight":"normal"},"elements":[],"isInner":false,"widgetType":"heading","elType":"widget"}],"isInner":false,"elType":"column"},{"id":"37ff369","settings":{"_column_size":33,"_inline_size":null},"elements":[{"id":"4b929b7e","settings":{"text":"Get Started Now","align":"center","typography_font_size":{"unit":"px","size":20,"sizes":[]},"typography_font_weight":"normal","button_text_color":"#ffffff","button_background_hover_color":"#ffffff","border_radius":{"unit":"px","top":"100","right":"100","bottom":"100","left":"100","isLinked":true},"hover_color":"#5550c4","size":"lg","background_color":"#ff0044","hover_animation":"grow","button_box_shadow_box_shadow_type":"yes","button_box_shadow_box_shadow":{"horizontal":0,"vertical":8,"blur":22,"spread":0,"color":"rgba(255,91,135,0.5)"}},"elements":[],"isInner":false,"widgetType":"button","elType":"widget"}],"isInner":false,"elType":"column"}],"isInner":false,"elType":"section"}],"page_settings":{"hide_title":"yes","content_type":"full_post_area","_footer_disable":"1"}}