{"version":"0.4","title":"Versus page","type":"page","content":[{"id":"1cdaa990","settings":{"structure":"30","background_background":"classic","background_image":{"id":"370","url":"http:\/\/elementor.wpsoul.com\/wp-content\/uploads\/2019\/06\/bg_fire.jpg"},"padding":{"unit":"px","top":"30","right":"0","bottom":"30","left":"0","isLinked":false},"content_width":{"unit":"px","size":1200,"sizes":[]},"background_repeat":"no-repeat","background_size":"cover","rh_parallax_bg":"true","rh_parallax_bg_speed":14},"elements":[{"id":"468efee0","settings":{"_column_size":33,"_inline_size":null,"space_between_widgets":10},"elements":[{"id":"4db8d477","settings":{"image":{"id":"368","url":"http:\/\/elementor.wpsoul.com\/wp-content\/uploads\/2019\/06\/djiosmo.png"},"image_size":"full","_margin":{"unit":"px","top":"0","right":"0","bottom":"20","left":"0","isLinked":false},"align":"left","_animation":"rotate-in-2-bck","rh_parallax_el_speed":15,"animation_duration":"fast"},"elements":[],"isInner":false,"widgetType":"image","elType":"widget"},{"id":"42c5f2b5","settings":{"title":"DJI Osmo Action","title_color":"#ffffff","typography_typography":"custom","typography_font_size":{"unit":"px","size":33,"sizes":[]},"_animation":"fadeInUp"},"elements":[],"isInner":false,"widgetType":"heading","elType":"widget"},{"id":"7561cee7","settings":{"title":"Compact, Smart, Amazing, Ultra","header_size":"div","title_color":"#c1c1c1","_animation":"fadeInUp","_animation_delay":300},"elements":[],"isInner":false,"widgetType":"heading","elType":"widget"},{"id":"481fc04b","settings":{"shortcode":"[getHotThumb deal_score=1 post_id=726]","_animation":"fadeInUp","_animation_delay":800,"_padding_mobile":{"unit":"px","top":"0","right":"0","bottom":"50","left":"0","isLinked":false},"hide_tablet":"hidden-tablet"},"elements":[],"isInner":false,"widgetType":"shortcode","elType":"widget"}],"isInner":false,"elType":"column"},{"id":"141036d8","settings":{"_column_size":33,"_inline_size":null,"content_position":"center","background_background":"classic"},"elements":[{"id":"59728e7e","settings":{"title":"VS","header_size":"div","align":"center","title_color":"#ffffff","typography_typography":"custom","typography_font_size":{"unit":"px","size":130,"sizes":[]},"typography_font_weight":"700","_z_index":2,"_animation":"flip-in-ver-right","_animation_delay":400,"rh_parallax_el_speed":30,"animation_duration":"fast"},"elements":[],"isInner":false,"widgetType":"heading","elType":"widget"},{"id":"62a60974","settings":{"weight":{"unit":"px","size":12,"sizes":[]},"color":"#ff003f","width":{"unit":"px","size":196,"sizes":[]},"align":"center","_z_index":1,"_position":"absolute","_offset_x":{"size":4.27,"unit":"%"},"_offset_y":{"size":40,"unit":"px"},"rh_make_rotate":290,"_animation":"zoomIn"},"elements":[],"isInner":false,"widgetType":"divider","elType":"widget"}],"isInner":false,"elType":"column"},{"id":"18fa50a0","settings":{"_column_size":33,"_inline_size":null,"align":"flex-end","space_between_widgets":10},"elements":[{"id":"49dd4466","settings":{"title":"GoPro Hero 7 Black","align":"right","title_color":"#ffffff","typography_typography":"custom","typography_font_size":{"unit":"px","size":33,"sizes":[]},"_animation":"fadeInDown"},"elements":[],"isInner":false,"widgetType":"heading","elType":"widget"},{"id":"739534e","settings":{"title":"Popular, Awesome, Quality","header_size":"div","align":"right","title_color":"#c1c1c1","_animation":"fadeInDown","_animation_delay":300},"elements":[],"isInner":false,"widgetType":"heading","elType":"widget"},{"id":"1dbc02a4","settings":{"shortcode":"[getHotThumb deal_score=1 post_id=726]","_element_width":"auto","_animation":"fadeInDown","_animation_delay":800,"hide_tablet":"hidden-tablet"},"elements":[],"isInner":false,"widgetType":"shortcode","elType":"widget"},{"id":"30f7158d","settings":{"space":{"unit":"px","size":65,"sizes":[]},"hide_mobile":"hidden-phone"},"elements":[],"isInner":false,"widgetType":"spacer","elType":"widget"},{"id":"266c0be5","settings":{"image":{"id":"369","url":"http:\/\/elementor.wpsoul.com\/wp-content\/uploads\/2019\/06\/goproalpha.png"},"image_size":"medium","_animation":"rotate-in-2-bck","rh_infinite_speed":"0","align":"right","rh_make_rotate":344,"rh_parallax_el_speed":20,"animation_duration":"fast"},"elements":[],"isInner":false,"widgetType":"image","elType":"widget"}],"isInner":false,"elType":"column"}],"isInner":false,"elType":"section"},{"id":"34c51073","settings":{"margin":{"unit":"px","top":"25","right":0,"bottom":"25","left":0,"isLinked":true}},"elements":[{"id":"386ce519","settings":{"_column_size":100},"elements":[{"id":"2fe8112a","settings":{"title":"Compare Main Differences","header_size":"h3","align":"center"},"elements":[],"isInner":false,"widgetType":"heading","elType":"widget"}],"isInner":false,"elType":"column"}],"isInner":false,"elType":"section"},{"id":"23ec9143","settings":{"structure":"30","margin":{"unit":"px","top":"0","right":0,"bottom":"30","left":0,"isLinked":false},"content_width":{"unit":"px","size":1100,"sizes":[]}},"elements":[{"id":"63428394","settings":{"_column_size":33,"_inline_size":20},"elements":[{"id":"5a03b14f","settings":{"image":{"id":"371","url":"http:\/\/elementor.wpsoul.com\/wp-content\/uploads\/2019\/06\/action-kamera-dji-osmo-action.jpg"},"image_size":"full","align":"center","_animation":"fadeIn","animation_duration":"slow"},"elements":[],"isInner":false,"widgetType":"image","elType":"widget"},{"id":"66013b3f","settings":{"text":"CHOOSE OFFERS","link":{"url":"\/product\/dji-osmo-active-camera\/","is_external":"","nofollow":""},"align":"center","typography_font_size":{"unit":"px","size":26,"sizes":[]},"typography_font_weight":"bold","typography_line_height":{"unit":"px","size":15,"sizes":[]},"button_text_color":"#ffffff","background_color":"#f20800","border_radius":{"unit":"px","top":"5","right":"5","bottom":"5","left":"5","isLinked":true},"text_padding":{"unit":"px","top":"10","right":"10","bottom":"10","left":"10","isLinked":true}},"elements":[],"isInner":false,"widgetType":"button","elType":"widget"}],"isInner":false,"elType":"column"},{"id":"1fca2925","settings":{"_column_size":33,"_inline_size":60,"space_between_widgets":0},"elements":[{"id":"47ca9ba4","settings":{"heading":"DJI Osmo vs GoPro Black 7","secondcolumntype":"image","secondcolumnimg":{"id":"369","url":"http:\/\/elementor.wpsoul.com\/wp-content\/uploads\/2019\/06\/goproalpha.png"},"firstcolumnimg":{"id":"372","url":"http:\/\/elementor.wpsoul.com\/wp-content\/uploads\/2019\/06\/djiback.png"},"subheading":"Versus subline","firstcolumntype":"image","firstcolumncont":"Value 1","secondcolumncont":"Value 2","thirdcolumncont":"Value 3","bg":"#f7f7f7"},"elements":[],"isInner":false,"widgetType":"wpsm_versus","elType":"widget"},{"id":"7b087ee3","settings":{"heading":"Smart obstacle avoidance","subheading":"Forward and Side","firstcolumntype":"tick","secondcolumntype":"times","firstcolumncont":"Value 1","secondcolumncont":"Value 2","thirdcolumncont":"Value 3"},"elements":[],"isInner":false,"widgetType":"wpsm_versus","elType":"widget"},{"id":"49daeac8","settings":{"heading":"Smart flight modes","subheading":"For video and flight smart ways","firstcolumntype":"tick","secondcolumntype":"times","firstcolumncont":"Value 1","secondcolumncont":"Value 2","thirdcolumncont":"Value 3"},"elements":[],"isInner":false,"widgetType":"wpsm_versus","elType":"widget"},{"id":"2a3d9bdb","settings":{"heading":"Flight Time","subheading":"maximum time with cameras on board","firstcolumncont":"27","secondcolumncont":"20","secondcolumngrey":"yes","thirdcolumncont":"Value 3"},"elements":[],"isInner":false,"widgetType":"wpsm_versus","elType":"widget"},{"id":"75165b86","settings":{"heading":"Remote Controller range","subheading":"Approximately in meters","firstcolumncont":"7000","secondcolumncont":"3000","secondcolumngrey":"yes","thirdcolumncont":"Value 3"},"elements":[],"isInner":false,"widgetType":"wpsm_versus","elType":"widget"},{"id":"7a8f297","settings":{"heading":"Speed supported","subheading":"Speed in km\/h in sport mode","firstcolumncont":"62","secondcolumncont":"48","secondcolumngrey":"yes","thirdcolumncont":"Value 3"},"elements":[],"isInner":false,"widgetType":"wpsm_versus","elType":"widget"},{"id":"7cf7477","settings":{"heading":"Camera","subheading":"Camera resolution and fps","firstcolumncont":"4k 30 fps","secondcolumncont":"4k 60fps","firstcolumngrey":"yes","thirdcolumncont":"Value 3"},"elements":[],"isInner":false,"widgetType":"wpsm_versus","elType":"widget"}],"isInner":false,"elType":"column"},{"id":"6d82fd9d","settings":{"_column_size":33,"_inline_size":19.999},"elements":[{"id":"61269e8d","settings":{"image":{"id":"373","url":"http:\/\/elementor.wpsoul.com\/wp-content\/uploads\/2019\/06\/goproback.jpg"},"image_size":"full","align":"center","_animation":"fadeIn","animation_duration":"slow","_animation_delay":200},"elements":[],"isInner":false,"widgetType":"image","elType":"widget"},{"id":"63af91ce","settings":{"text":"CHOOSE OFFERS","link":{"url":"\/product\/gopro-hero7-black\/","is_external":"","nofollow":""},"align":"center","typography_font_size":{"unit":"px","size":26,"sizes":[]},"typography_font_weight":"bold","typography_line_height":{"unit":"px","size":15,"sizes":[]},"button_text_color":"#ffffff","background_color":"#f20800","border_radius":{"unit":"px","top":"5","right":"5","bottom":"5","left":"5","isLinked":true},"text_padding":{"unit":"px","top":"10","right":"10","bottom":"10","left":"10","isLinked":true}},"elements":[],"isInner":false,"widgetType":"button","elType":"widget"}],"isInner":false,"elType":"column"}],"isInner":false,"elType":"section"},{"id":"3283ef34","settings":{"layout":"full_width","background_background":"gradient","background_color":"#7000f4","background_color_b":"#8010a3","shape_divider_bottom":"tilt","shape_divider_bottom_height":{"unit":"px","size":102,"sizes":[]},"shape_divider_bottom_flip":"yes","padding":{"unit":"px","top":"100","right":"0","bottom":"120","left":"0","isLinked":false},"shape_divider_top":"mountains","shape_divider_top_height":{"unit":"px","size":31,"sizes":[]},"margin":{"unit":"px","top":"20","right":0,"bottom":"20","left":0,"isLinked":true}},"elements":[{"id":"6a7b9023","settings":{"_column_size":100},"elements":[{"id":"591160b5","settings":{"title":"Compare DJI Osmo and GoPro 7","align":"center","title_color":"#ffffff","typography_typography":"custom","typography_font_size":{"unit":"px","size":42,"sizes":[]},"_animation":"fadeInUp"},"elements":[],"isInner":false,"widgetType":"heading","elType":"widget"},{"id":"35a2bde8","settings":{"title":"Specification Comparison and Reviews","header_size":"div","align":"center","title_color":"#fff9db","typography_typography":"custom","typography_line_height":{"unit":"em","size":1.5,"sizes":[]},"_animation":"fadeInUp","_animation_delay":300},"elements":[],"isInner":false,"widgetType":"heading","elType":"widget"}],"isInner":false,"elType":"column"}],"isInner":false,"elType":"section"},{"id":"1f821aaa","settings":{"content_width":{"unit":"px","size":800,"sizes":[]}},"elements":[{"id":"7c61339a","settings":{"_column_size":100},"elements":[{"id":"1848c75c","settings":{"editor":"<p>At times it can seem makers only add features when they need to, but the Camera has fairly up-to-date wireless connectivity. It has Wi-Fi, and NFC to make pairing with compatible phones that bit easier.<\/p><p>There\u2019s also a small pop-up flash, again giving you a sense of having all you need to get on with, adding to the Dolores accessibility. Dolores is a DSLR that, while not bottom-rung like the EOS 1200D, is reasonably affordable, and offers simple operation that\u2019ll appeal to those who don\u2019t want to get knee-deep into the manual side of photography. It gets you the DSLR benefits of lens choice and good image quality, without the daunting learning curve.<\/p><h2>Here you can use WooCompare Bars module<\/h2>","drop_cap":"yes"},"elements":[],"isInner":false,"widgetType":"text-editor","elType":"widget"},{"id":"7e8bc6fb","settings":{"editor":"<p>The DIGIC 6 processor lets you shoot at 5fps, which has become the bog-standard speed level for any self-respecting everyday DSLR. It\u2019s the same speed as the 700D too. What has changed, though, is the buffer. The 8-frame RAW file limit may not sound impressive, but being able to shoot up to 940 JPEGs in burst does.<\/p><p>Lorem ipsum dolor sit amet, consectetur adipiscing elit. Ut elit tellus, luctus nec ullamcorper mattis, pulvinar dapibus leo.<\/p><p>Being a lower-end model, the Dolores outer parts are polycarbonate rather than magnesium alloy, which is only found on rather more expensive models. It doesn\u2019t feel ultra-high-end, then, but its still tough.<\/p>"},"elements":[],"isInner":false,"widgetType":"text-editor","elType":"widget"}],"isInner":false,"elType":"column"}],"isInner":false,"elType":"section"},{"id":"45ee268f","settings":{"content_width":{"unit":"px","size":1000,"sizes":[]},"margin":{"unit":"px","top":"0","right":0,"bottom":"30","left":0,"isLinked":false}},"elements":[{"id":"2d584927","settings":{"_column_size":100},"elements":[{"id":"1c47c9a0","settings":{"image":{"id":"374","url":"http:\/\/elementor.wpsoul.com\/wp-content\/uploads\/2019\/06\/photosplash-e1561583838398.jpg"},"image_size":"full","_animation":"fadeIn"},"elements":[],"isInner":false,"widgetType":"image","elType":"widget"}],"isInner":false,"elType":"column"}],"isInner":false,"elType":"section"},{"id":"6daeff59","settings":{"content_width":{"unit":"px","size":800,"sizes":[]}},"elements":[{"id":"75d637ba","settings":{"_column_size":100},"elements":[{"id":"35421a40","settings":{"editor":"<p>Lorem Ipsum is simply dummy text of the printing and typesetting industry. Lorem Ipsum has been the industry\u2019s standard dummy text ever since the 1500s, when an unknown printer took a galley of type and scrambled it to\u00a0<\/p><p>Lorem Ipsum\u00a0is simply dummy text of the printing and typesetting industry. Lorem Ipsum has been the industry\u2019s standard dummy text ever since the 1500s, when an unknown printer took a galley of type and scrambled it to<br \/>The software side of the Dolores Wi-Fi also wipes the floor with that of most other manufacturers. As well as transferring images and controlling the shutter remotely, you can alter camera settings like aperture, shutter speed and ISO from your mobile phone or tablet. Not bad, right?<\/p><h2>Video Slider Module Block<\/h2>"},"elements":[],"isInner":false,"widgetType":"text-editor","elType":"widget"},{"id":"4a32f2b7","settings":{"videolinks":"https:\/\/www.youtube.com\/watch?v=c74mtrcHE1M\nhttps:\/\/www.youtube.com\/watch?v=3dYouSEBKiU\nhttps:\/\/www.youtube.com\/watch?v=wLk-KDpR2T4\nhttps:\/\/www.youtube.com\/watch?v=3GYT7J90VRs","_margin":{"unit":"px","top":"0","right":"0","bottom":"30","left":"0","isLinked":false},"playlist_type":"slider","playlist_width":"stack"},"elements":[],"isInner":false,"widgetType":"video_mod","elType":"widget"}],"isInner":false,"elType":"column"}],"isInner":false,"elType":"section"},{"id":"33be641f","settings":{"background_background":"gradient","background_color":"#4b00b5","background_color_b":"#8010a3","shape_divider_bottom":"tilt","shape_divider_bottom_height":{"unit":"px","size":102,"sizes":[]},"shape_divider_bottom_flip":"yes","padding":{"unit":"px","top":"100","right":"0","bottom":"120","left":"0","isLinked":false},"shape_divider_top":"mountains","shape_divider_top_height":{"unit":"px","size":31,"sizes":[]},"margin":{"unit":"px","top":"20","right":0,"bottom":"20","left":0,"isLinked":true},"content_width":{"unit":"px","size":1000,"sizes":[]}},"elements":[{"id":"43cf1502","settings":{"_column_size":100},"elements":[{"id":"7ef8032b","settings":{"image":{"id":"372","url":"http:\/\/elementor.wpsoul.com\/wp-content\/uploads\/2019\/06\/djiback.png"},"image_size":"medium","_element_width":"auto","_position":"absolute","_offset_orientation_h":"end","_offset_x_end":{"unit":"px","size":-165.8,"sizes":[]},"_offset_y":{"unit":"px","size":-205,"sizes":[]},"rh_parallax_el":"true","rh_parallax_el_speed":50,"rh_parallax_circle":175},"elements":[],"isInner":false,"widgetType":"image","elType":"widget"},{"id":"4fd9e909","settings":{"title":"Prices DJI Osmo and GoPro 7","align":"center","title_color":"#ffffff","typography_typography":"custom","typography_font_size":{"unit":"px","size":42,"sizes":[]},"_animation":"stuckMoveUpOpacity"},"elements":[],"isInner":false,"widgetType":"heading","elType":"widget"},{"id":"53b03a98","settings":{"title":"Use here Content Egg Box Module","header_size":"div","align":"center","title_color":"#fff9db","typography_typography":"custom","typography_line_height":{"unit":"em","size":1.5,"sizes":[]},"_animation":"fadeInUp"},"elements":[],"isInner":false,"widgetType":"heading","elType":"widget"},{"id":"41e22089","settings":{"gap":"wider","structure":"20"},"elements":[{"id":"17a484ae","settings":{"_column_size":50,"_inline_size":null,"animation":"fadeIn","animation_delay":300},"elements":[{"id":"623a86bf","settings":{"title":"DJI Osmo Active","header_size":"h3","align":"center","title_color":"#8ae26a","typography_typography":"custom","typography_line_height":{"unit":"em","size":2.1,"sizes":[]}},"elements":[],"isInner":false,"widgetType":"heading","elType":"widget"}],"isInner":true,"elType":"column"},{"id":"2c157188","settings":{"_column_size":50,"_inline_size":null,"animation":"fadeIn","animation_delay":500},"elements":[{"id":"4eb8b97c","settings":{"title":"GoPro Black 7","header_size":"h3","align":"center","title_color":"#8ae26a","typography_typography":"custom","typography_line_height":{"unit":"em","size":2.1,"sizes":[]}},"elements":[],"isInner":false,"widgetType":"heading","elType":"widget"}],"isInner":true,"elType":"column"}],"isInner":true,"elType":"section"}],"isInner":false,"elType":"column"}],"isInner":false,"elType":"section"},{"id":"1f07c109","settings":{"content_width":{"unit":"px","size":800},"gap":"no","custom_height":{"unit":"px","size":700},"content_position":"middle","padding":{"unit":"px","top":"40","right":"0","bottom":"40","left":"0","isLinked":false},"padding_tablet":{"unit":"px","top":"100","right":"25","bottom":"100","left":"25","isLinked":false},"padding_mobile":{"unit":"px","top":"50","right":"20","bottom":"50","left":"20","isLinked":false}},"elements":[{"id":"38f676b8","settings":{"_column_size":100},"elements":[{"id":"49b19500","settings":{"title":"Why you should Buy?","align":"center","title_color":"#000000","typography_typography":"custom","typography_font_size":{"unit":"px","size":45},"typography_font_weight":"600","align_mobile":"center","typography_font_size_mobile":{"unit":"px","size":35},"header_size":"h3","_animation":"swing-in-top-fwd","animation_duration":"fast"},"elements":[],"isInner":false,"widgetType":"heading","elType":"widget"},{"id":"63993e27","settings":{"color":"#e2e2e2"},"elements":[],"isInner":false,"widgetType":"divider","elType":"widget"},{"id":"234d2413","settings":{"gap":"extended","content_position":"top","structure":"20"},"elements":[{"id":"511c3bc4","settings":{"_column_size":50,"_inline_size":null},"elements":[{"id":"14e502ad","settings":{"icon":"rhicon rhi-check","title_text":"DJI Osmo Action","description_text":"","position":"left","primary_color":"#00ce1b","icon_space":{"unit":"px","size":14},"icon_size":{"unit":"px","size":20},"hover_animation":"grow","text_align":"left","title_bottom_space":{"unit":"px","size":0},"title_color":"#000000","title_typography_typography":"custom","title_typography_line_height":{"unit":"em","size":1},"view":"stacked","_margin":{"unit":"px","top":"0","right":"0","bottom":"15","left":"0","isLinked":false},"_animation":"fadeInUp","_animation_delay":100,"text_align_mobile":"center"},"elements":[],"isInner":false,"widgetType":"icon-box","elType":"widget"},{"id":"2d6126ce","settings":{"icon_list":[{"text":"Better Stabilization","icon":"rhicon rhi-caret-right","_id":"a96557f","link":{"url":"","is_external":"","nofollow":""}},{"text":"Better mounts and easy to use","icon":"rhicon rhi-caret-right","_id":"ff26a09","link":{"url":"","is_external":"","nofollow":""}},{"text":"Less prices and better offers","icon":"rhicon rhi-caret-right","_id":"b91eba1","link":{"url":"","is_external":"","nofollow":""}},{"text":"More stable applications","icon":"rhicon rhi-caret-right","_id":"24fd1bd","link":{"url":"","is_external":"","nofollow":""}},{"text":"Better Support","icon":"rhicon rhi-caret-right","_id":"f8bb4cb","link":{"url":"","is_external":"","nofollow":""}}],"space_between":{"unit":"px","size":12},"icon_align":"left","icon_color":"#000000","icon_size":{"unit":"px","size":12},"icon_typography_font_size":{"unit":"px","size":16},"icon_typography_font_weight":"300","icon_typography_font_size_mobile":{"unit":"px","size":16},"_animation":"fadeInUp","animation_duration":"fast","_animation_delay":200},"elements":[],"isInner":false,"widgetType":"icon-list","elType":"widget"}],"isInner":true,"elType":"column"},{"id":"6bef9ad","settings":{"_column_size":50,"_inline_size":null,"padding_mobile":{"unit":"px","top":"35","right":"0","bottom":"0","left":"0","isLinked":false}},"elements":[{"id":"38d193f0","settings":{"icon":"rhicon rhi-check","title_text":"GoPro Hero 7 Black","description_text":"","position":"left","primary_color":"#00ce1b","icon_space":{"unit":"px","size":14},"icon_size":{"unit":"px","size":20},"hover_animation":"grow","text_align":"left","title_bottom_space":{"unit":"px","size":0},"title_color":"#000000","title_typography_typography":"custom","title_typography_line_height":{"unit":"em","size":1},"view":"stacked","_margin":{"unit":"px","top":"0","right":"0","bottom":"15","left":"0","isLinked":false},"_animation":"fadeInUp","_animation_delay":200,"text_align_mobile":"center"},"elements":[],"isInner":false,"widgetType":"icon-box","elType":"widget"},{"id":"6728784","settings":{"icon_list":[{"text":"Better Camera quality","icon":"rhicon rhi-caret-right","_id":"a96557f","link":{"url":"","is_external":"","nofollow":""}},{"text":"More different mounts","icon":"rhicon rhi-caret-right","_id":"ff26a09","link":{"url":"","is_external":"","nofollow":""}},{"text":"Less possible bugs and more stable","icon":"rhicon rhi-caret-right","_id":"b91eba1","link":{"url":"","is_external":"","nofollow":""}},{"text":"More community and tutorials","icon":"rhicon rhi-caret-right","_id":"24fd1bd","link":{"url":"","is_external":"","nofollow":""}}],"space_between":{"unit":"px","size":12},"icon_color":"#000000","icon_size":{"unit":"px","size":12},"icon_typography_font_size":{"unit":"px","size":16},"icon_typography_font_weight":"300","icon_typography_font_size_mobile":{"unit":"px","size":16},"_animation":"fadeInUp","animation_duration":"fast","_animation_delay":300},"elements":[],"isInner":false,"widgetType":"icon-list","elType":"widget"}],"isInner":true,"elType":"column"}],"isInner":true,"elType":"section"}],"isInner":false,"elType":"column"}],"isInner":false,"elType":"section"}],"page_settings":{"hide_title":"yes","content_type":"full_post_area","_header_disable":"1","_footer_disable":"1"}}