{"version":"0.4","title":"Revendor Home","type":"page","content":[{"id":"5ef661a0","settings":{"content_position":"middle","structure":"20","background_background":"classic","background_image":{"id":1714,"url":"https:\/\/redokan.wpsoul.com\/wp-content\/uploads\/2020\/04\/shapebg.png"},"background_position":"center center","background_attachment":"fixed","background_repeat":"no-repeat","background_size":"contain","padding":{"unit":"px","top":"60","right":"0","bottom":"60","left":"0","isLinked":false},"margin":{"unit":"px","top":"0","right":0,"bottom":"100","left":0,"isLinked":false}},"elements":[{"id":"1b81e517","settings":{"_column_size":50,"_inline_size":null},"elements":[{"id":"1709d0a7","settings":{"title":"Welcome to Revendor","header_size":"div","title_color":"#FF4E0C","_margin":{"unit":"px","top":"0","right":"0","bottom":"0","left":"0","isLinked":false},"rh_gsap":"true","rh_gsap_y":30,"rh_gsap_rx":-40,"rh_gsap_opacity":1,"rh_gsap_trigger_type":"load"},"elements":[],"isInner":false,"widgetType":"heading","elType":"widget"},{"id":"747dcc22","settings":{"title":"Digital marketing<br\/>\nmade easy","typography_typography":"custom","typography_font_size":{"unit":"px","size":60,"sizes":[]},"typography_line_height":{"unit":"em","size":1,"sizes":[]},"rh_gsap":"true","rh_gsap_y":30,"rh_gsap_rx":-50,"rh_gsap_opacity":1,"rh_gsap_delay":0.299999999999999988897769753748434595763683319091796875,"rh_gsap_trigger_type":"load","rh_gsap_st_type":"text","rh_gsap_text":"lines"},"elements":[],"isInner":false,"widgetType":"heading","elType":"widget"},{"id":"5c6c60f0","settings":{"title":"The place where you can sell and \nbuy increadable <br> great products for your own","header_size":"div","typography_typography":"custom","typography_font_size":{"unit":"px","size":18,"sizes":[]},"typography_line_height":{"unit":"em","size":1.5,"sizes":[]},"_margin":{"unit":"px","top":"0","right":"0","bottom":"30","left":"0","isLinked":false},"rh_gsap":"true","rh_gsap_y":30,"rh_gsap_rx":-50,"rh_gsap_opacity":1,"rh_gsap_delay":0.5,"rh_gsap_st_type":"text","rh_gsap_text":"lines"},"elements":[],"isInner":false,"widgetType":"heading","elType":"widget"},{"id":"3dad1538","settings":{"text":"Start Now for Free","size":"lg","background_color":"rgba(2, 1, 1, 0)","text_padding":{"unit":"px","top":"18","right":"40","bottom":"18","left":"40","isLinked":false},"_background_background":"gradient","_background_color":"#FF9567","_background_color_b":"#FF79B8","_background_gradient_angle":{"unit":"deg","size":90,"sizes":[]},"_border_radius":{"unit":"px","top":"8","right":"8","bottom":"8","left":"8","isLinked":true},"_element_width":"auto","_background_hover_background":"gradient","_background_hover_color":"#F3A304","_background_hover_gradient_angle":{"unit":"deg","size":90,"sizes":[]},"_background_hover_transition":{"unit":"px","size":1,"sizes":[]},"_animation":"stuckFlipUpOpacity","animation_duration":"slow","_animation_delay":700,"rh_gsap_trigger_type":"load"},"elements":[],"isInner":false,"widgetType":"button","elType":"widget"}],"isInner":false,"elType":"column"},{"id":"331d4a03","settings":{"_column_size":50,"_inline_size":null,"background_background":"classic","border_radius":{"unit":"px","top":"30","right":"30","bottom":"30","left":"30","isLinked":true}},"elements":[{"id":"40ed809b","settings":{"image":{"id":1713,"url":"https:\/\/redokan.wpsoul.com\/wp-content\/uploads\/2020\/04\/rocket.png"},"image_size":"full","_z_index":2,"rh_gsap":"true","rh_gsap_x":-50,"rh_gsap_duration":3,"rh_gsap_ease":"power0-none","rh_gsap_infinite":"yes","_margin_tablet":{"unit":"px","top":"-80","right":"0","bottom":"0","left":"0","isLinked":false},"_margin_mobile":{"unit":"px","top":"0","right":"0","bottom":"0","left":"0","isLinked":true}},"elements":[],"isInner":false,"widgetType":"image","elType":"widget"},{"id":"d004e1c","settings":{"html":"<style scoped>.rocketsmokeitem{background-color:#fff; width:100px; height:100px; border-radius:100px; box-shadow: -5px 5px 10px rgba(0,0,0,0.02); margin-left:15px;} <\/style>\n<div class=\"rocketsmokeitem\"><\/div>\n","_element_width":"auto","_position":"absolute","_offset_x":{"unit":"px","size":125,"sizes":[]},"_offset_orientation_v":"end","_offset_y_end":{"unit":"px","size":135,"sizes":[]},"rh_gsap":"true","rh_gsap_path":"M10,-15 C-17,-12 -71.033,27.036 -70,85 -68.984,141.978 -150,151 -170,151 ","rh_gsap_duration":2,"rh_gsap_trigger_type":"load","_z_index":1,"rh_gsap_from":"","rh_gsap_multi":[{"multi_x":"","multi_y":"","multi_xo":"","multi_yo":"","multi_r":"","multi_rx":"","multi_ry":"","multi_scale":"","multi_scale_x":"","multi_scale_y":"","multi_width":"","multi_height":"","multi_opacity":1,"multi_bg":"","multi_origin":"","multi_from":"","multi_duration":0.200000000000000011102230246251565404236316680908203125,"multi_delay":"","multi_time":"-=1","multi_hover":"","multi_ease":"","multi_obj":"","_id":"890f9bc"}],"rh_gsap_infinite":"yes","rh_gsap_yoyo":"","rh_gsap_repeatdelay":"","_css_classes":"prehidden","rh_css":" "},"elements":[],"isInner":false,"widgetType":"html","elType":"widget"},{"id":"79856d59","settings":{"html":"<div class=\"rocketsmokeitem\"><\/div>","_element_width":"auto","_position":"absolute","_offset_x":{"unit":"px","size":105,"sizes":[]},"_offset_orientation_v":"end","_offset_y_end":{"unit":"px","size":135,"sizes":[]},"rh_gsap":"true","rh_gsap_path":"M10,-15 C-17,-12 -71.033,27.036 -70,85 -68.984,141.978 -150,151 -170,151 ","rh_gsap_duration":2,"rh_gsap_trigger_type":"load","_z_index":1,"rh_gsap_from":"","rh_gsap_multi":[{"multi_x":"","multi_y":"","multi_xo":"","multi_yo":"","multi_r":"","multi_rx":"","multi_ry":"","multi_scale":"","multi_scale_x":"","multi_scale_y":"","multi_width":"","multi_height":"","multi_opacity":1,"multi_bg":"","multi_origin":"","multi_from":"","multi_duration":0.200000000000000011102230246251565404236316680908203125,"multi_delay":"","multi_time":"-=1","multi_hover":"","multi_ease":"","multi_obj":"","_id":"890f9bc"}],"rh_gsap_infinite":"yes","rh_gsap_yoyo":"","rh_gsap_repeatdelay":"","_css_classes":"prehidden","rh_gsap_delay":0.40000000000000002220446049250313080847263336181640625},"elements":[],"isInner":false,"widgetType":"html","elType":"widget"},{"id":"32c59982","settings":{"html":"<div class=\"rocketsmokeitem\"><\/div>","_element_width":"auto","_position":"absolute","_offset_x":{"unit":"px","size":145,"sizes":[]},"_offset_orientation_v":"end","_offset_y_end":{"unit":"px","size":135,"sizes":[]},"rh_gsap":"true","rh_gsap_path":"M10,-15 C-17,-12 -71.033,27.036 -70,85 -68.984,141.978 -150,151 -170,151 ","rh_gsap_duration":2,"rh_gsap_trigger_type":"load","_z_index":1,"rh_gsap_from":"","rh_gsap_multi":[{"multi_x":"","multi_y":"","multi_xo":"","multi_yo":"","multi_r":"","multi_rx":"","multi_ry":"","multi_scale":"","multi_scale_x":"","multi_scale_y":"","multi_width":"","multi_height":"","multi_opacity":1,"multi_bg":"","multi_origin":"","multi_from":"","multi_duration":0.200000000000000011102230246251565404236316680908203125,"multi_delay":"","multi_time":"-=1","multi_hover":"","multi_ease":"","multi_obj":"","_id":"890f9bc"}],"rh_gsap_infinite":"yes","rh_gsap_yoyo":"","rh_gsap_repeatdelay":"","_css_classes":"prehidden","rh_gsap_delay":0.8000000000000000444089209850062616169452667236328125},"elements":[],"isInner":false,"widgetType":"html","elType":"widget"},{"id":"638db8e8","settings":{"html":"<div class=\"rocketsmokeitem\"><\/div>","_element_width":"auto","_position":"absolute","_offset_x":{"unit":"px","size":166,"sizes":[]},"_offset_orientation_v":"end","_offset_y_end":{"unit":"px","size":145,"sizes":[]},"rh_gsap":"true","rh_gsap_path":"M10,-15 C-17,-12 -71.033,27.036 -70,85 -68.984,141.978 -150,151 -170,151 ","rh_gsap_duration":2,"rh_gsap_trigger_type":"load","_z_index":1,"rh_gsap_from":"","rh_gsap_multi":[{"multi_x":"","multi_y":"","multi_xo":"","multi_yo":"","multi_r":"","multi_rx":"","multi_ry":"","multi_scale":"","multi_scale_x":"","multi_scale_y":"","multi_width":"","multi_height":"","multi_opacity":1,"multi_bg":"","multi_origin":"","multi_from":"","multi_duration":0.200000000000000011102230246251565404236316680908203125,"multi_delay":"","multi_time":"-=1","multi_hover":"","multi_ease":"","multi_obj":"","_id":"890f9bc"}],"rh_gsap_infinite":"yes","rh_gsap_yoyo":"","rh_gsap_repeatdelay":"","_css_classes":"prehidden","rh_gsap_delay":1.1999999999999999555910790149937383830547332763671875},"elements":[],"isInner":false,"widgetType":"html","elType":"widget"},{"id":"2dd1360d","settings":{"html":"<div class=\"rocketsmokeitem\"><\/div>","_element_width":"auto","_position":"absolute","_offset_x":{"unit":"px","size":115,"sizes":[]},"_offset_orientation_v":"end","_offset_y_end":{"unit":"px","size":115,"sizes":[]},"rh_gsap":"true","rh_gsap_path":"M10,-15 C-17,-12 -71.033,27.036 -70,85 -68.984,141.978 -150,151 -170,151 ","rh_gsap_duration":2,"rh_gsap_trigger_type":"load","_z_index":1,"rh_gsap_from":"","rh_gsap_multi":[{"multi_x":"","multi_y":"","multi_xo":"","multi_yo":"","multi_r":"","multi_rx":"","multi_ry":"","multi_scale":"","multi_scale_x":"","multi_scale_y":"","multi_width":"","multi_height":"","multi_opacity":1,"multi_bg":"","multi_origin":"","multi_from":"","multi_duration":0.200000000000000011102230246251565404236316680908203125,"multi_delay":"","multi_time":"-=1","multi_hover":"","multi_ease":"","multi_obj":"","_id":"890f9bc"}],"rh_gsap_infinite":"yes","rh_gsap_yoyo":"","rh_gsap_repeatdelay":"","_css_classes":"prehidden","rh_gsap_delay":1.5},"elements":[],"isInner":false,"widgetType":"html","elType":"widget"},{"id":"4b0d648d","settings":{"html":"<div class=\"rocketsmokeitem\"><\/div>","_element_width":"auto","_position":"absolute","_offset_x":{"unit":"px","size":125,"sizes":[]},"_offset_orientation_v":"end","_offset_y_end":{"unit":"px","size":135,"sizes":[]},"rh_gsap":"true","rh_gsap_path":"M10,-15 C-17,-12 -71.033,27.036 -70,85 -68.984,141.978 -150,151 -170,151 ","rh_gsap_duration":2,"rh_gsap_trigger_type":"load","_z_index":1,"rh_gsap_from":"","rh_gsap_multi":[{"multi_x":"","multi_y":"","multi_xo":"","multi_yo":"","multi_r":"","multi_rx":"","multi_ry":"","multi_scale":"","multi_scale_x":"","multi_scale_y":"","multi_width":"","multi_height":"","multi_opacity":1,"multi_bg":"","multi_origin":"","multi_from":"","multi_duration":0.200000000000000011102230246251565404236316680908203125,"multi_delay":"","multi_time":"-=1","multi_hover":"","multi_ease":"","multi_obj":"","_id":"890f9bc"}],"rh_gsap_infinite":"yes","rh_gsap_yoyo":"","rh_gsap_repeatdelay":"","_css_classes":"prehidden","rh_gsap_delay":1.8000000000000000444089209850062616169452667236328125},"elements":[],"isInner":false,"widgetType":"html","elType":"widget"},{"id":"d789070","settings":{"html":"<div class=\"rocketsmokeitem\"><\/div>","_element_width":"auto","_position":"absolute","_offset_x":{"unit":"px","size":125,"sizes":[]},"_offset_orientation_v":"end","_offset_y_end":{"unit":"px","size":135,"sizes":[]},"rh_gsap":"true","rh_gsap_path":"M10,-15 C-17,-12 -71.033,27.036 -70,85 -68.984,141.978 -150,151 -170,151 ","rh_gsap_duration":2,"rh_gsap_trigger_type":"load","_z_index":1,"rh_gsap_from":"","rh_gsap_multi":[{"multi_x":"","multi_y":"","multi_xo":"","multi_yo":"","multi_r":"","multi_rx":"","multi_ry":"","multi_scale":"","multi_scale_x":"","multi_scale_y":"","multi_width":"","multi_height":"","multi_opacity":1,"multi_bg":"","multi_origin":"","multi_from":"","multi_duration":0.200000000000000011102230246251565404236316680908203125,"multi_delay":"","multi_time":"-=1","multi_hover":"","multi_ease":"","multi_obj":"","_id":"890f9bc"}],"rh_gsap_infinite":"yes","rh_gsap_yoyo":"","rh_gsap_repeatdelay":"","_css_classes":"prehidden","rh_gsap_delay":2.100000000000000088817841970012523233890533447265625},"elements":[],"isInner":false,"widgetType":"html","elType":"widget"},{"id":"2d5af605","settings":{"html":"<div class=\"rocketsmokeitem\"><\/div>","_element_width":"auto","_position":"absolute","_offset_x":{"unit":"px","size":125,"sizes":[]},"_offset_orientation_v":"end","_offset_y_end":{"unit":"px","size":135,"sizes":[]},"rh_gsap":"true","rh_gsap_path":"M10,-15 C-17,-12 -71.033,27.036 -70,85 -68.984,141.978 -150,151 -170,151 ","rh_gsap_duration":2,"rh_gsap_trigger_type":"load","_z_index":1,"rh_gsap_from":"","rh_gsap_multi":[{"multi_x":"","multi_y":"","multi_xo":"","multi_yo":"","multi_r":"","multi_rx":"","multi_ry":"","multi_scale":"","multi_scale_x":"","multi_scale_y":"","multi_width":"","multi_height":"","multi_opacity":1,"multi_bg":"","multi_origin":"","multi_from":"","multi_duration":0.200000000000000011102230246251565404236316680908203125,"multi_delay":"","multi_time":"-=1","multi_hover":"","multi_ease":"","multi_obj":"","_id":"890f9bc"}],"rh_gsap_infinite":"yes","rh_gsap_yoyo":"","rh_gsap_repeatdelay":"","_css_classes":"prehidden","rh_gsap_delay":2.5},"elements":[],"isInner":false,"widgetType":"html","elType":"widget"},{"id":"5e6959aa","settings":{"html":"<div class=\"rocketsmokeitem\"><\/div>","_element_width":"auto","_position":"absolute","_offset_x":{"unit":"px","size":125,"sizes":[]},"_offset_orientation_v":"end","_offset_y_end":{"unit":"px","size":135,"sizes":[]},"rh_gsap":"true","rh_gsap_path":"M10,-15 C-17,-12 -71.033,27.036 -70,85 -68.984,141.978 -150,151 -170,151 ","rh_gsap_duration":2,"rh_gsap_trigger_type":"load","_z_index":1,"rh_gsap_from":"","rh_gsap_multi":[{"multi_x":"","multi_y":"","multi_xo":"","multi_yo":"","multi_r":"","multi_rx":"","multi_ry":"","multi_scale":"","multi_scale_x":"","multi_scale_y":"","multi_width":"","multi_height":"","multi_opacity":1,"multi_bg":"","multi_origin":"","multi_from":"","multi_duration":0.299999999999999988897769753748434595763683319091796875,"multi_delay":"","multi_time":"-=1","multi_hover":"","multi_ease":"","multi_obj":"","_id":"890f9bc"}],"rh_gsap_infinite":"yes","rh_gsap_yoyo":"","rh_gsap_repeatdelay":"","_css_classes":"prehidden","rh_gsap_delay":3},"elements":[],"isInner":false,"widgetType":"html","elType":"widget"},{"id":"d4c31d0","settings":{"space":{"unit":"px","size":429,"sizes":[]},"_z_index":0,"_background_background":"classic","_background_color":"#FFECE5","_border_radius":{"unit":"px","top":"30","right":"30","bottom":"30","left":"30","isLinked":true},"_position":"absolute","_offset_y":{"unit":"px","size":41,"sizes":[]},"rh_reveal":"yes","rh_reveal_dir":"bt","rh_reveal_bgcolor":"#FFFFFF"},"elements":[],"isInner":false,"widgetType":"spacer","elType":"widget"}],"isInner":false,"elType":"column"}],"isInner":false,"elType":"section"},{"id":"1948bb04","settings":{"content_width":{"unit":"px","size":600,"sizes":[]},"background_background":"classic"},"elements":[{"id":"4182de5d","settings":{"_column_size":100,"_inline_size":null,"align":"center"},"elements":[{"id":"66256310","settings":{"title":"Check Best Categories","header_size":"h3","align":"center","typography_typography":"custom","typography_font_size":{"unit":"px","size":30,"sizes":[]},"_margin":{"unit":"px","top":"0","right":"0","bottom":"15","left":"0","isLinked":false},"rh_gsap":"true","rh_gsap_y":30,"rh_gsap_rx":-46,"rh_gsap_opacity":1},"elements":[],"isInner":false,"widgetType":"heading","elType":"widget"},{"id":"75b55e2f","settings":{"title":"Duis aute irure dolor in reprehenderit in voluptate velit esse <br>cillum dolore eu fugiat nulla pariatur.","header_size":"div","align":"center","title_color":"#899097","typography_typography":"custom","typography_line_height":{"unit":"em","size":1.399999999999999911182158029987476766109466552734375,"sizes":[]},"rh_gsap":"true","rh_gsap_y":30,"rh_gsap_rx":-40,"rh_gsap_opacity":1,"rh_gsap_st_type":"text","rh_gsap_text":"lines"},"elements":[],"isInner":false,"widgetType":"heading","elType":"widget"},{"id":"5c6856f0","settings":{"shape":"cali1","borderwidth":1,"bordercolor":"#ADADAD","filltype":"3","areawidth":{"unit":"px","size":343,"sizes":[]},"areaheight":{"unit":"px","size":58,"sizes":[]},"_element_width":"auto","rh_gsap":"true","rh_gsap_st_type":"svg"},"elements":[],"isInner":false,"widgetType":"wpsm-svgshape","elType":"widget"}],"isInner":false,"elType":"column"}],"isInner":false,"elType":"section"},{"id":"67dcf9ee","settings":{"gap":"wider","structure":"40"},"elements":[{"id":"5a2e5e7b","settings":{"_column_size":25,"_inline_size":null},"elements":[{"id":"2688a6e2","settings":{"image":{"id":1715,"url":"https:\/\/redokan.wpsoul.com\/wp-content\/uploads\/2020\/04\/dir1.jpg"},"image_size":"full","align":"center","link_to":"custom","link":{"url":"\/shop","is_external":"","nofollow":"","custom_attributes":""},"_css_classes":"categoryimage","rh_gsap":"true","rh_gsap_y":40,"rh_gsap_opacity":1,"rh_gsap_st_type":"class","rh_gsap_stagger":"categoryimage","rh_gsap_stdelay":0.299999999999999988897769753748434595763683319091796875,"rh_gsap_strandom":"yes","_margin_mobile":{"unit":"px","top":"0","right":"0","bottom":"0","left":"0","isLinked":true}},"elements":[],"isInner":false,"widgetType":"image","elType":"widget"}],"isInner":false,"elType":"column"},{"id":"61bcda6b","settings":{"_column_size":25,"_inline_size":null},"elements":[{"id":"7fb765d8","settings":{"image":{"id":1716,"url":"https:\/\/redokan.wpsoul.com\/wp-content\/uploads\/2020\/04\/dir3.jpg"},"image_size":"full","align":"center","link_to":"custom","link":{"url":"\/shop","is_external":"","nofollow":"","custom_attributes":""},"_margin":{"unit":"px","top":"100","right":"0","bottom":"0","left":"0","isLinked":false},"_css_classes":"categoryimage","_margin_mobile":{"unit":"px","top":"0","right":"0","bottom":"0","left":"0","isLinked":true}},"elements":[],"isInner":false,"widgetType":"image","elType":"widget"}],"isInner":false,"elType":"column"},{"id":"46e9020f","settings":{"_column_size":25,"_inline_size":null},"elements":[{"id":"683c7ad9","settings":{"image":{"id":1717,"url":"https:\/\/redokan.wpsoul.com\/wp-content\/uploads\/2020\/04\/dir4.jpg"},"image_size":"full","align":"left","link_to":"custom","link":{"url":"\/shop","is_external":"","nofollow":"","custom_attributes":""},"_margin":{"unit":"px","top":"70","right":"0","bottom":"0","left":"0","isLinked":false},"_css_classes":"categoryimage","_margin_mobile":{"unit":"px","top":"0","right":"0","bottom":"0","left":"0","isLinked":true}},"elements":[],"isInner":false,"widgetType":"image","elType":"widget"}],"isInner":false,"elType":"column"},{"id":"496c8bb0","settings":{"_column_size":25,"_inline_size":null},"elements":[{"id":"482c3165","settings":{"image":{"id":1718,"url":"https:\/\/redokan.wpsoul.com\/wp-content\/uploads\/2020\/04\/dir6.jpg"},"image_size":"full","align":"center","link_to":"custom","link":{"url":"\/shop","is_external":"","nofollow":"","custom_attributes":""},"_margin":{"unit":"px","top":"0","right":"0","bottom":"0","left":"-150","isLinked":false},"_css_classes":"categoryimage","_margin_mobile":{"unit":"px","top":"0","right":"0","bottom":"0","left":"0","isLinked":true}},"elements":[],"isInner":false,"widgetType":"image","elType":"widget"}],"isInner":false,"elType":"column"}],"isInner":false,"elType":"section"},{"id":"66c59d3a","settings":{"gap":"wider","structure":"40","margin":{"unit":"px","top":"-100","right":0,"bottom":"50","left":0,"isLinked":false},"margin_mobile":{"unit":"px","top":"0","right":0,"bottom":"0","left":0,"isLinked":true}},"elements":[{"id":"c107824","settings":{"_column_size":25,"_inline_size":null},"elements":[{"id":"7c302992","settings":{"image":{"id":1719,"url":"https:\/\/redokan.wpsoul.com\/wp-content\/uploads\/2020\/04\/dir7.jpg"},"image_size":"full","align":"right","link_to":"custom","link":{"url":"\/shop","is_external":"","nofollow":"","custom_attributes":""},"_css_classes":"categoryimage","_margin_mobile":{"unit":"px","top":"0","right":"0","bottom":"0","left":"0","isLinked":true}},"elements":[],"isInner":false,"widgetType":"image","elType":"widget"}],"isInner":false,"elType":"column"},{"id":"69b14bac","settings":{"_column_size":25,"_inline_size":null},"elements":[],"isInner":false,"elType":"column"},{"id":"69889ccf","settings":{"_column_size":25,"_inline_size":null},"elements":[{"id":"34713688","settings":{"image":{"id":1720,"url":"https:\/\/redokan.wpsoul.com\/wp-content\/uploads\/2020\/04\/dir5.jpg"},"image_size":"full","align":"center","link_to":"custom","link":{"url":"\/shop","is_external":"","nofollow":"","custom_attributes":""},"_css_classes":"categoryimage","_margin_mobile":{"unit":"px","top":"0","right":"0","bottom":"0","left":"0","isLinked":true}},"elements":[],"isInner":false,"widgetType":"image","elType":"widget"}],"isInner":false,"elType":"column"},{"id":"429388a2","settings":{"_column_size":25,"_inline_size":null},"elements":[],"isInner":false,"elType":"column"}],"isInner":false,"elType":"section"},{"id":"4a8ad4af","settings":{"margin":{"unit":"px","top":"0","right":0,"bottom":"50","left":0,"isLinked":false}},"elements":[{"id":"6cb80144","settings":{"_column_size":100,"_inline_size":null},"elements":[{"id":"c336713","settings":{"icon_list":[{"text":"Check all categories","selected_icon":{"value":"rhicon rhi-window-restore","library":"rhicons"},"_id":"539a661","link":{"url":"\/alphabet","is_external":"","nofollow":"","custom_attributes":""}}],"icon_align":"center","icon_color":"#FF4E0C","text_color":"#FF4E0C"},"elements":[],"isInner":false,"widgetType":"icon-list","elType":"widget"}],"isInner":false,"elType":"column"}],"isInner":false,"elType":"section"},{"id":"61226077","settings":{"background_background":"classic","background_color":"#F9F5FF","padding":{"unit":"px","top":"60","right":"0","bottom":"60","left":"0","isLinked":false},"margin":{"unit":"px","top":"0","right":0,"bottom":"80","left":0,"isLinked":false}},"elements":[{"id":"636900bd","settings":{"_column_size":100,"_inline_size":null},"elements":[{"id":"44b3f6d","settings":[],"elements":[{"id":"325fbccf","settings":{"_column_size":100,"_inline_size":null,"align":"center"},"elements":[{"id":"ea389f2","settings":{"title":"Best experiences for marketplace","header_size":"h3","align":"center","typography_typography":"custom","typography_font_size":{"unit":"px","size":30,"sizes":[]},"_margin":{"unit":"px","top":"0","right":"0","bottom":"15","left":"0","isLinked":false},"rh_gsap":"true","rh_gsap_y":30,"rh_gsap_rx":-50,"rh_gsap_opacity":1,"rh_gsap_origin":"bottom"},"elements":[],"isInner":false,"widgetType":"heading","elType":"widget"},{"id":"2bba78e9","settings":{"title":"Our efforts is to constantly improving the industry-leading solutions for web <br>in a collaboration with our customers.","header_size":"div","align":"center","title_color":"#899097","typography_typography":"custom","typography_line_height":{"unit":"em","size":1.399999999999999911182158029987476766109466552734375,"sizes":[]},"rh_gsap":"true","rh_gsap_y":30,"rh_gsap_rx":-40,"rh_gsap_opacity":1,"rh_gsap_st_type":"text","rh_gsap_text":"lines","_margin":{"unit":"px","top":"0","right":"0","bottom":"30","left":"0","isLinked":false},"rh_gsap_stdelay":0.299999999999999988897769753748434595763683319091796875},"elements":[],"isInner":false,"widgetType":"heading","elType":"widget"},{"id":"2e000504","settings":{"shape":"cali2","borderwidth":1,"bordercolor":"#000000","filltype":"3","areawidth":{"unit":"px","size":96,"sizes":[]},"areaheight":{"unit":"px","size":20,"sizes":[]},"_element_width":"auto","rh_gsap":"true","rh_gsap_st_type":"svg"},"elements":[],"isInner":false,"widgetType":"wpsm-svgshape","elType":"widget"}],"isInner":true,"elType":"column"}],"isInner":true,"elType":"section"},{"id":"17bb1bf5","settings":{"gap":"wider","structure":"20"},"elements":[{"id":"7e616cac","settings":{"_column_size":50,"_inline_size":null},"elements":[{"id":"28c83563","settings":{"image":{"id":1721,"url":"https:\/\/redokan.wpsoul.com\/wp-content\/uploads\/2020\/04\/dashboard.png"},"image_size":"full","rh_gsap":"true","rh_gsap_y":40,"rh_gsap_scale":0.90000000000000002220446049250313080847263336181640625,"rh_gsap_opacity":1},"elements":[],"isInner":false,"widgetType":"image","elType":"widget"},{"id":"299823a2","settings":{"borderwidth":4,"bordercolor":"#F9DAD2","filltype":"3","svgwidth":{"unit":"px","size":45,"sizes":[]},"areawidth":{"unit":"px","size":50,"sizes":[]},"areaheight":{"unit":"px","size":50,"sizes":[]},"_css_classes":"shapesanimated","_element_width":"auto","_position":"absolute","_offset_x":{"size":-80,"unit":"px"},"_offset_y":{"size":199,"unit":"px"},"rh_gsap":"true","rh_gsap_x":51,"rh_gsap_opacity":1,"rh_gsap_delay":0.6999999999999999555910790149937383830547332763671875,"rh_gsap_ease":"power1-inOut"},"elements":[],"isInner":false,"widgetType":"wpsm-svgshape","elType":"widget"},{"id":"7cea1c34","settings":{"shape":"2","borderwidth":4,"bordercolor":"#D3C2F4","filltype":"3","svgwidth":{"unit":"px","size":40,"sizes":[]},"svgheight":{"unit":"px","size":40,"sizes":[]},"areawidth":{"unit":"px","size":50,"sizes":[]},"areaheight":{"unit":"px","size":50,"sizes":[]},"_css_classes":"shapesanimated","_element_width":"auto","_position":"absolute","_offset_x":{"size":42,"unit":"px"},"_offset_y":{"size":-116,"unit":"px"},"rh_make_rotate":50,"rh_gsap":"true","rh_gsap_x":81,"rh_gsap_y":23,"rh_gsap_r":350,"rh_gsap_opacity":1,"rh_gsap_delay":0.59999999999999997779553950749686919152736663818359375,"rh_gsap_ease":"power1-inOut"},"elements":[],"isInner":false,"widgetType":"wpsm-svgshape","elType":"widget"},{"id":"c7d0f87","settings":{"fill":"#FAD9ED","svgwidth":{"unit":"px","size":75,"sizes":[]},"_css_classes":"shapesanimated","_element_width":"auto","_position":"absolute","_offset_x":{"size":-203,"unit":"px"},"_offset_y":{"size":-21,"unit":"px"},"rh_gsap":"true","rh_gsap_x":70,"rh_gsap_y":70,"rh_gsap_opacity":1,"rh_gsap_delay":0.5,"rh_gsap_st_type":"no"},"elements":[],"isInner":false,"widgetType":"wpsm-svgshape","elType":"widget"},{"id":"53b4ec37","settings":{"starting_number":1001,"ending_number":5990,"prefix":"$","title":"Available for withdrawal","number_color":"#000000","typography_number_typography":"custom","typography_number_font_size":{"unit":"px","size":40,"sizes":[]},"typography_title_typography":"custom","typography_title_font_size":{"unit":"px","size":11,"sizes":[]},"_padding":{"unit":"px","top":"13","right":"50","bottom":"13","left":"50","isLinked":false},"_background_background":"classic","_background_color":"#FFFFFF","_box_shadow_box_shadow_type":"yes","_box_shadow_box_shadow":{"horizontal":10,"vertical":11,"blur":35,"spread":0,"color":"rgba(61, 0, 255, 0.08)"},"_element_width":"initial","_position":"absolute","_offset_x":{"unit":"px","size":347,"sizes":[]},"_offset_orientation_v":"end","_offset_y_end":{"unit":"px","size":-20,"sizes":[]},"rh_gsap_opacity":1,"rh_gsap_duration":"","_element_custom_width":{"unit":"px","size":230,"sizes":[]},"_offset_x_tablet":{"unit":"px","size":82,"sizes":[]},"_offset_y_end_tablet":{"unit":"px","size":163,"sizes":[]}},"elements":[],"isInner":false,"widgetType":"counter","elType":"widget"}],"isInner":true,"elType":"column"},{"id":"1bc7e372","settings":{"_column_size":50,"_inline_size":null},"elements":[{"id":"420b849e","settings":{"TabsEvery":[{"title":"Frontend Control","content_template":"0","tabajax":"","tabicon":{"value":"","library":""},"tabiconmargin":{"unit":"px","size":"","sizes":[]},"tabiconright":"","content":"<h4>Integrated Frontend Dashboard<\/h4><p>Our vendor dashboard provides vendors with an integrated frontend experience that blends seamlessly with your theme. Allow vendors to take control of their stores while you can focus on building the marketplace. Easily manage their products, orders and coupons and more.<\/p>","_id":"1c8fc4e"},{"title":"Membership options","content_template":"0","tabajax":"","tabicon":{"value":"","library":""},"tabiconmargin":{"unit":"px","size":"","sizes":[]},"tabiconright":"","content":"<h4>Membership Addon<\/h4><p>Membership allows you to create and sell membership plans to your vendors. Setting different limits for your vendors on what products they can sell. With the help of WooCommerce Subscriptions, you can now create your own membership-based marketplace.<\/p><p>Set different membership levels that your vendors can subscribe to and pay a monthly fee. The memberships can be customised and you can create as many different versions as you like.<\/p>","_id":"1bf55aa"},{"title":"Customization","content_template":"0","tabajax":"","tabicon":{"value":"","library":""},"tabiconmargin":{"unit":"px","size":"","sizes":[]},"tabiconright":"","content":"<h4>Let Vendors Manage Their Stores<\/h4><p>Control all areas of the vendor dashboard experience. Set which fields to show and which are required. Increase your quality control and ensure all products published have the required information.\u00a0<\/p>","_id":"bdac8b7"}],"tabpadding":{"unit":"px","top":"0","right":"0","bottom":"15","left":"0","isLinked":false},"tabmargin":{"unit":"px","top":"0","right":"25","bottom":"10","left":"0","isLinked":false},"tabtypography_typography":"custom","tabtypography_font_size":{"unit":"px","size":18,"sizes":[]},"tabtypography_font_weight":"normal","tabtypography_text_transform":"none","tabcolor":"#000000","tabbgcolor_background":"classic","tabbgcolor_color":"rgba(2, 1, 1, 0)","tabborder_border":"solid","tabborder_width":{"unit":"px","top":"0","right":"0","bottom":"2","left":"0","isLinked":false},"tabborder_color":"rgba(236, 236, 236, 0)","tabactivecolor":"#FF4E0C","tabborderhover_border":"solid","tabborderhover_width":{"unit":"px","top":"0","right":"0","bottom":"2","left":"0","isLinked":false},"tabborderhover_color":"#FF4E0C"},"elements":[],"isInner":false,"widgetType":"wpsm_TabsEvery","elType":"widget"}],"isInner":true,"elType":"column"}],"isInner":true,"elType":"section"}],"isInner":false,"elType":"column"}],"isInner":false,"elType":"section"},{"id":"51a16b52","settings":[],"elements":[{"id":"40ef9825","settings":{"_column_size":100,"_inline_size":null,"align":"center"},"elements":[{"id":"381b64d0","settings":{"title":"We make better things we love for you","header_size":"h3","align":"center","typography_typography":"custom","typography_font_size":{"unit":"px","size":30,"sizes":[]},"_margin":{"unit":"px","top":"0","right":"0","bottom":"15","left":"0","isLinked":false},"rh_gsap":"true","rh_gsap_y":30,"rh_gsap_rx":-50,"rh_gsap_opacity":1,"rh_gsap_origin":"bottom"},"elements":[],"isInner":false,"widgetType":"heading","elType":"widget"},{"id":"5915fbe8","settings":{"title":"Bbeautiful and functional products, you can actually buy","header_size":"div","align":"center","title_color":"#899097","typography_typography":"custom","typography_line_height":{"unit":"em","size":1.399999999999999911182158029987476766109466552734375,"sizes":[]},"rh_gsap":"true","rh_gsap_y":30,"rh_gsap_rx":-40,"rh_gsap_opacity":1,"rh_gsap_st_type":"text","rh_gsap_text":"lines","_margin":{"unit":"px","top":"0","right":"0","bottom":"30","left":"0","isLinked":false},"rh_gsap_stdelay":0.299999999999999988897769753748434595763683319091796875},"elements":[],"isInner":false,"widgetType":"heading","elType":"widget"},{"id":"edd6005","settings":{"shape":"circledots","borderwidth":1,"bordercolor":"#000000","filltype":"3","areawidth":{"unit":"px","size":185,"sizes":[]},"areaheight":{"unit":"px","size":20,"sizes":[]},"_element_width":"auto","rh_gsap":"true","rh_gsap_st_type":"svg"},"elements":[],"isInner":false,"widgetType":"wpsm-svgshape","elType":"widget"}],"isInner":false,"elType":"column"}],"isInner":false,"elType":"section"},{"id":"6bdb587b","settings":[],"elements":[{"id":"6f783c15","settings":{"_column_size":100,"_inline_size":null},"elements":[{"id":"7888108c","settings":{"cat":[],"tag":[],"ids":[],"user_id":null,"show":10,"columns":"5_col","filterpanelenable":"yes","filterheading":"Best Products","filterpanel":[{"filtertitle":"Show all","filtertype":"all","filtermetakey":"","filterpricerange":"","filterorderby":"","filtertaxkey":"","filtertaxtermslug":"","filtertaxcondition":"","filterorder":"DESC","filterdate":"all","_id":"eec7bd2"},{"filtertitle":"Popular","filtertype":"meta","filtermetakey":"rehub_views","filterpricerange":"","filterorderby":"","filtertaxkey":"","filtertaxtermslug":"","filtertaxcondition":"","filterorder":"DESC","filterdate":"all","_id":"03c4cc3"},{"filtertitle":"Most wishlisted","filtertype":"meta","filtermetakey":"post_wish_count","filterpricerange":"","filterorderby":"","filtertaxkey":"","filtertaxtermslug":"","filtertaxcondition":"","filterorder":"DESC","filterdate":"all","_id":"ffa4ac2"},{"filtertitle":"Best rated","filtertype":"meta","filtermetakey":"_wc_average_rating","filterpricerange":"","filterorderby":"","filtertaxkey":"","filtertaxtermslug":"","filtertaxcondition":"","filterorder":"DESC","filterdate":"all","_id":"4d2a516"}],"taxdrop":"product_cat","taxdroplabel":"Choose categories"},"elements":[],"isInner":false,"widgetType":"wpsm_woocolumns","elType":"widget"}],"isInner":false,"elType":"column"}],"isInner":false,"elType":"section"},{"id":"5b7daebb","settings":{"background_background":"classic","background_position":"center center","background_repeat":"no-repeat","padding":{"unit":"px","top":"150","right":"0","bottom":"400","left":"0","isLinked":false},"structure":"20","background_color":"#FFF5F2","shape_divider_top":"tilt","shape_divider_top_height":{"unit":"px","size":50,"sizes":[]},"shape_divider_top_flip":"yes","shape_divider_bottom":"tilt","shape_divider_bottom_height":{"unit":"px","size":50,"sizes":[]},"shape_divider_bottom_flip":"yes"},"elements":[{"id":"7785f62a","settings":{"_column_size":50,"_inline_size":null,"z_index":2},"elements":[{"id":"3cf1b093","settings":{"title":"Testimonial","header_size":"div","title_color":"#FF4E0C","typography_typography":"custom","typography_font_size":{"unit":"px","size":17,"sizes":[]},"typography_text_transform":"uppercase","animation_duration":"slow","rh_gsap":"true","rh_gsap_y":30,"rh_gsap_opacity":1},"elements":[],"isInner":false,"widgetType":"heading","elType":"widget"},{"id":"12a99f19","settings":{"title":"\u201cRehub is passionate about creating great products through creative communications.\u201d","header_size":"h4","typography_typography":"custom","typography_font_size":{"unit":"px","size":38,"sizes":[]},"typography_line_height":{"unit":"em","size":1.1999999999999999555910790149937383830547332763671875,"sizes":[]},"typography_letter_spacing":{"unit":"px","size":0.200000000000000011102230246251565404236316680908203125,"sizes":[]},"_margin":{"unit":"px","top":"0","right":"0","bottom":"30","left":"0","isLinked":false},"rh_gsap":"true","rh_gsap_y":30,"rh_gsap_rx":-50,"rh_gsap_opacity":1,"rh_gsap_st_type":"text","rh_gsap_text":"lines"},"elements":[],"isInner":false,"widgetType":"heading","elType":"widget"},{"id":"5b77d749","settings":{"selected_icon":{"value":"rhicon rhi-quote-left","library":"rhicons"},"title_text":"Kenett Ryann","description_text":"Executive director","position":"left","primary_color":"#BFBFBF","icon_space":{"unit":"px","size":19,"sizes":[]},"title_bottom_space":{"unit":"px","size":7,"sizes":[]},"title_typography_typography":"custom","title_typography_font_size":{"unit":"px","size":23,"sizes":[]},"title_typography_line_height":{"unit":"em","size":1,"sizes":[]},"description_color":"#B4B4B4"},"elements":[],"isInner":false,"widgetType":"icon-box","elType":"widget"}],"isInner":false,"elType":"column"},{"id":"142cf32c","settings":{"_column_size":50,"_inline_size":null},"elements":[{"id":"14256b7f","settings":{"image":{"id":1722,"url":"https:\/\/redokan.wpsoul.com\/wp-content\/uploads\/2020\/04\/y12.png"},"image_size":"shop_thumbnail","_element_width":"auto","_position":"absolute","_offset_orientation_h":"end","_offset_x":{"unit":"px","size":243,"sizes":[]},"_offset_x_end":{"size":50,"unit":"%"},"_offset_y":{"size":-55,"unit":"px"},"rh_gsap":"true","rh_gsap_y":100,"rh_gsap_scale":0.299999999999999988897769753748434595763683319091796875,"rh_gsap_opacity":1,"rh_gsap_delay":0.299999999999999988897769753748434595763683319091796875},"elements":[],"isInner":false,"widgetType":"image","elType":"widget"},{"id":"6cc2bdf7","settings":{"image":{"id":1723,"url":"https:\/\/redokan.wpsoul.com\/wp-content\/uploads\/2020\/04\/ava1.png"},"image_size":"thumbnail","_element_width":"auto","_position":"absolute","_offset_orientation_h":"end","_offset_x":{"unit":"px","size":243,"sizes":[]},"_offset_x_end":{"size":51.89699999999999846522769075818359851837158203125,"unit":"%"},"_offset_y":{"size":225,"unit":"px"},"rh_gsap":"true","rh_gsap_y":-100,"rh_gsap_scale":0.299999999999999988897769753748434595763683319091796875,"rh_gsap_opacity":1,"rh_gsap_delay":0.299999999999999988897769753748434595763683319091796875,"rh_gsap_x":120,"hide_mobile":"hidden-phone"},"elements":[],"isInner":false,"widgetType":"image","elType":"widget"},{"id":"78a48b0c","settings":{"html":"<div style=\"background-color: transparent;\r\n    background-image: linear-gradient(150deg, #F50000 0%, #FFCB00 100%);\r\n    border-radius: 50% 50% 50% 50%;\r\n    box-shadow: -1px 10px 17px 4px rgba(0,0,0,0.1);\r\n    width: 40px;\r\n    height: 40px;\r\n    display: flex;\r\n    align-items: center;\r\n    justify-content: center;\"><\/div>","_element_width":"auto","_position":"absolute","_offset_x":{"size":289,"unit":"px"},"_offset_y":{"size":89,"unit":"px"},"rh_gsap":"true","rh_gsap_x":-70,"rh_gsap_y":30,"rh_gsap_scale":0.299999999999999988897769753748434595763683319091796875,"rh_gsap_opacity":1,"rh_gsap_delay":0.299999999999999988897769753748434595763683319091796875},"elements":[],"isInner":false,"widgetType":"html","elType":"widget"},{"id":"2a4f5db0","settings":{"html":"<div style=\"background-color: #ff936d;\r\n    border-radius: 50% 50% 50% 50%;\r\n    box-shadow: -1px 10px 17px 4px rgba(0,0,0,0.1);\r\n    width: 60px;\r\n    height: 60px;\r\n    display: flex;\r\n    align-items: center;\r\n    justify-content: center;\"><\/div>","_element_width":"auto","_position":"absolute","_offset_x":{"size":465,"unit":"px"},"_offset_y":{"size":187,"unit":"px"},"rh_gsap":"true","rh_gsap_x":-130,"rh_gsap_y":30,"rh_gsap_scale":0.299999999999999988897769753748434595763683319091796875,"rh_gsap_opacity":1,"rh_gsap_delay":0.8000000000000000444089209850062616169452667236328125},"elements":[],"isInner":false,"widgetType":"html","elType":"widget"},{"id":"2b993571","settings":{"html":"<div style=\"background-color: transparent;\r\n    background-image: linear-gradient(150deg, #4054B2 0%, #3000FE 100%);\r\n    border-radius: 50% 50% 50% 50%;\r\n    box-shadow: -1px 10px 17px 4px rgba(0,0,0,0.1);\r\n    width: 75px;\r\n    height: 75px;\r\n    display: flex;\r\n    align-items: center;\r\n    justify-content: center;\"><\/div>","_element_width":"auto","_position":"absolute","_offset_x":{"size":62,"unit":"px"},"_offset_y":{"size":73,"unit":"px"},"rh_gsap":"true","rh_gsap_x":130,"rh_gsap_y":30,"rh_gsap_scale":0.299999999999999988897769753748434595763683319091796875,"rh_gsap_opacity":1,"rh_gsap_delay":1.1999999999999999555910790149937383830547332763671875},"elements":[],"isInner":false,"widgetType":"html","elType":"widget"},{"id":"32d3a700","settings":{"html":"<div style=\"background-color: transparent;\r\n    background-image: linear-gradient(150deg, #9b2edb 0%, #c92289 100%);\r\n    border-radius: 50% 50% 50% 50%;\r\n    box-shadow: -1px 10px 17px 4px rgba(0,0,0,0.1);\r\n    width: 55px;\r\n    height: 55px;\r\n    display: flex;\r\n    align-items: center;\r\n    justify-content: center;\"><\/div>","_element_width":"auto","_position":"absolute","_offset_x":{"size":439,"unit":"px"},"_offset_y":{"size":-60,"unit":"px"},"rh_gsap":"true","rh_gsap_x":-130,"rh_gsap_y":160,"rh_gsap_scale":0.299999999999999988897769753748434595763683319091796875,"rh_gsap_opacity":1,"rh_gsap_delay":0.59999999999999997779553950749686919152736663818359375},"elements":[],"isInner":false,"widgetType":"html","elType":"widget"},{"id":"46897a29","settings":{"html":"<div style=\"background-color: transparent;\r\n    background-image: linear-gradient(150deg, #bbff35 0%, #5fcc92 100%);\r\n    border-radius: 50% 50% 50% 50%;\r\n    box-shadow: -1px 10px 17px 4px rgba(0,0,0,0.1);\r\n    width: 71px;\r\n    height: 71px;\r\n    display: flex;\r\n    align-items: center;\r\n    justify-content: center;\"><\/div>","_element_width":"auto","_position":"absolute","_offset_x":{"size":820.9510000000000218278728425502777099609375,"unit":"px"},"_offset_y":{"size":-109.9549999999999982946974341757595539093017578125,"unit":"px"},"rh_gsap":"true","rh_gsap_x":-130,"rh_gsap_y":130,"rh_gsap_scale":0.299999999999999988897769753748434595763683319091796875,"rh_gsap_opacity":1,"rh_gsap_delay":0.5},"elements":[],"isInner":false,"widgetType":"html","elType":"widget"},{"id":"56a780cd","settings":{"image":{"id":1724,"url":"https:\/\/redokan.wpsoul.com\/wp-content\/uploads\/2020\/04\/dots.png"},"image_size":"full","_z_index":1,"_element_width":"auto","_position":"absolute","_offset_x":{"size":-207,"unit":"px"},"_offset_orientation_v":"end","_offset_y":{"size":174,"unit":"px"},"_offset_y_end":{"unit":"px","size":-51,"sizes":[]}},"elements":[],"isInner":false,"widgetType":"image","elType":"widget"}],"isInner":false,"elType":"column"}],"isInner":false,"elType":"section"},{"id":"3ccd8009","settings":{"background_background":"classic","background_repeat":"no-repeat","background_size":"cover","background_overlay_opacity":{"unit":"px","size":0.7399999999999999911182158029987476766109466552734375,"sizes":[]},"margin":{"unit":"px","top":"-150","right":0,"bottom":"50","left":0,"isLinked":false}},"elements":[{"id":"5a527b82","settings":{"_column_size":100,"_inline_size":null,"background_background":"classic","background_image":{"id":1725,"url":"https:\/\/redokan.wpsoul.com\/wp-content\/uploads\/2020\/04\/mainbg2.jpg"},"background_repeat":"no-repeat","background_size":"cover","background_overlay_color":"#7635F3","background_overlay_opacity":{"unit":"px","size":0.810000000000000053290705182007513940334320068359375,"sizes":[]},"border_radius":{"unit":"px","top":"20","right":"20","bottom":"20","left":"20","isLinked":true},"margin":{"unit":"px","top":"0","right":"0","bottom":"0","left":"0","isLinked":false},"padding":{"unit":"px","top":"70","right":"50","bottom":"70","left":"50","isLinked":false},"animation":"stuckFlipUpOpacity","background_color":"#A44023"},"elements":[{"id":"7c251d6d","settings":{"title":"Start yur online business today","header_size":"div","title_color":"#FFFFFF","typography_typography":"custom","typography_font_weight":"bold","typography_text_transform":"uppercase","align":"center","rh_gsap":"true","rh_gsap_y":15,"rh_gsap_rx":90,"rh_gsap_opacity":1,"rh_gsap_origin":"bottom","rh_gsap_trigger_field":"circlesvganimation"},"elements":[],"isInner":false,"widgetType":"heading","elType":"widget"},{"id":"42d104d2","settings":{"title":"<b>Get in Touch<\/b>, click on button<br>and become our vendor","header_size":"div","typography_typography":"custom","typography_font_size":{"unit":"px","size":40,"sizes":[]},"align":"center","title_color":"#FFFFFF","typography_line_height":{"unit":"em","size":1.3000000000000000444089209850062616169452667236328125,"sizes":[]},"rh_gsap":"true","rh_gsap_y":20,"rh_gsap_rx":-40,"rh_gsap_opacity":1,"rh_gsap_origin":"bottom","rh_gsap_st_type":"text","rh_gsap_text":"lines","rh_gsap_trigger_field":"circlesvganimation"},"elements":[],"isInner":false,"widgetType":"heading","elType":"widget"},{"id":"734be476","settings":{"text":"Register","align":"center","typography_font_size":{"unit":"px","size":20,"sizes":[]},"background_color":"#FFFFFF","hover_animation":"grow","_css_classes":"act-rehub-login-popup","rh_gsap":"true","rh_gsap_y":20,"rh_gsap_opacity":1,"rh_gsap_sc_tr":100,"link":{"url":"\/my-account","is_external":"","nofollow":"","custom_attributes":""},"size":"md","button_text_color":"#000000"},"elements":[],"isInner":false,"widgetType":"button","elType":"widget"}],"isInner":false,"elType":"column"}],"isInner":false,"elType":"section"},{"id":"7e91697e","settings":{"structure":"21","padding":{"unit":"px","top":"100","right":"0","bottom":"100","left":"0","isLinked":false},"padding_mobile":{"unit":"px","top":"15","right":"15","bottom":"15","left":"15","isLinked":true}},"elements":[{"id":"887bc38","settings":{"_column_size":33,"_inline_size":null},"elements":[{"id":"47a14f4e","settings":{"title":"Stay Turned On","header_size":"div","title_color":"#7A7A7A","typography_typography":"custom","typography_text_transform":"uppercase","rh_gsap":"true","rh_gsap_y":40,"rh_gsap_rx":-40,"rh_gsap_opacity":1},"elements":[],"isInner":false,"widgetType":"heading","elType":"widget"},{"id":"5cef27fd","settings":{"title":"Check our Latest News from\nOur Blog","header_size":"h3","typography_typography":"custom","typography_font_size":{"unit":"px","size":28,"sizes":[]},"typography_line_height":{"unit":"em","size":1.3000000000000000444089209850062616169452667236328125,"sizes":[]},"rh_gsap":"true","rh_gsap_y":40,"rh_gsap_rx":-40,"rh_gsap_opacity":1,"rh_gsap_st_type":"text","rh_gsap_text":"lines","rh_gsap_delay":0.299999999999999988897769753748434595763683319091796875},"elements":[],"isInner":false,"widgetType":"heading","elType":"widget"},{"id":"3eb71ff1","settings":{"text":"Check Our Blog","selected_icon":{"value":"rhicon rhi-chevron-right","library":"rhicons"},"icon_align":"right","icon_indent":{"unit":"px","size":10,"sizes":[]},"typography_typography":"custom","typography_font_size":{"unit":"px","size":20,"sizes":[]},"background_color":"#FF4E0C","hover_animation":"grow","rh_gsap":"true","rh_gsap_y":40,"rh_gsap_rx":-40,"rh_gsap_opacity":1,"link":{"url":"\/blog","is_external":"","nofollow":"","custom_attributes":""},"rh_gsap_delay":0.59999999999999997779553950749686919152736663818359375},"elements":[],"isInner":false,"widgetType":"button","elType":"widget"}],"isInner":false,"elType":"column"},{"id":"41549b24","settings":{"_column_size":66,"_inline_size":null},"elements":[{"id":"7aa206f9","settings":{"cat":[],"cat_exclude":[],"tag":[],"tag_exclude":[],"ids":[],"post_type":"blog","tax_name":null,"tax_slug":null,"tax_slug_exclude":null,"show":2,"columns":"2_col","taxdrop":null,"rh_gsap":"true","rh_gsap_y":40,"rh_gsap_opacity":1,"rh_gsap_st_type":"no","rh_gsap_delay":0.6999999999999999555910790149937383830547332763671875},"elements":[],"isInner":false,"widgetType":"colored_grid_loop","elType":"widget"}],"isInner":false,"elType":"column"}],"isInner":false,"elType":"section"},{"id":"3c6290ce","settings":{"structure":"30","background_background":"classic","background_color":"#00C2B4","padding":{"unit":"px","top":"30","right":"0","bottom":"30","left":"0","isLinked":false}},"elements":[{"id":"12b91dc6","settings":{"_column_size":33,"_inline_size":null},"elements":[],"isInner":false,"elType":"column"},{"id":"689547a0","settings":{"_column_size":33,"_inline_size":null},"elements":[{"id":"3ef9fb05","settings":{"title":"Rehub is best Marketplace theme","header_size":"div","align":"center","title_color":"#FFFFFF","typography_typography":"custom","typography_font_size":{"unit":"px","size":25,"sizes":[]}},"elements":[],"isInner":false,"widgetType":"heading","elType":"widget"}],"isInner":false,"elType":"column"},{"id":"1bd3ffe4","settings":{"_column_size":33,"_inline_size":null},"elements":[{"id":"71ceb47c","settings":{"image":{"id":1726,"url":"https:\/\/redokan.wpsoul.com\/wp-content\/uploads\/2020\/04\/hand.png"},"image_size":"full","_element_width":"auto","_position":"absolute","_offset_x":{"size":1,"unit":"px"},"_offset_orientation_v":"end","_offset_y":{"size":0,"unit":"px"},"_offset_y_end":{"unit":"px","size":-39,"sizes":[]}},"elements":[],"isInner":false,"widgetType":"image","elType":"widget"}],"isInner":false,"elType":"column"}],"isInner":false,"elType":"section"}]}