{"version":"0.4","title":"Card grid 2","type":"section","content":[{"id":"2969228d","settings":{"gap":"no","structure":"20","z_index":1},"elements":[{"id":"4beb9d0a","settings":{"_column_size":50,"_inline_size":null},"elements":[{"id":"514fa5c","settings":{"structure":"20"},"elements":[{"id":"6240559b","settings":{"_column_size":50,"_inline_size":null,"padding":{"unit":"px","top":"10","right":"10","bottom":"10","left":"0","isLinked":false}},"elements":[{"id":"718db5b0","settings":{"title":"Tablets,<br>gadgets","subtitle":"","image_id":{"id":"476","url":"http:\/\/elementor.wpsoul.com\/wp-content\/uploads\/2019\/07\/tablets-1.jpg"},"height":130,"padding":20,"align":"right","overlay":"","maintitletypo_typography":"custom","maintitletypo_font_size":{"unit":"px","size":18,"sizes":[]},"subtitletypo_font_size":{"unit":"px","size":17,"sizes":[]},"colortext":"#0c0c0c","maintitletypo_font_weight":"normal"},"elements":[],"isInner":false,"widgetType":"wpsm_hover_banner","elType":"widget"},{"id":"6cd4a3b9","settings":{"title":"Games,<br>consoles","subtitle":"","image_id":{"id":"481","url":"http:\/\/elementor.wpsoul.com\/wp-content\/uploads\/2019\/07\/games-1.jpg"},"height":130,"padding":20,"align":"right","overlay":"","maintitletypo_typography":"custom","maintitletypo_font_size":{"unit":"px","size":18,"sizes":[]},"subtitletypo_font_size":{"unit":"px","size":17,"sizes":[]},"maintitletypo_font_weight":"normal"},"elements":[],"isInner":false,"widgetType":"wpsm_hover_banner","elType":"widget"},{"id":"728a3a45","settings":{"title":"Outdoors<br>and Nature","subtitle":"","image_id":{"id":"477","url":"http:\/\/elementor.wpsoul.com\/wp-content\/uploads\/2019\/07\/banner2-1.jpg"},"height":130,"padding":20,"align":"right","overlay":"","maintitletypo_typography":"custom","maintitletypo_font_size":{"unit":"px","size":18,"sizes":[]},"subtitletypo_font_size":{"unit":"px","size":17,"sizes":[]},"colortext":"#0c0c0c","maintitletypo_font_weight":"normal","_animation":"swing-in-top-fwd","_animation_delay":300},"elements":[],"isInner":false,"widgetType":"wpsm_hover_banner","elType":"widget"}],"isInner":true,"elType":"column"},{"id":"274b76e1","settings":{"_column_size":50,"_inline_size":null},"elements":[{"id":"7ddfad47","settings":{"title":"Phones<br>and gadgets","subtitle":"","image_id":{"id":"482","url":"http:\/\/elementor.wpsoul.com\/wp-content\/uploads\/2019\/07\/hw3-1.jpg"},"height":280,"padding":20,"align":"right","overlay":"","maintitletypo_typography":"custom","maintitletypo_font_size":{"unit":"px","size":21,"sizes":[]},"subtitletypo_font_size":{"unit":"px","size":17,"sizes":[]},"maintitletypo_font_weight":"normal","_animation":"swing-in-left-fwd","_animation_delay":200},"elements":[],"isInner":false,"widgetType":"wpsm_hover_banner","elType":"widget"},{"id":"7f688f3b","settings":{"title":"Laptops,<br>computers","subtitle":"","image_id":{"id":"478","url":"http:\/\/elementor.wpsoul.com\/wp-content\/uploads\/2019\/07\/laptop-1.jpg"},"height":130,"padding":20,"align":"left","overlay":"","maintitletypo_typography":"custom","maintitletypo_font_size":{"unit":"px","size":18,"sizes":[]},"subtitletypo_font_size":{"unit":"px","size":17,"sizes":[]},"colortext":"#4575c1","maintitletypo_font_weight":"normal","_animation":"swing-in-top-fwd","_animation_delay":200},"elements":[],"isInner":false,"widgetType":"wpsm_hover_banner","elType":"widget"}],"isInner":true,"elType":"column"}],"isInner":true,"elType":"section"}],"isInner":false,"elType":"column"},{"id":"542f2b53","settings":{"_column_size":50,"_inline_size":null},"elements":[{"id":"69c885e7","settings":[],"elements":[{"id":"4fedc16f","settings":{"_column_size":100,"_inline_size":null},"elements":[{"id":"40b99298","settings":{"title":"Create your Product","subtitle":"Start just Now!","image_id":{"url":"","id":""},"height":280,"padding":30,"overlay":"","color":"#fec02f","bg":"#e8e8e8","maintitletypo_typography":"custom","maintitletypo_font_size":{"unit":"px","size":33,"sizes":[]},"maintitletypo_font_weight":"700","colorsubtext":"#727272","_animation":"stuckMoveUpOpacity","animation_duration":"fast","_animation_delay":600,"enable_icon":"yes","icon":{"value":"rhicon rhi-pencil","library":"fa-light"},"colortext":"#ff003f","maintitletypo_line_height":{"unit":"em","size":1.3,"sizes":[]}},"elements":[],"isInner":false,"widgetType":"wpsm_hover_banner","elType":"widget"}],"isInner":true,"elType":"column"}],"isInner":true,"elType":"section"},{"id":"404105cb","settings":{"structure":"20"},"elements":[{"id":"5109fb0c","settings":{"_column_size":50,"_inline_size":null},"elements":[{"id":"5db9611c","settings":{"title":"Watches,<br>Jewelry","subtitle":"","image_id":{"id":"480","url":"http:\/\/elementor.wpsoul.com\/wp-content\/uploads\/2019\/07\/watches-1.jpg"},"height":130,"padding":20,"align":"left","overlay":"","maintitletypo_typography":"custom","maintitletypo_font_size":{"unit":"px","size":17,"sizes":[]},"subtitletypo_font_size":{"unit":"px","size":17,"sizes":[]},"colortext":"#4575c1","maintitletypo_font_weight":"normal","_animation_delay":500},"elements":[],"isInner":false,"widgetType":"wpsm_hover_banner","elType":"widget"}],"isInner":true,"elType":"column"},{"id":"31674efd","settings":{"_column_size":50,"_inline_size":null},"elements":[{"id":"349000f0","settings":{"title":"VR,TV<br>gameset","subtitle":"","image_id":{"id":"479","url":"http:\/\/elementor.wpsoul.com\/wp-content\/uploads\/2019\/07\/vr-1.jpg"},"height":130,"padding":20,"align":"right","overlay":"","maintitletypo_typography":"custom","maintitletypo_font_size":{"unit":"px","size":17,"sizes":[]},"subtitletypo_font_size":{"unit":"px","size":17,"sizes":[]},"colortext":"#302424","maintitletypo_font_weight":"normal","_animation":"swing-in-top-fwd"},"elements":[],"isInner":false,"widgetType":"wpsm_hover_banner","elType":"widget"}],"isInner":true,"elType":"column"}],"isInner":true,"elType":"section"}],"isInner":false,"elType":"column"}],"isInner":false,"elType":"section"}]}