{"version":"0.4","title":"Recart Home","type":"page","content":[{"id":"3cf7c969","settings":{"overflow":"hidden","background_background":"classic","background_image":{"url":"https:\/\/recart.wpsoul.com\/wp-content\/uploads\/2019\/06\/colorbg.jpg","id":738},"background_position":"center center","background_repeat":"no-repeat","margin":{"unit":"px","top":"0","right":0,"bottom":"30","left":0,"isLinked":false},"margin_tablet":{"unit":"px","top":"0","right":0,"bottom":"30","left":0,"isLinked":false},"margin_mobile":{"unit":"px","top":"0","right":0,"bottom":"30","left":0,"isLinked":false},"shape_divider_bottom_width":{"unit":"%","size":300,"sizes":[]},"shape_divider_bottom_height":{"unit":"px","size":16,"sizes":[]},"z_index":2},"elements":[{"id":"501a1ee","settings":{"_column_size":100,"_inline_size":null,"content_position":"center","space_between_widgets":15,"margin":{"unit":"px","top":"0","right":"0","bottom":"0","left":"0","isLinked":true},"padding":{"unit":"px","top":"0","right":"0","bottom":"0","left":"0","isLinked":true}},"elements":[{"id":"30aa5562","settings":{"structure":"20","z_index":3,"css_classes":"flowhidden position-relative"},"elements":[{"id":"3dbfb988","settings":{"_column_size":50,"_inline_size":null,"css_classes":"el-col250","hide_tablet":"hidden-tablet","hide_mobile":"hidden-phone"},"elements":[],"isInner":true,"elType":"column"},{"id":"44869171","settings":{"_column_size":50,"_inline_size":null,"_inline_size_tablet":100,"padding":{"unit":"px","top":"77","right":"0","bottom":"85","left":"45","isLinked":false},"padding_tablet":{"unit":"px","top":"30","right":"30","bottom":"30","left":"30","isLinked":true},"padding_mobile":{"unit":"px","top":"30","right":"30","bottom":"30","left":"30","isLinked":false},"css_classes":"el-calc250"},"elements":[{"id":"dd38a1b","settings":{"title":"Best Deals for all new","header_size":"div","title_color":"#ffffff","typography_typography":"custom","typography_font_size":{"unit":"px","size":24,"sizes":[]},"_animation":"stuckFlipUpOpacity"},"elements":[],"isInner":false,"widgetType":"heading","elType":"widget"},{"id":"11ca13f3","settings":{"title":"Mobiles and Tablets","header_size":"h6","title_color":"#ffffff","typography_typography":"custom","typography_font_size":{"unit":"px","size":43,"sizes":[]},"typography_text_transform":"uppercase","_animation":"stuckFlipUpOpacity","_animation_delay":200,"rh_gsap_y":25,"rh_gsap_rx":20,"rh_gsap_opacity":1,"rh_gsap_origin":"bottom","rh_gsap_st_type":"no","rh_gsap_text":"words"},"elements":[],"isInner":false,"widgetType":"heading","elType":"widget"},{"id":"23946546","settings":{"title":"Lorem ipsum dolor sit amet, consectetur adipiscing elit, <br>sed do eiusmod tempor incididunt ut labore et","header_size":"div","title_color":"#ffffff","typography_typography":"custom","typography_font_size":{"unit":"px","size":14,"sizes":[]},"typography_line_height":{"unit":"em","size":1.5,"sizes":[]},"_animation":"stuckFlipUpOpacity","_animation_delay":400},"elements":[],"isInner":false,"widgetType":"heading","elType":"widget"},{"id":"37a5b3bd","settings":{"text":"Get Started Now","typography_font_size":{"unit":"px","size":18,"sizes":[]},"typography_font_weight":"bold","button_text_color":"#ffffff","button_background_hover_color":"#ffffff","border_radius":{"unit":"px","top":"100","right":"100","bottom":"100","left":"100","isLinked":true},"hover_color":"#5550c4","size":"lg","background_color":"#ff0044","hover_animation":"grow","button_box_shadow_box_shadow":{"horizontal":0,"vertical":8,"blur":22,"spread":0,"color":"rgba(255,91,135,0.5)"},"typography_typography":"custom","typography_text_transform":"uppercase","text_padding":{"unit":"px","top":"15","right":"25","bottom":"15","left":"25","isLinked":false},"_animation":"stuckMoveUpOpacity","animation_duration":"fast","_animation_delay":700,"_element_width":"auto"},"elements":[],"isInner":false,"widgetType":"button","elType":"widget"}],"isInner":true,"elType":"column"}],"isInner":true,"elType":"section"},{"id":"755b5865","settings":{"image":{"url":"http:\/\/recart.wpsoul.com\/wp-content\/uploads\/2019\/07\/hw.png","id":1164},"image_size":"full","_z_index":2,"_element_width":"auto","_position":"absolute","_offset_orientation_h":"end","_offset_x":{"unit":"px","size":0,"sizes":[]},"_offset_x_end":{"unit":"px","size":0,"sizes":[]},"_offset_orientation_v":"end","_offset_y_end":{"unit":"px","size":0,"sizes":[]},"hide_tablet":"hidden-tablet","hide_mobile":"hidden-phone","_animation":"fadeInUp","_animation_delay":700,"rh_parlx_m_el_speed":"","rh_parlx_m_el_tilt":50},"elements":[],"isInner":false,"widgetType":"image","elType":"widget"},{"id":"38ca1364","settings":{"rh_canvas_type":"masksvg","tensionPoints":{"unit":"px","size":2.79999999999999982236431605997495353221893310546875,"sizes":[]},"svgfilltype":"gradient","_z_index":1,"_element_width":"auto","_offset_orientation_h":"end","_offset_x":{"unit":"px","size":-122,"sizes":[]},"_offset_orientation_v":"end","svgarea_size":{"unit":"px","size":900,"sizes":[]},"_position":"absolute","_offset_x_end":{"unit":"px","size":-142.900000000000005684341886080801486968994140625,"sizes":[]},"_offset_y_end":{"unit":"px","size":-214,"sizes":[]},"minmaxRadius":{"unit":"px","size":"","sizes":{"start":140,"end":169}},"minmaxDuration":{"unit":"s","size":"","sizes":{"start":4.70000000000000017763568394002504646778106689453125,"end":6}},"rh_parlx_m_el":"true","rh_parlx_m_el_speed":60,"rh_parlx_m_el_tilt":50},"elements":[],"isInner":false,"widgetType":"rh_a_canvas","elType":"widget"}],"isInner":false,"elType":"column"}],"isInner":false,"elType":"section"},{"id":"60596da9","settings":[],"elements":[{"id":"40dd0e3a","settings":{"_column_size":100},"elements":[{"id":"1991bb92","settings":{"_z_index":1,"_border_border":"solid","_border_width":{"unit":"px","top":"5","right":"5","bottom":"5","left":"5","isLinked":true},"_border_color":"rgba(89,110,247,0.35)","_border_radius":{"unit":"%","top":"50","right":"50","bottom":"50","left":"50","isLinked":true},"_element_width":"auto","_position":"absolute","_offset_x":{"size":816,"unit":"px"},"_offset_y":{"size":153,"unit":"px"},"rh_infinite_delay":"1","rh_parallax_circle":106,"_offset_orientation_h":"end","_offset_x_end":{"unit":"px","size":-54.7000000000000028421709430404007434844970703125,"sizes":[]},"rh_infinite_speed":"15","rh_infinite_leftright":"infinite"},"elements":[],"isInner":false,"widgetType":"spacer","elType":"widget"},{"id":"3dabc386","settings":{"_z_index":1,"_border_border":"solid","_border_width":{"unit":"px","top":"20","right":"20","bottom":"20","left":"20","isLinked":true},"_border_color":"rgba(255,197,91,0.26)","_border_radius":{"unit":"%","top":"50","right":"50","bottom":"50","left":"50","isLinked":true},"_element_width":"auto","_position":"absolute","_offset_x":{"size":816,"unit":"px"},"_offset_y":{"size":61,"unit":"px"},"rh_infinite_delay":"1","rh_parallax_circle":172,"_offset_orientation_h":"end","_offset_x_end":{"size":-76.9429999999999978399500832892954349517822265625,"unit":"px"},"rh_infinite_speed":"20","rh_infinite_leftright":"infinite"},"elements":[],"isInner":false,"widgetType":"spacer","elType":"widget"},{"id":"38653a64","settings":{"title":"Looking for Best e-commerce theme","header_size":"h5","align":"center","title_color":"#9b9b9b","typography_typography":"custom","typography_font_size":{"unit":"px","size":16,"sizes":[]},"typography_text_transform":"uppercase","_animation":"stuckMoveUpOpacity","animation_duration":"fast","typography_font_weight":"normal","_animation_delay":1200},"elements":[],"isInner":false,"widgetType":"heading","elType":"widget"},{"id":"5e2245f2","settings":{"title":"Choose category","header_size":"h4","align":"center","typography_typography":"custom","typography_font_size":{"unit":"px","size":24,"sizes":[]},"typography_font_weight":"bold","_animation":"stuckMoveUpOpacity","animation_duration":"fast","_animation_delay":1400,"typography_text_transform":"uppercase","_margin":{"unit":"px","top":"0","right":"0","bottom":"30","left":"0","isLinked":false}},"elements":[],"isInner":false,"widgetType":"heading","elType":"widget"}],"isInner":false,"elType":"column"}],"isInner":false,"elType":"section"},{"id":"502ac246","settings":{"margin":{"unit":"px","top":"0","right":0,"bottom":"20","left":0,"isLinked":false},"z_index":2,"margin_tablet":{"unit":"px","top":"0","right":0,"bottom":"0","left":0,"isLinked":true},"margin_mobile":{"unit":"px","top":"","right":0,"bottom":"","left":0,"isLinked":true},"animation_duration":"fast"},"elements":[{"id":"355ba3f6","settings":{"_column_size":100,"padding":{"unit":"px","top":"0","right":"12","bottom":"0","left":"12","isLinked":false}},"elements":[{"id":"6f8fc446","settings":{"taxonomy":"product_cat","child_of":null,"include":[],"type":"woocategory","classcol":"col_wrap_fourth","wrapclass":"no_padding_wrap","_animation":"stuckMoveUpOpacity","animation_duration":"fast","rh_gsap_y":20,"rh_gsap_opacity":1,"rh_gsap_st_type":"class","rh_gsap_stagger":"woocatbox"},"elements":[],"isInner":false,"widgetType":"wpsm_tax_archive","elType":"widget"}],"isInner":false,"elType":"column"}],"isInner":false,"elType":"section"},{"id":"7ca421ec","settings":{"layout":"full_width"},"elements":[{"id":"3aa7486f","settings":{"_column_size":100},"elements":[{"id":"22e061c3","settings":{"image":{"url":"http:\/\/recart.wpsoul.com\/wp-content\/uploads\/2019\/07\/golden.png","id":1051},"image_size":"full","_element_width":"auto","_position":"absolute","_offset_x":{"unit":"px","size":-53,"sizes":[]},"_offset_orientation_v":"end","_offset_y_end":{"unit":"px","size":-791,"sizes":[]},"rh_parallax_el":"true","rh_parallax_el_speed":50},"elements":[],"isInner":false,"widgetType":"image","elType":"widget"},{"id":"749efa62","settings":{"_background_background":"gradient","_background_color":"rgba(90,125,181,0.15)","_background_color_b":"rgba(26,71,155,0.07)","_background_gradient_angle":{"unit":"deg","size":250,"sizes":[]},"_border_radius":{"unit":"px","top":"320","right":"320","bottom":"320","left":"320","isLinked":true},"_element_width":"auto","_position":"absolute","_offset_orientation_h":"end","_offset_x":{"unit":"px","size":-559,"sizes":[]},"_offset_x_end":{"unit":"px","size":-484.8999999999999772626324556767940521240234375,"sizes":[]},"rh_infinite_speed":"0","rh_parallax_circle":849,"rh_make_rotate":70,"_z_index":0},"elements":[],"isInner":false,"widgetType":"spacer","elType":"widget"}],"isInner":false,"elType":"column"}],"isInner":false,"elType":"section"},{"id":"567d7224","settings":{"structure":"20","margin":{"unit":"px","top":"0","right":0,"bottom":"0","left":0,"isLinked":true},"background_background":"classic","background_overlay_background":"classic","shape_divider_top_height":{"unit":"px","size":37,"sizes":[]},"shape_divider_bottom_height":{"unit":"px","size":37,"sizes":[]},"padding":{"unit":"px","top":"30","right":"0","bottom":"30","left":"0","isLinked":false},"margin_mobile":{"unit":"px","top":"0","right":0,"bottom":"0","left":0,"isLinked":true},"padding_tablet":{"unit":"px","top":"0","right":"0","bottom":"0","left":"0","isLinked":true},"padding_mobile":{"unit":"px","top":"0","right":"0","bottom":"0","left":"0","isLinked":true}},"elements":[{"id":"153fc195","settings":{"_column_size":50,"_inline_size":null,"padding":{"unit":"px","top":"0","right":"0","bottom":"0","left":"0","isLinked":true},"css_classes":"el-col250  hideontablet","_inline_size_tablet":100,"hide_tablet":"hidden-tablet","hide_mobile":"hidden-phone"},"elements":[{"id":"422363eb","settings":{"background_background":"gradient","background_color":"#2f00f5","background_color_b":"#8311c6","background_gradient_angle":{"unit":"deg","size":340,"sizes":[]},"shape_divider_bottom":"tilt","shape_divider_bottom_width":{"unit":"%","size":100,"sizes":[]},"shape_divider_bottom_height":{"unit":"px","size":134,"sizes":[]},"shape_divider_bottom_flip":"yes","z_index":2},"elements":[{"id":"fefdcca","settings":{"_column_size":100,"_inline_size":null,"space_between_widgets":10,"border_border":"solid","border_width":{"unit":"px","top":"1","right":"1","bottom":"1","left":"1","isLinked":true},"border_color":"#e8e8e8","margin":{"unit":"px","top":"0","right":"0","bottom":"-120","left":"0","isLinked":false},"padding":{"unit":"px","top":"50","right":"25","bottom":"25","left":"25","isLinked":false}},"elements":[{"id":"6c0ded54","settings":{"title":"Best<br>Brands","header_size":"h6","title_color":"#ffffff","typography_typography":"custom","typography_font_size":{"unit":"px","size":39,"sizes":[]},"typography_text_transform":"uppercase","_margin":{"unit":"px","top":"0","right":"0","bottom":"10","left":"0","isLinked":false},"_animation":"stuckFlipUpOpacity"},"elements":[],"isInner":false,"widgetType":"heading","elType":"widget"},{"id":"6167f82c","settings":{"title":"40%","header_size":"h6","title_color":"#ffffff","typography_typography":"custom","typography_font_size":{"unit":"px","size":44,"sizes":[]},"typography_font_weight":"normal","typography_text_transform":"uppercase","typography_line_height":{"unit":"em","size":0.8000000000000000444089209850062616169452667236328125,"sizes":[]},"_animation":"fade-in-bck","animation_duration":"fast","_animation_delay":100},"elements":[],"isInner":false,"widgetType":"heading","elType":"widget"},{"id":"44328aa7","settings":{"title":"off","header_size":"h6","title_color":"#ffffff","typography_typography":"custom","typography_font_size":{"unit":"px","size":23,"sizes":[]},"typography_font_weight":"normal","typography_text_transform":"uppercase","typography_line_height":{"unit":"em","size":0.40000000000000002220446049250313080847263336181640625,"sizes":[]},"_animation":"fade-in-bck","animation_duration":"fast","_animation_delay":300},"elements":[],"isInner":false,"widgetType":"heading","elType":"widget"},{"id":"2dba93dc","settings":{"image":{"url":"http:\/\/recart.wpsoul.com\/wp-content\/uploads\/2019\/07\/banner_pr.png","id":1182},"image_size":"full","align":"center","_margin":{"unit":"px","top":"-30","right":"0","bottom":"0","left":"0","isLinked":false},"_offset_orientation_v":"end","_offset_y_end":{"unit":"px","size":-43,"sizes":[]},"_animation":"rotate-in-2-fwd","animation_duration":"fast"},"elements":[],"isInner":false,"widgetType":"image","elType":"widget"},{"id":"1b9dd6e4","settings":{"text":"Check Now","typography_font_size":{"unit":"px","size":15,"sizes":[]},"typography_font_weight":"bold","button_text_color":"#ffffff","button_background_hover_color":"#ffffff","border_radius":{"unit":"px","top":"100","right":"100","bottom":"100","left":"100","isLinked":true},"hover_color":"#5550c4","background_color":"#ff0044","hover_animation":"grow","button_box_shadow_box_shadow":{"horizontal":0,"vertical":8,"blur":22,"spread":0,"color":"rgba(255,91,135,0.5)"},"typography_typography":"custom","typography_text_transform":"uppercase","align":"center","button_box_shadow_box_shadow_type":"yes","_margin":{"unit":"px","top":"0","right":"0","bottom":"10","left":"0","isLinked":false},"_offset_x":{"size":0,"unit":"px"},"_offset_orientation_v":"end","_offset_y_end":{"size":-65,"unit":"px"},"_animation":"stuckFlipUpOpacity","_animation_delay":500},"elements":[],"isInner":false,"widgetType":"button","elType":"widget"},{"id":"4873acf2","settings":{"title":"Hurry up limited offers","header_size":"div","align":"center","typography_typography":"custom","typography_font_size":{"unit":"px","size":13,"sizes":[]},"_offset_orientation_v":"end","_offset_y_end":{"unit":"px","size":-98,"sizes":[]},"_animation":"stuckFlipUpOpacity","_animation_delay":800},"elements":[],"isInner":false,"widgetType":"heading","elType":"widget"}],"isInner":true,"elType":"column"}],"isInner":true,"elType":"section"},{"id":"14e814b7","settings":{"space":{"unit":"px","size":118,"sizes":[]},"space_tablet":{"unit":"px","size":120,"sizes":[]},"_z_index":1,"_background_background":"classic","_background_color":"#ffffff"},"elements":[],"isInner":false,"widgetType":"spacer","elType":"widget"}],"isInner":false,"elType":"column"},{"id":"4578c7b3","settings":{"_column_size":50,"_inline_size":null,"padding":{"unit":"px","top":"0","right":"0","bottom":"0","left":"35","isLinked":false},"css_classes":"el-calc250","_inline_size_tablet":100,"padding_tablet":{"unit":"px","top":"20","right":"20","bottom":"20","left":"20","isLinked":true},"padding_mobile":{"unit":"px","top":"20","right":"20","bottom":"20","left":"20","isLinked":true}},"elements":[{"id":"2797db62","settings":{"cat":[],"tag":[],"ids":[],"user_id":null,"show":"8","gridtype":"review","filterpanelenable":"yes","filterheading":"Latest Products","filterpanel":[{"filtertitle":"Show all","filtertype":"all","filtermetakey":"","filterpricerange":"","filterorderby":"","filtertaxkey":"","filtertaxtermslug":"","filtertaxcondition":"","filterorder":"DESC","filterdate":"all","_id":"59d95ab"},{"filtertitle":"Popular","filtertype":"meta","filtermetakey":"rehub_views_mon","filterpricerange":"","filterorderby":"","filtertaxkey":"","filtertaxtermslug":"","filtertaxcondition":"","filterorder":"DESC","filterdate":"all","_id":"d32c276"},{"filtertitle":"Best rated","filtertype":"meta","filtermetakey":"_wc_average_rating","filterpricerange":"","filterorderby":"","filtertaxkey":"","filtertaxtermslug":"","filtertaxcondition":"","filterorder":"DESC","filterdate":"all","_id":"9d2cb02"}],"taxdrop":"product_cat","_animation":"stuckMoveUpOpacity","rh_gsap_y":15,"rh_gsap_opacity":1,"rh_gsap_st_type":"class","rh_gsap_stagger":"woo_column_grid","rh_gsap_stdelay":0.200000000000000011102230246251565404236316680908203125},"elements":[],"isInner":false,"widgetType":"wpsm_woogrid","elType":"widget"}],"isInner":false,"elType":"column"}],"isInner":false,"elType":"section"},{"id":"473f8ab0","settings":{"padding":{"unit":"px","top":"30","right":"0","bottom":"30","left":"0","isLinked":false},"margin_tablet":{"unit":"px","top":"0","right":0,"bottom":"0","left":0,"isLinked":true},"padding_tablet":{"unit":"px","top":"0","right":"0","bottom":"0","left":"0","isLinked":true}},"elements":[{"id":"69466c1f","settings":{"_column_size":100},"elements":[{"id":"3c224f7d","settings":{"color":"#ededed","_margin":{"unit":"px","top":"0","right":"0","bottom":"30","left":"0","isLinked":false},"_margin_tablet":{"unit":"px","top":"0","right":"0","bottom":"0","left":"0","isLinked":true},"_padding_tablet":{"unit":"px","top":"0","right":"0","bottom":"0","left":"0","isLinked":true},"text":"Divider"},"elements":[],"isInner":false,"widgetType":"divider","elType":"widget"},{"id":"744cc55","settings":{"title":"Looking for collections","header_size":"h5","align":"center","title_color":"#9b9b9b","typography_typography":"custom","typography_font_size":{"unit":"px","size":16,"sizes":[]},"typography_text_transform":"uppercase","_animation":"stuckMoveUpOpacity","animation_duration":"fast","typography_font_weight":"normal"},"elements":[],"isInner":false,"widgetType":"heading","elType":"widget"},{"id":"1bba9fe1","settings":{"title":"Check latest bundle","header_size":"h4","align":"center","typography_typography":"custom","typography_font_size":{"unit":"px","size":25,"sizes":[]},"typography_font_weight":"bold","_animation":"stuckMoveUpOpacity","animation_duration":"fast","_animation_delay":150,"typography_text_transform":"uppercase"},"elements":[],"isInner":false,"widgetType":"heading","elType":"widget"},{"id":"27f314af","settings":{"image":{"url":"http:\/\/recart.wpsoul.com\/wp-content\/uploads\/2019\/07\/banner_pr2.png","id":1290},"image_size":"full","width":{"unit":"%","size":78,"sizes":[]},"space":{"unit":"px","size":"","sizes":[]},"space_tablet":{"unit":"px","size":"","sizes":[]},"space_mobile":{"unit":"px","size":"","sizes":[]},"_z_index":1,"_background_background":"classic","_background_color_b":"rgba(221,169,37,0.16)","_border_width":{"unit":"px","top":"20","right":"20","bottom":"20","left":"20","isLinked":true},"_border_color":"rgba(255,197,91,0.26)","_border_radius":{"unit":"%","top":"","right":"","bottom":"","left":"","isLinked":true},"_element_width":"auto","_position":"absolute","_offset_orientation_h":"end","_offset_x":{"size":816,"unit":"px"},"_offset_x_end":{"size":-129.599999999999994315658113919198513031005859375,"unit":"px"},"_offset_y":{"size":-53,"unit":"px"},"rh_parallax_el":"true","rh_infinite_speed":"20","rh_parallax_el_speed":30},"elements":[],"isInner":false,"widgetType":"image","elType":"widget"}],"isInner":false,"elType":"column"}],"isInner":false,"elType":"section"},{"id":"1a3ea216","settings":{"structure":"20","margin":{"unit":"px","top":"0","right":0,"bottom":"50","left":0,"isLinked":false}},"elements":[{"id":"506b0e0","settings":{"_column_size":50,"_inline_size":29.167000000000001591615728102624416351318359375,"content_position":"bottom","background_background":"classic","margin":{"unit":"px","top":"0","right":"0","bottom":"35","left":"0","isLinked":false},"padding":{"unit":"px","top":"10","right":"10","bottom":"10","left":"10","isLinked":false},"_inline_size_tablet":100,"animation":"stuckMoveUpOpacity","animation_delay":200,"animation_duration":"fast"},"elements":[{"id":"5ebda665","settings":{"title":"Best together <i class=\"rhicon rhi-arrow-circle-right floatright\"><\/i>","description":"Collection block","image":{"url":"https:\/\/recart.wpsoul.com\/wp-content\/uploads\/2019\/03\/hw3-e1565552378795.jpg","id":478},"link":{"url":"\/product-category\/phones-accessories\/","is_external":true,"nofollow":true,"custom_attributes":""},"linktitle":"My link","bg_contain":"","revert_title":"yes","imheight":340,"maintitletypo_typography":"custom","maintitletypo_font_size":{"unit":"px","size":28,"sizes":[]},"maintitletypo_font_weight":"bold","maintitletypo_text_transform":"uppercase","subtitletypo_typography":"custom","subtitletypo_font_size":{"unit":"px","size":12,"sizes":[]},"subtitletypo_text_transform":"uppercase","subtitletypo_line_height":{"unit":"em","size":0.90000000000000002220446049250313080847263336181640625,"sizes":[]},"subtitletypo_letter_spacing":{"unit":"px","size":2.899999999999999911182158029987476766109466552734375,"sizes":[]},"_animation":"none"},"elements":[],"isInner":false,"widgetType":"wpsm_cartbox","elType":"widget"}],"isInner":false,"elType":"column"},{"id":"58586a92","settings":{"_column_size":50,"_inline_size":70.832999999999998408384271897375583648681640625,"_inline_size_tablet":100,"animation":"flip-r-r-s","animation_delay":200},"elements":[{"id":"4ca0a5f0","settings":{"cat":[],"tag":[],"ids":[],"user_id":null,"show":"8","gridtype":"image","tax_name":null,"tax_slug":null,"tax_slug_exclude":null,"_animation":"stuckMoveUpOpacity","rh_gsap_y":15,"rh_gsap_scale":0.90000000000000002220446049250313080847263336181640625,"rh_gsap_opacity":1,"rh_gsap_st_type":"class","rh_gsap_stagger":"woo_column_image"},"elements":[],"isInner":false,"widgetType":"wpsm_woogrid","elType":"widget"}],"isInner":false,"elType":"column"}],"isInner":false,"elType":"section"},{"id":"223dafdf","settings":{"background_background":"gradient","background_color":"#880fc4","background_color_b":"#1d39f2","background_gradient_angle":{"unit":"deg","size":90,"sizes":[]},"stretch_section":"section-stretched","content_position":"middle","padding":{"unit":"px","top":"50","right":"0","bottom":"60","left":"0","isLinked":false},"margin":{"unit":"px","top":"0","right":0,"bottom":"30","left":0,"isLinked":false},"margin_mobile":{"unit":"px","top":"","right":0,"bottom":"","left":0,"isLinked":true}},"elements":[{"id":"684546eb","settings":{"_column_size":100,"_inline_size":null,"space_between_widgets":10},"elements":[{"id":"e176d51","settings":{"title":"Our happy customer's reviews","title_color":"#ffffff","typography_typography":"custom","typography_font_size":{"unit":"px","size":30,"sizes":[]},"typography_line_height":{"unit":"px","size":30,"sizes":[]},"header_size":"div","align_mobile":"center","typography_font_weight":"bold","align":"center","_animation":"fadeInUp","animation_duration":"fast"},"elements":[],"isInner":false,"widgetType":"heading","elType":"widget"},{"id":"4a1a59a8","settings":{"title":"Check what other think about Us","title_color":"#e5e5e5","typography_typography":"custom","typography_font_size":{"unit":"px","size":16,"sizes":[]},"typography_line_height":{"unit":"px","size":20,"sizes":[]},"header_size":"div","align_mobile":"center","typography_font_weight":"normal","align":"center","_animation":"fadeInUp","_animation_delay":200},"elements":[],"isInner":false,"widgetType":"heading","elType":"widget"},{"id":"653d01f0","settings":{"structure":"30","padding":{"unit":"px","top":"35","right":"0","bottom":"0","left":"0","isLinked":false},"padding_tablet":{"unit":"px","top":"15","right":"0","bottom":"0","left":"0","isLinked":false},"margin":{"unit":"px","top":"50","right":0,"bottom":"0","left":0,"isLinked":false},"z_index":2},"elements":[{"id":"6a7e1fb0","settings":{"_column_size":33,"_inline_size":null,"border_width":{"unit":"px","top":"1","right":"1","bottom":"1","left":"1","isLinked":true},"border_radius":{"unit":"px","top":"5","right":"5","bottom":"5","left":"5","isLinked":true},"margin":{"unit":"px","top":"0","right":"16","bottom":"0","left":"0","isLinked":false},"padding":{"unit":"px","top":"60","right":"35","bottom":"35","left":"35","isLinked":false},"box_shadow_box_shadow_type":"yes","box_shadow_box_shadow":{"horizontal":0,"vertical":0,"blur":25,"spread":0,"color":"rgba(0,0,0,0.15)"},"box_shadow_hover_box_shadow_type":"yes","box_shadow_hover_box_shadow":{"horizontal":0,"vertical":0,"blur":55,"spread":0,"color":"rgba(0,0,0,0.31)"},"margin_mobile":{"unit":"px","top":"0","right":"0","bottom":"60","left":"0","isLinked":false},"background_background":"classic","background_color":"rgba(255,255,255,0.18)","animation":"flip-r-r-s","animation_duration":"fast","animation_delay":100},"elements":[{"id":"5385ace2","settings":{"testimonial_content":"Lorem ipsum dolor sit amet, consectetur adipiscing elit. Ut elit tellus, luctus nec ullamcorper mattis, pulvinar dapibus leo.","testimonial_image":{"id":"","url":""},"testimonial_name":"Adam Sendler","testimonial_job":"Designer","testimonial_alignment":"left","content_content_color":"#ffffff","content_typography_typography":"custom","content_typography_font_size":{"unit":"px","size":16},"content_typography_font_weight":"300","content_typography_line_height":{"unit":"em","size":1.8000000000000000444089209850062616169452667236328125},"image_size":{"unit":"px","size":55},"name_text_color":"#ffffff","name_typography_typography":"custom","name_typography_font_size":{"unit":"px","size":20},"job_text_color":"#bfbfbf","job_typography_typography":"custom","job_typography_font_size":{"unit":"px","size":15},"job_typography_font_weight":"300","name_typography_font_size_tablet":{"unit":"px","size":18},"_z_index":2},"elements":[],"isInner":false,"widgetType":"testimonial","elType":"widget"},{"id":"18815e67","settings":{"selected_icon":{"value":"rhicon rhi-quote-left","library":"rhicons"},"primary_color":"rgba(252,234,176,0.45)","_z_index":1,"_element_width":"auto","_position":"absolute","_offset_orientation_h":"end","_offset_orientation_v":"end","_offset_y_end":{"unit":"px","size":10,"sizes":[]}},"elements":[],"isInner":false,"widgetType":"icon","elType":"widget"},{"id":"5f7b1902","settings":{"image":{"url":"http:\/\/recart.wpsoul.com\/wp-content\/uploads\/2019\/07\/user1-100x100.png","id":1220},"image_size":"full","_element_width":"auto","_position":"absolute","_offset_y":{"unit":"px","size":-100,"sizes":[]},"_offset_y_end":{"unit":"px","size":24,"sizes":[]},"image_border_border":"solid","image_border_width":{"unit":"px","top":"2","right":"2","bottom":"2","left":"2","isLinked":true},"image_border_color":"#ffffff","image_border_radius":{"unit":"%","top":"50","right":"50","bottom":"50","left":"50","isLinked":true},"image_box_shadow_box_shadow_type":"yes"},"elements":[],"isInner":false,"widgetType":"image","elType":"widget"}],"isInner":true,"elType":"column"},{"id":"52ad5a7f","settings":{"_column_size":33,"_inline_size":null,"border_width":{"unit":"px","top":"1","right":"1","bottom":"1","left":"1","isLinked":true},"border_radius":{"unit":"px","top":"5","right":"5","bottom":"5","left":"5","isLinked":true},"margin":{"unit":"px","top":"0","right":"16","bottom":"0","left":"0","isLinked":false},"padding":{"unit":"px","top":"60","right":"35","bottom":"35","left":"35","isLinked":false},"box_shadow_box_shadow_type":"yes","box_shadow_box_shadow":{"horizontal":0,"vertical":0,"blur":25,"spread":0,"color":"rgba(0,0,0,0.15)"},"box_shadow_hover_box_shadow_type":"yes","box_shadow_hover_box_shadow":{"horizontal":0,"vertical":0,"blur":55,"spread":0,"color":"rgba(0,0,0,0.31)"},"margin_mobile":{"unit":"px","top":"0","right":"0","bottom":"60","left":"0","isLinked":false},"background_background":"classic","background_color":"rgba(255,255,255,0.18)","animation":"flip-r-r-s","animation_delay":300},"elements":[{"id":"23f9dc4b","settings":{"testimonial_content":"Lorem ipsum dolor sit amet, consectetur adipiscing elit. Ut elit tellus, luctus nec ullamcorper mattis, pulvinar dapibus leo.","testimonial_image":{"id":"","url":""},"testimonial_name":"Oliver Snow","testimonial_job":"Digital Artist","testimonial_alignment":"left","content_content_color":"#ffffff","content_typography_typography":"custom","content_typography_font_size":{"unit":"px","size":16},"content_typography_font_weight":"300","content_typography_line_height":{"unit":"em","size":1.8000000000000000444089209850062616169452667236328125},"image_size":{"unit":"px","size":55},"name_text_color":"#ffffff","name_typography_typography":"custom","name_typography_font_size":{"unit":"px","size":20},"job_text_color":"#bfbfbf","job_typography_typography":"custom","job_typography_font_size":{"unit":"px","size":15},"job_typography_font_weight":"300","name_typography_font_size_tablet":{"unit":"px","size":18},"_z_index":2},"elements":[],"isInner":false,"widgetType":"testimonial","elType":"widget"},{"id":"7072e5c5","settings":{"selected_icon":{"value":"rhicon rhi-quote-left","library":"rhicons"},"primary_color":"rgba(252,234,176,0.45)","_z_index":1,"_element_width":"auto","_position":"absolute","_offset_orientation_h":"end","_offset_orientation_v":"end","_offset_y_end":{"unit":"px","size":10,"sizes":[]}},"elements":[],"isInner":false,"widgetType":"icon","elType":"widget"},{"id":"33286278","settings":{"image":{"url":"http:\/\/recart.wpsoul.com\/wp-content\/uploads\/2019\/07\/user2-100x100-e1563369345635.png","id":1221},"image_size":"full","_element_width":"auto","_position":"absolute","_offset_y":{"unit":"px","size":-100,"sizes":[]},"_offset_y_end":{"unit":"px","size":24,"sizes":[]},"image_border_border":"solid","image_border_width":{"unit":"px","top":"2","right":"2","bottom":"2","left":"2","isLinked":true},"image_border_color":"#ffffff","image_border_radius":{"unit":"%","top":"50","right":"50","bottom":"50","left":"50","isLinked":true},"image_box_shadow_box_shadow_type":"yes"},"elements":[],"isInner":false,"widgetType":"image","elType":"widget"}],"isInner":true,"elType":"column"},{"id":"40bf7789","settings":{"_column_size":33,"_inline_size":null,"border_width":{"unit":"px","top":"1","right":"1","bottom":"1","left":"1","isLinked":true},"border_radius":{"unit":"px","top":"5","right":"5","bottom":"5","left":"5","isLinked":true},"margin":{"unit":"px","top":"0","right":"16","bottom":"0","left":"0","isLinked":false},"padding":{"unit":"px","top":"60","right":"35","bottom":"35","left":"35","isLinked":false},"box_shadow_box_shadow_type":"yes","box_shadow_box_shadow":{"horizontal":0,"vertical":0,"blur":25,"spread":0,"color":"rgba(0,0,0,0.15)"},"box_shadow_hover_box_shadow_type":"yes","box_shadow_hover_box_shadow":{"horizontal":0,"vertical":0,"blur":55,"spread":0,"color":"rgba(0,0,0,0.31)"},"margin_mobile":{"unit":"px","top":"0","right":"0","bottom":"0","left":"0","isLinked":true},"background_background":"classic","background_color":"rgba(255,255,255,0.18)","animation":"flip-r-r-s","animation_delay":500},"elements":[{"id":"59a2dda1","settings":{"testimonial_content":"Lorem ipsum dolor sit amet, consectetur adipiscing elit. Ut elit tellus, luctus nec ullamcorper mattis, pulvinar dapibus leo.","testimonial_image":{"id":"","url":""},"testimonial_name":"Katerina Bezobrazova","testimonial_job":"Marketing","testimonial_alignment":"left","content_content_color":"#ffffff","content_typography_typography":"custom","content_typography_font_size":{"unit":"px","size":16},"content_typography_font_weight":"300","content_typography_line_height":{"unit":"em","size":1.8000000000000000444089209850062616169452667236328125},"image_size":{"unit":"px","size":55},"name_text_color":"#ffffff","name_typography_typography":"custom","name_typography_font_size":{"unit":"px","size":20},"job_text_color":"#bfbfbf","job_typography_typography":"custom","job_typography_font_size":{"unit":"px","size":15},"job_typography_font_weight":"300","name_typography_font_size_tablet":{"unit":"px","size":18},"_z_index":2},"elements":[],"isInner":false,"widgetType":"testimonial","elType":"widget"},{"id":"70afbf89","settings":{"selected_icon":{"value":"rhicon rhi-quote-left","library":"rhicons"},"primary_color":"rgba(252,234,176,0.45)","_z_index":1,"_element_width":"auto","_position":"absolute","_offset_orientation_h":"end","_offset_orientation_v":"end","_offset_y_end":{"unit":"px","size":10,"sizes":[]}},"elements":[],"isInner":false,"widgetType":"icon","elType":"widget"},{"id":"15514aa6","settings":{"image":{"url":"http:\/\/recart.wpsoul.com\/wp-content\/uploads\/2019\/07\/user3-100x100-e1563369363413.png","id":1222},"image_size":"full","_element_width":"auto","_position":"absolute","_offset_y":{"unit":"px","size":-100,"sizes":[]},"_offset_y_end":{"unit":"px","size":24,"sizes":[]},"image_border_border":"solid","image_border_width":{"unit":"px","top":"2","right":"2","bottom":"2","left":"2","isLinked":true},"image_border_color":"#ffffff","image_border_radius":{"unit":"%","top":"50","right":"50","bottom":"50","left":"50","isLinked":true},"image_box_shadow_box_shadow_type":"yes"},"elements":[],"isInner":false,"widgetType":"image","elType":"widget"}],"isInner":true,"elType":"column"}],"isInner":true,"elType":"section"}],"isInner":false,"elType":"column"}],"isInner":false,"elType":"section"},{"id":"6e3eb9bc","settings":{"layout":"full_width","margin":{"unit":"px","top":"80","right":0,"bottom":"80","left":0,"isLinked":true}},"elements":[{"id":"56b8fe04","settings":{"_column_size":100},"elements":[{"id":"4bbf94bf","settings":{"content_width":{"unit":"px","size":1100,"sizes":[]},"structure":"20","gap":"wide"},"elements":[{"id":"5608b888","settings":{"_column_size":50,"_inline_size":null},"elements":[{"id":"67732584","settings":{"title":"Questions","header_size":"h6","title_color":"#000000","typography_typography":"custom","typography_font_size":{"unit":"px","size":12},"typography_font_weight":"600","typography_text_transform":"uppercase","typography_letter_spacing":{"unit":"px","size":12}},"elements":[],"isInner":false,"widgetType":"heading","elType":"widget"},{"id":"1a8d55cb","settings":{"title":"We use unique, custom-built tools to give us the edge","header_size":"h5","align":"left","title_color":"#000000","typography_typography":"custom","typography_font_size":{"unit":"px","size":35},"typography_font_weight":"900","typography_line_height":{"unit":"em","size":1.3000000000000000444089209850062616169452667236328125},"_padding":{"unit":"px","top":"20","right":"0","bottom":"0","left":"0","isLinked":false},"typography_line_height_mobile":{"unit":"px","size":40},"_padding_tablet":{"unit":"px","top":"0","right":"0","bottom":"0","left":"0","isLinked":false}},"elements":[],"isInner":false,"widgetType":"heading","elType":"widget"},{"id":"6a0aa2bb","settings":{"editor":"<p>Ut elit tellus, luctus nec ullamcorper. Lorem ipsum dolor sit amet, consectetur adipiscing elit. Ut elit tellus, luctus nec ullamcorper mattis, pulvinar dapibus leo.\u00a0<\/p>","text_color":"#bfbfbf","typography_typography":"custom","typography_font_size":{"unit":"px","size":16},"typography_font_weight":"300","typography_line_height":{"unit":"em","size":1.8000000000000000444089209850062616169452667236328125},"_padding":{"unit":"px","top":"20","right":"0","bottom":"0","left":"0","isLinked":false}},"elements":[],"isInner":false,"widgetType":"text-editor","elType":"widget"}],"isInner":true,"elType":"column"},{"id":"60fe64ac","settings":{"_column_size":50,"_inline_size":null},"elements":[{"id":"4309a54e","settings":{"tabs":[{"tab_title":"Which payments systems","tab_content":"<p>You can use Paypal, Stripe, Skrill, Payoneer and many other payments systems, as well as bank payment, card payment, Android Pay, Apple Pay, Samsung Pay<\/p>","_id":"4f5b1f6"},{"tab_title":"Can I sell on site?","tab_content":"<p>Yes, you can sell your produtcs on our site. You can register vendor account on registration page<\/p>","_id":"ce9eda9"},{"tab_title":"Shipping methods","tab_content":"<p>Lorem ipsum dolor sit amet, consectetur adipiscing elit. Lorem ipsum dolor sit amet, consectetur adipiscing elit.\u00a0<\/p><p>We use unique, custom-built tools to give us the edge\u200b<\/p>","_id":"6a2491a"},{"tab_title":"Refund Policy","tab_content":"<p>Lorem ipsum dolor sit amet, consectetur adipiscing elit. Lorem ipsum dolor sit amet, consectetur adipiscing elit.\u00a0<\/p><p>We use unique, custom-built tools to give us the edge\u200b<\/p>","_id":"2d95ae1"}],"border_width":{"unit":"px","size":1},"border_color":"#e5e5e5","space_between":{"unit":"px","size":15},"title_background":"#ffffff","title_color":"#020202","tab_active_color":"#000000","title_typography_typography":"custom","title_typography_font_size":{"unit":"px","size":20},"title_typography_font_weight":"500","icon_align":"right","icon_color":"#000000","icon_active_color":"#00ce1b","icon_space":{"unit":"px","size":0},"content_background_color":"#ffffff","content_color":"#bfbfbf","content_typography_typography":"custom","content_typography_font_size":{"unit":"px","size":16},"content_typography_font_weight":"300","content_typography_line_height":{"unit":"em","size":1.600000000000000088817841970012523233890533447265625},"space_between_tablet":{"unit":"px","size":4},"_padding_mobile":{"unit":"px","top":"50","right":"0","bottom":"0","left":"0","isLinked":false},"selected_icon":{"value":"rhicon rhi-angle-right","library":"rhicons"},"selected_active_icon":{"value":"rhicon rhi-angle-up","library":"rhicons"}},"elements":[],"isInner":false,"widgetType":"toggle","elType":"widget"}],"isInner":true,"elType":"column"}],"isInner":true,"elType":"section"},{"id":"37802a81","settings":{"_background_background":"gradient","_background_color":"rgba(64,84,178,0.15)","_background_color_b":"rgba(41,198,242,0.13)","_background_gradient_angle":{"unit":"deg","size":200,"sizes":[]},"_border_radius":{"unit":"px","top":"231","right":"231","bottom":"231","left":"231","isLinked":true},"_element_width":"auto","_position":"absolute","_offset_orientation_h":"end","_offset_x_end":{"unit":"px","size":-474.3999999999999772626324556767940521240234375,"sizes":[]},"rh_infinite_speed":"0","rh_parallax_circle":700,"rh_make_rotate":45},"elements":[],"isInner":false,"widgetType":"spacer","elType":"widget"},{"id":"7fe9092b","settings":{"_background_background":"gradient","_background_color":"rgba(89,105,178,0.15)","_background_color_b":"rgba(37,29,175,0.07)","_background_gradient_angle":{"unit":"deg","size":250,"sizes":[]},"_border_radius":{"unit":"px","top":"231","right":"231","bottom":"231","left":"231","isLinked":true},"_element_width":"auto","_position":"absolute","_offset_orientation_h":"end","_offset_x_end":{"unit":"px","size":-484.8999999999999772626324556767940521240234375,"sizes":[]},"rh_infinite_speed":"0","rh_parallax_circle":761,"rh_make_rotate":70,"rh_parallax_el":"true","rh_parallax_el_speed":30},"elements":[],"isInner":false,"widgetType":"spacer","elType":"widget"}],"isInner":false,"elType":"column"}],"isInner":false,"elType":"section"},{"id":"6ad68dc4","settings":{"background_background":"gradient","background_color":"#880fc4","background_color_b":"#1d39f2","background_gradient_angle":{"unit":"deg","size":90,"sizes":[]},"stretch_section":"section-stretched","content_position":"middle","padding":{"unit":"px","top":"30","right":"0","bottom":"30","left":"0","isLinked":false},"margin":{"unit":"px","top":"0","right":0,"bottom":"30","left":0,"isLinked":false}},"elements":[{"id":"30ed9b1b","settings":{"_column_size":100,"_inline_size":null,"space_between_widgets":10},"elements":[{"id":"6bd680dd","settings":{"title":"Don\u2019t waste Money, Use coupons","title_color":"#ffffff","typography_typography":"custom","typography_font_size":{"unit":"px","size":28,"sizes":[]},"typography_line_height":{"unit":"px","size":32,"sizes":[]},"header_size":"div","align_mobile":"center","typography_font_weight":"bold","align":"center","_animation":"stuckFlipUpOpacity"},"elements":[],"isInner":false,"widgetType":"heading","elType":"widget"},{"id":"7c3f2998","settings":{"title":"Save a lot of money and time, get best deals","title_color":"#e5e5e5","typography_typography":"custom","typography_font_size":{"unit":"px","size":16,"sizes":[]},"typography_line_height":{"unit":"px","size":20,"sizes":[]},"header_size":"div","align_mobile":"center","typography_font_weight":"normal","align":"center","_animation":"stuckFlipUpOpacity","_animation_delay":200},"elements":[],"isInner":false,"widgetType":"heading","elType":"widget"}],"isInner":false,"elType":"column"}],"isInner":false,"elType":"section"},{"id":"2837efce","settings":{"animation":"stuckMoveUpOpacity","animation_delay":200},"elements":[{"id":"7b3c722b","settings":{"_column_size":100},"elements":[{"id":"4faa7730","settings":{"cat":[],"cat_exclude":[],"tag":[],"tag_exclude":[],"ids":[],"tax_name":null,"tax_slug":null,"tax_slug_exclude":null},"elements":[],"isInner":false,"widgetType":"post_carousel_mod","elType":"widget"}],"isInner":false,"elType":"column"}],"isInner":false,"elType":"section"},{"id":"5938f441","settings":{"padding":{"unit":"px","top":"30","right":"0","bottom":"0","left":"0","isLinked":false}},"elements":[{"id":"25aea212","settings":{"_column_size":100},"elements":[{"id":"64400044","settings":{"_z_index":1,"_border_border":"solid","_border_width":{"unit":"px","top":"5","right":"5","bottom":"5","left":"5","isLinked":true},"_border_color":"rgba(89,110,247,0.35)","_border_radius":{"unit":"%","top":"50","right":"50","bottom":"50","left":"50","isLinked":true},"_element_width":"auto","_position":"absolute","_offset_x":{"size":816,"unit":"px"},"_offset_y":{"size":153,"unit":"px"},"rh_infinite_delay":"1","rh_parallax_circle":106,"_offset_orientation_h":"end","_offset_x_end":{"unit":"px","size":-54.7000000000000028421709430404007434844970703125,"sizes":[]},"rh_infinite_speed":"15","rh_infinite_leftright":"infinite"},"elements":[],"isInner":false,"widgetType":"spacer","elType":"widget"},{"id":"eb86f18","settings":{"_z_index":1,"_border_border":"solid","_border_width":{"unit":"px","top":"20","right":"20","bottom":"20","left":"20","isLinked":true},"_border_color":"rgba(255,197,91,0.26)","_border_radius":{"unit":"%","top":"50","right":"50","bottom":"50","left":"50","isLinked":true},"_element_width":"auto","_position":"absolute","_offset_x":{"size":816,"unit":"px"},"_offset_y":{"size":61,"unit":"px"},"rh_infinite_delay":"1","rh_parallax_circle":172,"_offset_orientation_h":"end","_offset_x_end":{"size":-76.9429999999999978399500832892954349517822265625,"unit":"px"},"rh_infinite_speed":"20","rh_infinite_leftright":"infinite"},"elements":[],"isInner":false,"widgetType":"spacer","elType":"widget"},{"id":"77341648","settings":{"title":"Looking for recommendations","header_size":"h5","align":"center","title_color":"#9b9b9b","typography_typography":"custom","typography_font_size":{"unit":"px","size":16,"sizes":[]},"typography_text_transform":"uppercase","_animation":"stuckMoveUpOpacity","animation_duration":"fast","typography_font_weight":"normal"},"elements":[],"isInner":false,"widgetType":"heading","elType":"widget"},{"id":"3c11f151","settings":{"title":"Check Latest Reviews","header_size":"h4","align":"center","typography_typography":"custom","typography_font_size":{"unit":"px","size":29,"sizes":[]},"typography_font_weight":"bold","_animation":"stuckMoveUpOpacity","animation_duration":"fast","_animation_delay":150,"typography_text_transform":"uppercase","_margin":{"unit":"px","top":"0","right":"0","bottom":"20","left":"0","isLinked":false}},"elements":[],"isInner":false,"widgetType":"heading","elType":"widget"}],"isInner":false,"elType":"column"}],"isInner":false,"elType":"section"},{"id":"137abe85","settings":{"margin":{"unit":"px","top":"0","right":0,"bottom":"30","left":0,"isLinked":false}},"elements":[{"id":"25d0d8d7","settings":{"_column_size":100,"animation":"stuckMoveUpOpacity","animation_duration":"fast","animation_delay":400},"elements":[{"id":"2f845c9","settings":{"cat":[],"cat_exclude":[],"tag":[],"tag_exclude":[],"ids":[],"tax_name":null,"tax_slug":null,"tax_slug_exclude":null,"show":4,"columns":"4_col","animation_duration":"fast"},"elements":[],"isInner":false,"widgetType":"colored_grid_loop","elType":"widget"}],"isInner":false,"elType":"column"}],"isInner":false,"elType":"section"},{"id":"77456d24","settings":[],"elements":[{"id":"4e19f6ad","settings":{"_column_size":100,"_inline_size":null},"elements":[],"isInner":false,"elType":"column"}],"isInner":false,"elType":"section"}]}