{"version":"0.4","title":"Two colored box","type":"section","content":[{"id":"40d15038","settings":{"structure":"20"},"elements":[{"id":"700e032f","settings":{"_column_size":50,"_inline_size":null,"background_background":"classic","background_color":"#10a2ef","padding":{"unit":"px","top":"10","right":"30","bottom":"30","left":"30","isLinked":false}},"elements":[{"id":"77c603c4","settings":{"structure":"20"},"elements":[{"id":"2cfed3cf","settings":{"_column_size":50,"_inline_size":65.8},"elements":[{"id":"68eb7e20","settings":{"title":"Keep track of what you like","header_size":"h3","title_color":"#ffffff","typography_typography":"custom","typography_font_size":{"unit":"px","size":24,"sizes":[]},"_animation":"fadeInUp"},"elements":[],"isInner":false,"widgetType":"heading","elType":"widget"},{"id":"3bc51cd7","settings":{"title":"Start a research list and compare the\nproducts you're considering.","header_size":"h6","title_color":"#ffffff","typography_typography":"custom","typography_font_weight":"400","typography_line_height":{"unit":"em","size":1.2,"sizes":[]},"_animation":"fadeInUp","_animation_delay":500},"elements":[],"isInner":false,"widgetType":"heading","elType":"widget"},{"id":"66dacdc","settings":{"text":"Let's Start","typography_font_size":{"unit":"px","size":18,"sizes":[]},"background_color":"#43c801","button_background_hover_color":"#d62c2c","border_radius":{"unit":"px","top":"100","right":"100","bottom":"100","left":"100","isLinked":true},"_animation":"fadeInUp","_animation_delay":1000},"elements":[],"isInner":false,"widgetType":"button","elType":"widget"}],"isInner":true,"elType":"column"},{"id":"7b2e9bfe","settings":{"_column_size":50,"_inline_size":34.2},"elements":[{"id":"3f397426","settings":{"image":{"url":"http:\/\/elementor.wpsoul.com\/wp-content\/uploads\/2019\/06\/chess.png","id":107},"image_size":"full","_animation":"fadeInRight","_offset_x":{"unit":"px","size":-138,"sizes":[]}},"elements":[],"isInner":false,"widgetType":"image","elType":"widget"}],"isInner":true,"elType":"column"}],"isInner":true,"elType":"section"}],"isInner":false,"elType":"column"},{"id":"2b487963","settings":{"_column_size":50,"_inline_size":null,"background_background":"classic","background_color":"#43c801","padding":{"unit":"px","top":"10","right":"30","bottom":"30","left":"30","isLinked":false}},"elements":[{"id":"e0b3df6","settings":{"structure":"20"},"elements":[{"id":"33dd9488","settings":{"_column_size":50,"_inline_size":65.8},"elements":[{"id":"5bb32aa6","settings":{"title":"Let's start search","header_size":"h3","title_color":"#ffffff","typography_typography":"custom","typography_font_size":{"unit":"px","size":24,"sizes":[]},"_animation":"fadeInUp"},"elements":[],"isInner":false,"widgetType":"heading","elType":"widget"},{"id":"5bc55321","settings":{"title":"Review the products you already own\nand influence their scores.","header_size":"h6","title_color":"#ffffff","typography_typography":"custom","typography_font_weight":"400","typography_line_height":{"unit":"em","size":1.2,"sizes":[]},"_animation":"fadeInUp","_animation_delay":500},"elements":[],"isInner":false,"widgetType":"heading","elType":"widget"}],"isInner":true,"elType":"column"},{"id":"3528d698","settings":{"_column_size":50,"_inline_size":34.2},"elements":[{"id":"7a925c45","settings":{"image":{"url":"http:\/\/elementor.wpsoul.com\/wp-content\/uploads\/2019\/06\/lamp.png","id":108},"image_size":"full","_animation":"fadeInRight"},"elements":[],"isInner":false,"widgetType":"image","elType":"widget"}],"isInner":true,"elType":"column"}],"isInner":true,"elType":"section"},{"id":"7e727536","settings":{"_margin":{"unit":"px","top":"-5","right":"0","bottom":"0","left":"0","isLinked":false}},"elements":[],"isInner":false,"widgetType":"wpsm_searchbox","elType":"widget"}],"isInner":false,"elType":"column"}],"isInner":false,"elType":"section"}]}