{"version":"0.4","title":"Customer review parallax","type":"section","content":[{"id":"40914a28","settings":{"layout":"full_width","structure":"33"},"elements":[{"id":"6597022d","settings":{"_column_size":25,"_inline_size":null},"elements":[{"id":"427d9eb1","settings":{"image":{"url":"http:\/\/elementor.wpsoul.com\/wp-content\/uploads\/2019\/06\/user1.png","id":268},"image_size":"full","_animation":"fadeInUp","_element_width":"auto","_position":"absolute","_offset_x":{"unit":"px","size":-116,"sizes":[]}},"elements":[],"isInner":false,"widgetType":"image","elType":"widget"},{"id":"2aa155b0","settings":{"image":{"url":"http:\/\/elementor.wpsoul.com\/wp-content\/uploads\/2019\/06\/user2.png","id":269},"image_size":"full","_animation":"fadeInUp","_animation_delay":200,"_border_radius":{"unit":"%","top":"50","right":"50","bottom":"50","left":"80","isLinked":false},"_element_width":"auto","_position":"absolute","_offset_orientation_h":"end","_offset_x":{"unit":"px","size":-116,"sizes":[]},"_offset_x_end":{"unit":"px","size":69.4,"sizes":[]},"_offset_y":{"unit":"px","size":46,"sizes":[]},"hide_mobile":"hidden-phone","rh_perspective_boxshadow":"1"},"elements":[],"isInner":false,"widgetType":"image","elType":"widget"},{"id":"65c4a08c","settings":{"image":{"url":"http:\/\/elementor.wpsoul.com\/wp-content\/uploads\/2019\/06\/user4.png","id":271},"image_size":"full","_padding":{"unit":"px","top":"5","right":"15","bottom":"5","left":"5","isLinked":false},"_animation":"fadeInUp","_animation_delay":600,"_border_radius":{"unit":"%","top":"40","right":"50","bottom":"80","left":"40","isLinked":false},"_element_width":"auto","_position":"absolute","_offset_x":{"unit":"px","size":-9,"sizes":[]},"_offset_x_end":{"unit":"px","size":69.4,"sizes":[]},"_offset_y":{"unit":"px","size":-61,"sizes":[]},"hide_mobile":"hidden-phone","rh_perspective_boxshadow":"1"},"elements":[],"isInner":false,"widgetType":"image","elType":"widget"},{"id":"3c51100c","settings":{"image":{"url":"http:\/\/elementor.wpsoul.com\/wp-content\/uploads\/2019\/06\/user3.png","id":270},"image_size":"full","_animation":"fadeInUp","_animation_delay":100,"_element_width":"auto","_position":"absolute","_offset_orientation_h":"end","_offset_x":{"unit":"px","size":-116,"sizes":[]},"_offset_x_end":{"unit":"px","size":180.5,"sizes":[]},"_offset_y":{"unit":"px","size":197,"sizes":[]},"hide_mobile":"hidden-phone"},"elements":[],"isInner":false,"widgetType":"image","elType":"widget"},{"id":"7577def3","settings":{"image":{"url":"http:\/\/elementor.wpsoul.com\/wp-content\/uploads\/2019\/06\/user5.png","id":272},"image_size":"full","_animation":"fadeInUp","_animation_delay":100,"_element_width":"auto","_position":"absolute","_offset_orientation_h":"end","_offset_x":{"unit":"px","size":-116,"sizes":[]},"_offset_x_end":{"unit":"px","size":-45.4,"sizes":[]},"_offset_y":{"unit":"px","size":197,"sizes":[]},"hide_tablet":"hidden-tablet","hide_mobile":"hidden-phone","rh_parallax_el_speed":100},"elements":[],"isInner":false,"widgetType":"image","elType":"widget"}],"isInner":false,"elType":"column"},{"id":"6ea86cb7","settings":{"_column_size":50,"_inline_size":null,"align":"center","space_between_widgets":0,"background_background":"classic","background_image":{"url":"http:\/\/elementor.wpsoul.com\/wp-content\/uploads\/2019\/06\/quoteaverage.png","id":267},"background_position":"center center","background_repeat":"no-repeat"},"elements":[{"id":"54059f31","settings":{"title":"What customers Say","header_size":"h5","typography_typography":"custom","typography_font_size":{"unit":"px","size":28,"sizes":[]},"_padding":{"unit":"px","top":"0","right":"08","bottom":"0","left":"0","isLinked":false},"_element_width":"auto"},"elements":[],"isInner":false,"widgetType":"heading","elType":"widget"},{"id":"48038418","settings":{"title":" About Us","header_size":"h5","title_color":"#ef9356","typography_typography":"custom","typography_font_size":{"unit":"px","size":28,"sizes":[]},"_element_width":"auto"},"elements":[],"isInner":false,"widgetType":"heading","elType":"widget"},{"id":"40eb6b2d","settings":{"title":"Lorem ipsum dolor sit amet, consectetur adipiscing elit, sed do eiusmod tempor","header_size":"div","align":"center","title_color":"#7a7a7a","typography_typography":"custom","typography_font_size":{"unit":"px","size":13,"sizes":[]},"_margin":{"unit":"px","top":"10","right":"0","bottom":"0","left":"0","isLinked":false}},"elements":[],"isInner":false,"widgetType":"heading","elType":"widget"},{"id":"db3e96d","settings":{"space":{"unit":"px","size":70,"sizes":[]}},"elements":[],"isInner":false,"widgetType":"spacer","elType":"widget"},{"id":"5536add4","settings":{"title":"Sed ut perspiciatis unde omnis iste natus error sit voluptatem accusantium doloremque laudantium, totam rem aperiam, eaque ipsa quae ab illo inventore veritatis et quasi architecto beatae vitae dicta sunt explicabo. Nemo enim ipsam voluptatem quia voluptas sit aspernatur aut odit aut fugit.","header_size":"div","align":"center","typography_typography":"custom","typography_font_size":{"unit":"px","size":15,"sizes":[]},"typography_line_height":{"unit":"em","size":1.5,"sizes":[]}},"elements":[],"isInner":false,"widgetType":"heading","elType":"widget"},{"id":"749c7ed8","settings":[],"elements":[],"isInner":false,"widgetType":"spacer","elType":"widget"},{"id":"36b5935f","settings":{"title":"Jon Doeharty","header_size":"div","align":"center","title_color":"#18a6e2","typography_typography":"custom","typography_font_size":{"unit":"px","size":15,"sizes":[]},"typography_font_weight":"bold","typography_line_height":{"unit":"em","size":1.8,"sizes":[]}},"elements":[],"isInner":false,"widgetType":"heading","elType":"widget"},{"id":"5fb02854","settings":{"title":"Graphic designer","header_size":"div","align":"center","title_color":"#7a7a7a","typography_typography":"custom","typography_font_size":{"unit":"px","size":12,"sizes":[]},"typography_line_height":{"unit":"em","size":1.5,"sizes":[]}},"elements":[],"isInner":false,"widgetType":"heading","elType":"widget"}],"isInner":false,"elType":"column"},{"id":"86bb76f","settings":{"_column_size":25,"_inline_size":null},"elements":[{"id":"6e23ceb6","settings":{"image":{"url":"http:\/\/elementor.wpsoul.com\/wp-content\/uploads\/2019\/06\/user6.png","id":273},"image_size":"full","_animation":"fadeInUp","_border_radius":{"unit":"%","top":"50","right":"50","bottom":"80","left":"60","isLinked":false},"_element_width":"auto","_position":"absolute","_offset_y":{"unit":"px","size":-40,"sizes":[]},"hide_tablet":"hidden-tablet","hide_mobile":"hidden-phone","rh_perspective_boxshadow":"1"},"elements":[],"isInner":false,"widgetType":"image","elType":"widget"},{"id":"44332e61","settings":{"image":{"url":"http:\/\/elementor.wpsoul.com\/wp-content\/uploads\/2019\/06\/user7.png","id":274},"image_size":"full","_animation":"fadeInUp","_animation_delay":600,"_border_radius":{"unit":"%","top":"20","right":"20","bottom":"30","left":"80","isLinked":false},"_element_width":"auto","_position":"absolute","_offset_x":{"unit":"px","size":146,"sizes":[]},"_offset_y":{"unit":"px","size":106,"sizes":[]},"hide_mobile":"hidden-phone","rh_perspective_boxshadow":"1"},"elements":[],"isInner":false,"widgetType":"image","elType":"widget"},{"id":"2b19a820","settings":{"image":{"url":"http:\/\/elementor.wpsoul.com\/wp-content\/uploads\/2019\/06\/user8.png","id":275},"image_size":"full","_animation":"fadeInUp","_animation_delay":400,"_element_width":"auto","_position":"absolute","_offset_x":{"unit":"px","size":-82,"sizes":[]},"_offset_y":{"unit":"px","size":213,"sizes":[]},"hide_tablet":"hidden-tablet","hide_mobile":"hidden-phone"},"elements":[],"isInner":false,"widgetType":"image","elType":"widget"},{"id":"1f8fd658","settings":{"image":{"url":"http:\/\/elementor.wpsoul.com\/wp-content\/uploads\/2019\/06\/user9.png","id":276},"image_size":"full","_padding":{"unit":"px","top":"7","right":"7","bottom":"7","left":"7","isLinked":true},"_animation":"fadeInUp","_animation_delay":200,"_border_radius":{"unit":"%","top":"70","right":"70","bottom":"80","left":"70","isLinked":false},"_element_width":"auto","_position":"absolute","_offset_orientation_h":"end","_offset_x":{"unit":"px","size":200,"sizes":[]},"_offset_x_end":{"unit":"px","size":-20.2,"sizes":[]},"_offset_y":{"unit":"px","size":-55,"sizes":[]},"hide_mobile":"hidden-phone","rh_perspective_boxshadow":"1"},"elements":[],"isInner":false,"widgetType":"image","elType":"widget"}],"isInner":false,"elType":"column"}],"isInner":false,"elType":"section"}]}