{"version":"0.4","title":"Redokan Home","type":"page","content":[{"id":"7aff9500","settings":{"content_width":{"unit":"px","size":1200,"sizes":[]},"padding":{"unit":"px","top":"100","right":"0","bottom":"100","left":"0","isLinked":false},"padding_mobile":{"unit":"px","top":"0","right":"0","bottom":"0","left":"0","isLinked":false}},"elements":[{"id":"3455c99b","settings":{"_column_size":100},"elements":[{"id":"5cc0fc32","settings":{"z_index":1},"elements":[{"id":"4404cacc","settings":{"_column_size":100,"_inline_size":null},"elements":[{"id":"5791286","settings":{"title":"Want to sell something?","typography_typography":"custom","typography_font_size":{"unit":"px","size":20,"sizes":[]},"typography_font_weight":"normal","typography_letter_spacing":{"unit":"px","size":0.5,"sizes":[]},"_animation":"stuckMoveUpOpacity"},"elements":[],"isInner":false,"widgetType":"heading","elType":"widget"},{"id":"20bf5dff","settings":{"title":"Create your  ","title_color":"#f21800","typography_typography":"custom","typography_font_size":{"unit":"px","size":48,"sizes":[]},"typography_font_weight":"normal","typography_line_height":{"unit":"em","size":0.59999999999999997779553950749686919152736663818359375,"sizes":[]},"_animation":"stuckMoveUpOpacity","animation_duration":"fast","_animation_delay":300,"typography_font_size_mobile":{"unit":"px","size":29,"sizes":[]}},"elements":[],"isInner":false,"widgetType":"heading","elType":"widget"},{"id":"4b30574b","settings":{"title":"MULTIVENDOR SITE","title_color":"#f21800","typography_typography":"custom","typography_font_size":{"unit":"px","size":74,"sizes":[]},"typography_text_transform":"uppercase","typography_line_height":{"unit":"em","size":0.6999999999999999555910790149937383830547332763671875,"sizes":[]},"_margin":{"unit":"px","top":"0","right":"0","bottom":"25","left":"0","isLinked":false},"_animation":"stuckMoveUpOpacity","animation_duration":"fast","_animation_delay":500,"typography_font_size_mobile":{"unit":"px","size":41,"sizes":[]}},"elements":[],"isInner":false,"widgetType":"heading","elType":"widget"},{"id":"66fd04c5","settings":{"title":"You are one step from making real money","header_size":"div","title_color":"#a0a0a0","typography_font_weight":"normal"},"elements":[],"isInner":false,"widgetType":"heading","elType":"widget"},{"id":"2bc71cff","settings":{"text":"Register Now!","link":{"url":"\/my-account","is_external":"","nofollow":""},"size":"lg","background_color":"#032bfb","border_radius":{"unit":"px","top":"100","right":"100","bottom":"100","left":"100","isLinked":true},"button_box_shadow_box_shadow_type":"yes","button_box_shadow_box_shadow":{"horizontal":0,"vertical":6,"blur":22,"spread":1,"color":"rgba(64,84,178,0.5)"},"_margin":{"unit":"px","top":"20","right":"20","bottom":"0","left":"0","isLinked":false},"align":"left","_element_width":"auto","button_background_hover_color":"#e80000"},"elements":[],"isInner":false,"widgetType":"button","elType":"widget"},{"id":"41181c3c","settings":{"text":"Check our shop!","link":{"url":"\/shop","is_external":"","nofollow":""},"size":"lg","background_color":"rgba(0,29,221,0)","border_radius":{"unit":"px","top":"100","right":"100","bottom":"100","left":"100","isLinked":true},"button_box_shadow_box_shadow":{"horizontal":0,"vertical":6,"blur":22,"spread":1,"color":"rgba(64,84,178,0.5)"},"_margin":{"unit":"px","top":"20","right":"0","bottom":"0","left":"0","isLinked":false},"align":"left","button_text_color":"#032bfb","border_border":"solid","border_width":{"unit":"px","top":"2","right":"2","bottom":"2","left":"2","isLinked":true},"border_color":"#032bfb","_element_width":"auto"},"elements":[],"isInner":false,"widgetType":"button","elType":"widget"}],"isInner":true,"elType":"column"}],"isInner":true,"elType":"section"},{"id":"1e8a9118","settings":{"image":{"id":1525,"url":"https:\/\/redokan.wpsoul.com\/wp-content\/uploads\/2019\/10\/dokanmac.png"},"image_size":"full","_element_width":"auto","_position":"absolute","_offset_orientation_h":"end","_offset_x_end":{"size":-244.19999999999998863131622783839702606201171875,"unit":"px"},"_offset_y":{"size":-118,"unit":"px"},"rh_parallax_circle":700,"hide_tablet":"hidden-tablet","hide_mobile":"hidden-phone","_animation":"stuckMoveUpOpacity","rh_parallax_el_speed":30,"_offset_x_end_tablet":{"unit":"px","size":-479.80000000000001136868377216160297393798828125,"sizes":[]}},"elements":[],"isInner":false,"widgetType":"image","elType":"widget"},{"id":"3fa34a8c","settings":{"image":{"id":1051,"url":"https:\/\/redokan.wpsoul.com\/wp-content\/uploads\/2019\/07\/golden.png"},"image_size":"full","_element_width":"auto","_position":"absolute","_offset_orientation_h":"end","_offset_x_end":{"unit":"px","size":326.1000000000000227373675443232059478759765625,"sizes":[]},"_offset_y":{"unit":"px","size":-68,"sizes":[]},"rh_infinite_rotate":"infinite","_offset_x_end_tablet":{"unit":"px","size":-125.099999999999994315658113919198513031005859375,"sizes":[]},"hide_mobile":"hidden-phone","_offset_y_tablet":{"unit":"px","size":-141,"sizes":[]}},"elements":[],"isInner":false,"widgetType":"image","elType":"widget"},{"id":"2b5e8219","settings":{"html":"\r\n<svg width=\"1956\" height=\"1221\" version=\"1\" xmlns=\"http:\/\/www.w3.org\/2000\/svg\"><path d=\"M1246 1166c-171-99-301-105-491-51-35 10-73 22-113 36C171 1318-98 953 33 702c168-321 410 2 665-485C803 15 1181-42 1426 30c169 49 366 115 460 351 270 674-313 973-640 785z\" fill=\"#fbf5f3\" fill-rule=\"nonzero\"\/><\/svg>","_z_index":0,"_position":"absolute","_offset_orientation_h":"end","_offset_y":{"unit":"px","size":-419,"sizes":[]}},"elements":[],"isInner":false,"widgetType":"html","elType":"widget"},{"id":"402d8d7d","settings":{"starting_number":1,"ending_number":85,"title":"Created","number_color":"#032bfb","typography_number_typography":"custom","typography_number_font_size":{"unit":"px","size":53},"typography_number_font_weight":"100","title_color":"#000000","typography_title_typography":"custom","typography_title_font_size":{"unit":"px","size":13},"typography_title_font_weight":"600","typography_title_text_transform":"uppercase","typography_title_letter_spacing":{"unit":"px","size":2.399999999999999911182158029987476766109466552734375},"typography_number_font_size_tablet":{"unit":"px","size":65},"typography_number_font_size_mobile":{"unit":"px","size":55},"typography_title_font_size_tablet":{"unit":"px","size":12},"typography_title_font_size_mobile":{"unit":"px","size":10},"typography_title_letter_spacing_mobile":{"unit":"px","size":2},"thousand_separator":"","typography_number_line_height":{"unit":"em","size":0.90000000000000002220446049250313080847263336181640625,"sizes":[]},"typography_title_line_height":{"unit":"em","size":1.6999999999999999555910790149937383830547332763671875,"sizes":[]},"_z_index":5,"_animation":"fade-in-bck","_background_background":"classic","_background_color":"#fceb00","_border_radius":{"unit":"%","top":"50","right":"50","bottom":"50","left":"50","isLinked":true},"_element_width":"auto","_position":"absolute","_offset_orientation_h":"end","_offset_x_end":{"unit":"px","size":234,"sizes":[]},"_offset_orientation_v":"end","rh_parallax_el_speed":30,"rh_parallax_circle":116,"_animation_delay":400,"_offset_y_end":{"unit":"px","size":-44,"sizes":[]},"_offset_x_end_tablet":{"unit":"px","size":10.9000000000000003552713678800500929355621337890625,"sizes":[]},"hide_mobile":"hidden-phone"},"elements":[],"isInner":false,"widgetType":"counter","elType":"widget"}],"isInner":false,"elType":"column"}],"isInner":false,"elType":"section"},{"id":"739b53","settings":[],"elements":[{"id":"4cdabf08","settings":{"_column_size":100},"elements":[{"id":"46b6c895","settings":{"style":"dashed","color":"#ddd9d9","_padding":{"unit":"px","top":"0","right":"0","bottom":"50","left":"0","isLinked":false},"weight":{"unit":"px","size":2,"sizes":[]},"text":"Divider"},"elements":[],"isInner":false,"widgetType":"divider","elType":"widget"},{"id":"46f727eb","settings":{"_z_index":1,"_border_border":"solid","_border_width":{"unit":"px","top":"5","right":"5","bottom":"5","left":"5","isLinked":true},"_border_color":"rgba(89,110,247,0.35)","_border_radius":{"unit":"%","top":"50","right":"50","bottom":"50","left":"50","isLinked":true},"_element_width":"auto","_position":"absolute","_offset_x":{"size":816,"unit":"px"},"_offset_y":{"size":153,"unit":"px"},"rh_infinite_delay":"1","rh_parallax_circle":106,"_offset_orientation_h":"end","_offset_x_end":{"unit":"px","size":-54.7000000000000028421709430404007434844970703125,"sizes":[]},"rh_infinite_speed":"15","rh_infinite_leftright":"infinite"},"elements":[],"isInner":false,"widgetType":"spacer","elType":"widget"},{"id":"13254e50","settings":{"_z_index":1,"_border_border":"solid","_border_width":{"unit":"px","top":"20","right":"20","bottom":"20","left":"20","isLinked":true},"_border_color":"rgba(255,197,91,0.26)","_border_radius":{"unit":"%","top":"50","right":"50","bottom":"50","left":"50","isLinked":true},"_element_width":"auto","_position":"absolute","_offset_x":{"size":816,"unit":"px"},"_offset_y":{"size":61,"unit":"px"},"rh_infinite_delay":"1","rh_parallax_circle":172,"_offset_orientation_h":"end","_offset_x_end":{"size":-76.9429999999999978399500832892954349517822265625,"unit":"px"},"rh_infinite_speed":"20","rh_infinite_leftright":"infinite"},"elements":[],"isInner":false,"widgetType":"spacer","elType":"widget"},{"id":"5b3ce827","settings":{"title":"Want to Buy best products","header_size":"h5","align":"center","title_color":"#021dd1","typography_typography":"custom","typography_font_size":{"unit":"px","size":17,"sizes":[]},"typography_text_transform":"uppercase"},"elements":[],"isInner":false,"widgetType":"heading","elType":"widget"},{"id":"ce1b523","settings":{"title":"Check Latest Deals","header_size":"h4","align":"center","typography_typography":"custom","typography_font_size":{"unit":"px","size":38,"sizes":[]},"typography_font_weight":"bold"},"elements":[],"isInner":false,"widgetType":"heading","elType":"widget"},{"id":"76e23d04","settings":{"title":"We've gone over everything you could possibly want <br>to know about our site. You are one step <br>closer to success\n\n","header_size":"div","align":"center","title_color":"#474747","typography_typography":"custom","typography_font_size":{"unit":"px","size":17,"sizes":[]},"typography_line_height":{"unit":"em","size":1.1999999999999999555910790149937383830547332763671875,"sizes":[]}},"elements":[],"isInner":false,"widgetType":"heading","elType":"widget"},{"id":"5bb18a36","settings":[],"elements":[],"isInner":false,"widgetType":"spacer","elType":"widget"},{"id":"46c81c02","settings":{"cat":[],"tag":[],"ids":[],"user_id":null,"carouseltype":"review","soldout":"yes"},"elements":[],"isInner":false,"widgetType":"woo_mod","elType":"widget"}],"isInner":false,"elType":"column"}],"isInner":false,"elType":"section"},{"id":"454727e7","settings":{"gap":"no","custom_height":{"unit":"px","size":500},"content_position":"middle","background_background":"classic","background_position":"center center","background_size":"cover","background_overlay_background":"classic","background_overlay_color":"#000000","background_overlay_opacity":{"unit":"px","size":0.84999999999999997779553950749686919152736663818359375},"padding":{"unit":"px","top":"40","right":"0","bottom":"40","left":"0","isLinked":false},"padding_tablet":{"unit":"px","top":"100","right":"25","bottom":"100","left":"25","isLinked":false},"padding_mobile":{"unit":"px","top":"50","right":"20","bottom":"50","left":"20","isLinked":false},"margin":{"unit":"px","top":"100","right":0,"bottom":"0","left":0,"isLinked":false}},"elements":[{"id":"165f7f30","settings":{"_column_size":100},"elements":[{"id":"49bad668","settings":{"title":"Found something interesting ?","align":"center","title_color":"#ffffff","typography_typography":"custom","typography_font_size":{"unit":"px","size":40},"typography_font_weight":"600","typography_font_size_mobile":{"unit":"px","size":35},"header_size":"h4"},"elements":[],"isInner":false,"widgetType":"heading","elType":"widget"},{"id":"1295b5ca","settings":{"title":"Get better results by upgrading today!","header_size":"h5","align":"center","title_color":"#686868","typography_typography":"custom","typography_font_size":{"unit":"px","size":15},"typography_font_weight":"300","typography_text_transform":"uppercase","typography_letter_spacing":{"unit":"px","size":3},"typography_line_height_mobile":{"unit":"px","size":20}},"elements":[],"isInner":false,"widgetType":"heading","elType":"widget"}],"isInner":false,"elType":"column"}],"isInner":false,"elType":"section"},{"id":"186c82c7","settings":{"content_width":{"unit":"px","size":1180,"sizes":[]},"padding":{"unit":"px","top":"50","right":"0","bottom":"50","left":"0","isLinked":false}},"elements":[{"id":"7abcd7","settings":{"_column_size":100},"elements":[{"id":"67aeb6f6","settings":{"title":"Want to Buy best products","header_size":"h5","align":"center","title_color":"#021dd1","typography_typography":"custom","typography_font_size":{"unit":"px","size":17,"sizes":[]},"typography_text_transform":"uppercase"},"elements":[],"isInner":false,"widgetType":"heading","elType":"widget"},{"id":"51bfdec0","settings":{"title":"Choose Category","header_size":"h4","align":"center","typography_typography":"custom","typography_font_size":{"unit":"px","size":38,"sizes":[]},"typography_font_weight":"bold"},"elements":[],"isInner":false,"widgetType":"heading","elType":"widget"},{"id":"f1f79a7","settings":{"taxonomy":"product_cat","child_of":null,"include":[],"type":"woocategory","classcol":"col_wrap_fourth","wrapclass":"no_padding_wrap"},"elements":[],"isInner":false,"widgetType":"wpsm_tax_archive","elType":"widget"}],"isInner":false,"elType":"column"}],"isInner":false,"elType":"section"},{"id":"4128927a","settings":{"structure":"22","content_width":{"unit":"px","size":1200,"sizes":[]},"margin":{"unit":"px","top":"0","right":0,"bottom":"0","left":0,"isLinked":false}},"elements":[{"id":"69c81c7","settings":{"_column_size":66,"_inline_size":67.7780000000000057980287238024175167083740234375,"_inline_size_tablet":100},"elements":[{"id":"188f8220","settings":{"ids":["113"],"title":"Deal of Day","faketimer":"1","markettext":"Hurry Up! Offer ends soon.","fakebar":"1"},"elements":[],"isInner":false,"widgetType":"wpsm_woofeatured","elType":"widget"}],"isInner":false,"elType":"column"},{"id":"aa03439","settings":{"_column_size":33,"_inline_size":32.219999999999998863131622783839702606201171875,"space_between_widgets":0,"_inline_size_tablet":100},"elements":[{"id":"23bd3270","settings":{"title":"You can be interested","header_size":"div","align":"center","title_color":"#ffffff","typography_typography":"custom","typography_font_size":{"unit":"px","size":20,"sizes":[]},"_padding":{"unit":"px","top":"10","right":"10","bottom":"10","left":"10","isLinked":true},"_background_background":"classic","_background_color":"#021dd1","typography_line_height":{"unit":"em","size":1.399999999999999911182158029987476766109466552734375,"sizes":[]}},"elements":[],"isInner":false,"widgetType":"heading","elType":"widget"},{"id":"58c4c9ba","settings":{"data_source":"cpt","cat":[],"cat_exclude":[],"tag":[],"tag_exclude":[],"ids":[],"post_type":"product","show":"4","image":"1","priceenable":"1","listtypography_typography":"custom","listtypography_font_size":{"unit":"px","size":14,"sizes":[]},"listtypography_font_weight":"400","num":-1,"border":"1","listtypography_line_height":{"unit":"em","size":1.3000000000000000444089209850062616169452667236328125,"sizes":[]},"mborder":-1,"maximage":60,"tax_name":null,"tax_slug":null,"tax_slug_exclude":null},"elements":[],"isInner":false,"widgetType":"wpsm_recent_posts_list","elType":"widget"}],"isInner":false,"elType":"column"}],"isInner":false,"elType":"section"},{"id":"7bdedbaa","settings":{"background_background":"classic","background_color":"#f2f2ff","shape_divider_top":"waves","shape_divider_top_width":{"unit":"%","size":100,"sizes":[]},"shape_divider_top_height":{"unit":"px","size":81,"sizes":[]},"shape_divider_top_flip":"yes","shape_divider_top_negative":"yes","shape_divider_bottom":"opacity-fan","padding":{"unit":"px","top":"100","right":"0","bottom":"100","left":"0","isLinked":false},"rh_parallax_bg_speed":"","margin":{"unit":"px","top":"100","right":0,"bottom":"100","left":0,"isLinked":true}},"elements":[{"id":"35a310b4","settings":{"_column_size":100},"elements":[{"id":"20d8eedc","settings":{"title":"This is my subheading","header_size":"h5","align":"center","title_color":"#021dd1","typography_typography":"custom","typography_font_size":{"unit":"px","size":17,"sizes":[]},"typography_text_transform":"uppercase"},"elements":[],"isInner":false,"widgetType":"heading","elType":"widget"},{"id":"eeaf178","settings":{"title":"Let's See How It Works","header_size":"h4","align":"center","typography_typography":"custom","typography_font_size":{"unit":"px","size":44,"sizes":[]}},"elements":[],"isInner":false,"widgetType":"heading","elType":"widget"},{"id":"78003cc3","settings":{"title":"We've gone over everything you could possibly want <br>to know about our theme. You are one step <br>closer to success\n\n","header_size":"div","align":"center","title_color":"#474747","typography_typography":"custom","typography_font_size":{"unit":"px","size":17,"sizes":[]},"typography_line_height":{"unit":"em","size":1.1999999999999999555910790149937383830547332763671875,"sizes":[]}},"elements":[],"isInner":false,"widgetType":"heading","elType":"widget"},{"id":"da16a28","settings":{"space":{"unit":"px","size":10,"sizes":[]}},"elements":[],"isInner":false,"widgetType":"spacer","elType":"widget"},{"id":"7a03167f","settings":{"structure":"40"},"elements":[{"id":"578bebd2","settings":{"_column_size":25,"_inline_size":null,"align":"center"},"elements":[{"id":"12d1d402","settings":{"icon":"fal fa-bell","primary_color":"#ffffff","size":{"unit":"px","size":45,"sizes":[]},"_padding":{"unit":"px","top":"10","right":"10","bottom":"10","left":"10","isLinked":true},"_animation":"fadeInDown","animation_duration":"fast","_background_background":"gradient","_background_color":"#4600af","_background_color_b":"#e61eb6","_background_gradient_angle":{"unit":"deg","size":90,"sizes":[]},"_border_border":"solid","_border_width":{"unit":"px","top":"8","right":"8","bottom":"8","left":"8","isLinked":true},"_border_color":"#ffffff","_border_radius":{"unit":"%","top":"50","right":"50","bottom":"50","left":"50","isLinked":true},"_box_shadow_box_shadow_type":"yes","_box_shadow_box_shadow":{"horizontal":0,"vertical":0,"blur":0,"spread":1,"color":"rgba(0,0,0,0.77)"},"_element_width":"auto","rh_parallax_circle":126,"selected_icon":{"value":"rhicon rhi-window-restore","library":"rhicons"},"__fa4_migrated":{"selected_icon":true}},"elements":[],"isInner":false,"widgetType":"icon","elType":"widget"},{"id":"17be64b2","settings":{"title":"1","header_size":"h6","title_color":"#ffffff","typography_typography":"custom","typography_font_size":{"unit":"px","size":20,"sizes":[]},"_animation":"fadeInDown","_animation_delay":400,"_background_background":"gradient","_background_color":"#032bfb","_background_color_b":"#021dd1","_border_border":"solid","_border_width":{"unit":"px","top":"4","right":"4","bottom":"4","left":"4","isLinked":true},"_border_color":"#ffffff","_border_radius":{"unit":"%","top":"50","right":"50","bottom":"50","left":"50","isLinked":true},"_element_width":"auto","_position":"absolute","_offset_orientation_h":"end","_offset_x_end":{"size":70,"unit":"px"},"_offset_y":{"size":6,"unit":"px"},"hide_tablet":"hidden-tablet","hide_mobile":"hidden-phone","rh_parallax_circle":40},"elements":[],"isInner":false,"widgetType":"heading","elType":"widget"},{"id":"1b7ac5f1","settings":{"space":{"unit":"px","size":15,"sizes":[]}},"elements":[],"isInner":false,"widgetType":"spacer","elType":"widget"},{"id":"6f9d3b6c","settings":{"title":"Choose Plan","header_size":"h5","align":"center","typography_typography":"custom","typography_font_size":{"unit":"px","size":27,"sizes":[]}},"elements":[],"isInner":false,"widgetType":"heading","elType":"widget"},{"id":"1e990262","settings":{"title":"Consectetur adipiscing elit, sed do eiusmod tempor incididunt ut labore et dolor tempor incididunt","header_size":"div","align":"center","typography_typography":"custom","typography_font_size":{"unit":"px","size":16,"sizes":[]},"typography_line_height":{"unit":"em","size":1.3000000000000000444089209850062616169452667236328125,"sizes":[]}},"elements":[],"isInner":false,"widgetType":"heading","elType":"widget"},{"id":"55dc5f5a","settings":{"_z_index":1,"_border_color":"rgba(177,75,209,0.35)","_border_radius":{"unit":"%","top":"50","right":"50","bottom":"50","left":"50","isLinked":true},"_element_width":"auto","_position":"absolute","_offset_x":{"size":-104,"unit":"px"},"_offset_y":{"size":-38,"unit":"px"},"rh_infinite_updownright":"infinite","rh_parallax_circle":45,"_background_background":"gradient","_background_color":"#4054b2","_offset_x_end":{"unit":"px","size":-56.60000000000000142108547152020037174224853515625,"sizes":[]},"rh_parallax_el":"true","rh_parallax_el_speed":40,"rh_infinite_fastshake":"Shake"},"elements":[],"isInner":false,"widgetType":"spacer","elType":"widget"}],"isInner":true,"elType":"column"},{"id":"5489a7aa","settings":{"_column_size":25,"_inline_size":null,"align":"center"},"elements":[{"id":"38db6e56","settings":{"icon":"fal fa-user","primary_color":"#ffffff","size":{"unit":"px","size":45,"sizes":[]},"_padding":{"unit":"px","top":"10","right":"10","bottom":"10","left":"10","isLinked":true},"_animation":"fadeInDown","animation_duration":"fast","_animation_delay":100,"_background_background":"gradient","_background_color":"#e04a00","_background_color_b":"#ffa921","_background_gradient_angle":{"unit":"deg","size":270,"sizes":[]},"_border_border":"solid","_border_width":{"unit":"px","top":"8","right":"8","bottom":"8","left":"8","isLinked":true},"_border_color":"#ffffff","_border_radius":{"unit":"%","top":"50","right":"50","bottom":"50","left":"50","isLinked":true},"_box_shadow_box_shadow_type":"yes","_box_shadow_box_shadow":{"horizontal":0,"vertical":0,"blur":0,"spread":1,"color":"rgba(232,106,48,0.77)"},"_element_width":"auto","rh_parallax_circle":126,"selected_icon":{"value":"rhicon rhi-address-card","library":"rhicons"},"__fa4_migrated":{"selected_icon":true}},"elements":[],"isInner":false,"widgetType":"icon","elType":"widget"},{"id":"589b90cd","settings":{"space":{"unit":"px","size":15,"sizes":[]}},"elements":[],"isInner":false,"widgetType":"spacer","elType":"widget"},{"id":"61588e58","settings":{"title":"Register","header_size":"h5","align":"center","typography_typography":"custom","typography_font_size":{"unit":"px","size":27,"sizes":[]}},"elements":[],"isInner":false,"widgetType":"heading","elType":"widget"},{"id":"74de010a","settings":{"title":"Consectetur adipiscing elit, sed do eiusmod tempor incididunt ut labore et dolor tempor incididunt","header_size":"div","align":"center","typography_typography":"custom","typography_font_size":{"unit":"px","size":16,"sizes":[]},"typography_line_height":{"unit":"em","size":1.3000000000000000444089209850062616169452667236328125,"sizes":[]}},"elements":[],"isInner":false,"widgetType":"heading","elType":"widget"},{"id":"661f3754","settings":{"title":"2","header_size":"h6","title_color":"#ffffff","typography_typography":"custom","typography_font_size":{"unit":"px","size":20,"sizes":[]},"_animation":"fadeInDown","_animation_delay":500,"_background_background":"gradient","_background_color":"#032bfb","_background_color_b":"#021dd1","_border_border":"solid","_border_width":{"unit":"px","top":"4","right":"4","bottom":"4","left":"4","isLinked":true},"_border_color":"#ffffff","_border_radius":{"unit":"%","top":"50","right":"50","bottom":"50","left":"50","isLinked":true},"_element_width":"auto","_position":"absolute","_offset_orientation_h":"end","_offset_x_end":{"unit":"px","size":70,"sizes":[]},"_offset_y":{"unit":"px","size":6,"sizes":[]},"hide_tablet":"hidden-tablet","hide_mobile":"hidden-phone","rh_parallax_circle":40},"elements":[],"isInner":false,"widgetType":"heading","elType":"widget"}],"isInner":true,"elType":"column"},{"id":"3281a144","settings":{"_column_size":25,"_inline_size":null,"align":"center"},"elements":[{"id":"4c0a05d6","settings":{"icon":"fal fa-star","primary_color":"#ffffff","size":{"unit":"px","size":45,"sizes":[]},"_padding":{"unit":"px","top":"10","right":"10","bottom":"10","left":"10","isLinked":true},"_animation":"fadeInDown","_animation_delay":200,"_background_background":"gradient","_background_color":"#00b6ff","_background_color_b":"#0636ad","_background_gradient_angle":{"unit":"deg","size":270,"sizes":[]},"_border_border":"solid","_border_width":{"unit":"px","top":"8","right":"8","bottom":"8","left":"8","isLinked":true},"_border_color":"#ffffff","_border_radius":{"unit":"%","top":"50","right":"50","bottom":"50","left":"50","isLinked":true},"_box_shadow_box_shadow_type":"yes","_box_shadow_box_shadow":{"horizontal":0,"vertical":0,"blur":0,"spread":1,"color":"rgba(49,126,234,0.77)"},"_element_width":"auto","rh_parallax_circle":126,"selected_icon":{"value":"rhicon rhi-link","library":"rhicons"},"__fa4_migrated":{"selected_icon":true}},"elements":[],"isInner":false,"widgetType":"icon","elType":"widget"},{"id":"7bd371ba","settings":{"space":{"unit":"px","size":15,"sizes":[]}},"elements":[],"isInner":false,"widgetType":"spacer","elType":"widget"},{"id":"17f93a64","settings":{"title":"Add your logo","header_size":"h5","align":"center","typography_typography":"custom","typography_font_size":{"unit":"px","size":27,"sizes":[]}},"elements":[],"isInner":false,"widgetType":"heading","elType":"widget"},{"id":"757ebfd8","settings":{"title":"Consectetur adipiscing elit, sed do eiusmod tempor incididunt ut labore et dolor tempor incididunt","header_size":"div","align":"center","typography_typography":"custom","typography_font_size":{"unit":"px","size":16,"sizes":[]},"typography_line_height":{"unit":"em","size":1.3000000000000000444089209850062616169452667236328125,"sizes":[]}},"elements":[],"isInner":false,"widgetType":"heading","elType":"widget"},{"id":"3dcfdffe","settings":{"title":"3","header_size":"h6","title_color":"#ffffff","typography_typography":"custom","typography_font_size":{"unit":"px","size":20,"sizes":[]},"_animation":"fadeInDown","_animation_delay":700,"_background_background":"gradient","_background_color":"#032bfb","_background_color_b":"#021dd1","_border_border":"solid","_border_width":{"unit":"px","top":"4","right":"4","bottom":"4","left":"4","isLinked":true},"_border_color":"#ffffff","_border_radius":{"unit":"%","top":"50","right":"50","bottom":"50","left":"50","isLinked":true},"_element_width":"auto","_position":"absolute","_offset_orientation_h":"end","_offset_x_end":{"unit":"px","size":70,"sizes":[]},"_offset_y":{"unit":"px","size":6,"sizes":[]},"hide_tablet":"hidden-tablet","hide_mobile":"hidden-phone","rh_parallax_circle":40},"elements":[],"isInner":false,"widgetType":"heading","elType":"widget"}],"isInner":true,"elType":"column"},{"id":"741f6b22","settings":{"_column_size":25,"_inline_size":null,"align":"center"},"elements":[{"id":"19e8a8ab","settings":{"icon":"fal fa-paper-plane","primary_color":"#ffffff","size":{"unit":"px","size":45,"sizes":[]},"_padding":{"unit":"px","top":"10","right":"10","bottom":"10","left":"10","isLinked":true},"_animation":"fadeInDown","_animation_delay":300,"_background_background":"gradient","_background_color":"#28e2d6","_background_color_b":"#1f6791","_background_gradient_angle":{"unit":"deg","size":270,"sizes":[]},"_border_border":"solid","_border_width":{"unit":"px","top":"8","right":"8","bottom":"8","left":"8","isLinked":true},"_border_color":"#ffffff","_border_radius":{"unit":"%","top":"50","right":"50","bottom":"50","left":"50","isLinked":true},"_box_shadow_box_shadow_type":"yes","_box_shadow_box_shadow":{"horizontal":0,"vertical":0,"blur":0,"spread":1,"color":"rgba(42,166,201,0.77)"},"_element_width":"auto","rh_parallax_circle":126,"_z_index":2,"selected_icon":{"value":"rhicon rhi-walletbig","library":"rhicons"},"__fa4_migrated":{"selected_icon":true}},"elements":[],"isInner":false,"widgetType":"icon","elType":"widget"},{"id":"55dcb98f","settings":{"space":{"unit":"px","size":15,"sizes":[]}},"elements":[],"isInner":false,"widgetType":"spacer","elType":"widget"},{"id":"7e1dead6","settings":{"title":"Start selling","header_size":"h5","align":"center","typography_typography":"custom","typography_font_size":{"unit":"px","size":27,"sizes":[]}},"elements":[],"isInner":false,"widgetType":"heading","elType":"widget"},{"id":"59861cae","settings":{"title":"Consectetur adipiscing elit, sed do eiusmod tempor incididunt ut labore et dolor tempor incididunt","header_size":"div","align":"center","typography_typography":"custom","typography_font_size":{"unit":"px","size":16,"sizes":[]},"typography_line_height":{"unit":"em","size":1.3000000000000000444089209850062616169452667236328125,"sizes":[]}},"elements":[],"isInner":false,"widgetType":"heading","elType":"widget"},{"id":"2ff19d1b","settings":{"title":"4","header_size":"h6","title_color":"#ffffff","typography_typography":"custom","typography_font_size":{"unit":"px","size":20,"sizes":[]},"_animation":"fadeInDown","_animation_delay":800,"_background_background":"gradient","_background_color":"#032bfb","_background_color_b":"#021dd1","_border_border":"solid","_border_width":{"unit":"px","top":"4","right":"4","bottom":"4","left":"4","isLinked":true},"_border_color":"#ffffff","_border_radius":{"unit":"%","top":"50","right":"50","bottom":"50","left":"50","isLinked":true},"_element_width":"auto","_position":"absolute","_offset_orientation_h":"end","_offset_x_end":{"unit":"px","size":70,"sizes":[]},"_offset_y":{"unit":"px","size":6,"sizes":[]},"hide_tablet":"hidden-tablet","hide_mobile":"hidden-phone","rh_parallax_circle":40,"_z_index":3},"elements":[],"isInner":false,"widgetType":"heading","elType":"widget"},{"id":"2b3f411f","settings":{"_z_index":1,"_border_border":"solid","_border_width":{"unit":"px","top":"2","right":"2","bottom":"2","left":"2","isLinked":true},"_border_color":"rgba(177,75,209,0.35)","_border_radius":{"unit":"%","top":"50","right":"50","bottom":"50","left":"50","isLinked":true},"_element_width":"auto","_position":"absolute","_offset_x":{"size":756,"unit":"px"},"_offset_y":{"size":-84,"unit":"px"},"rh_infinite_updownright":"infinite","rh_parallax_circle":60,"_offset_orientation_h":"end","_offset_x_end":{"unit":"px","size":-56.60000000000000142108547152020037174224853515625,"sizes":[]},"rh_infinite_fastshake":"Shake"},"elements":[],"isInner":false,"widgetType":"spacer","elType":"widget"},{"id":"318b34e","settings":{"_z_index":1,"_border_border":"solid","_border_width":{"unit":"px","top":"2","right":"2","bottom":"2","left":"2","isLinked":true},"_border_color":"rgba(177,75,209,0.35)","_border_radius":{"unit":"%","top":"50","right":"50","bottom":"50","left":"50","isLinked":true},"_element_width":"auto","_position":"absolute","_offset_x":{"size":816,"unit":"px"},"_offset_y":{"size":-33.49600000000000221689333557151257991790771484375,"unit":"px"},"rh_infinite_updownright":"infinite","rh_infinite_delay":"1","rh_parallax_circle":80,"_offset_orientation_h":"end","_offset_x_end":{"unit":"px","size":-113.2000000000000028421709430404007434844970703125,"sizes":[]},"rh_infinite_speed":"15"},"elements":[],"isInner":false,"widgetType":"spacer","elType":"widget"}],"isInner":true,"elType":"column"}],"isInner":true,"elType":"section"}],"isInner":false,"elType":"column"}],"isInner":false,"elType":"section"},{"id":"6a6ae5b7","settings":[],"elements":[{"id":"17788173","settings":{"_column_size":100,"padding":{"unit":"px","top":"20","right":"0","bottom":"0","left":"0","isLinked":false},"padding_mobile":{"unit":"px","top":"20","right":"20","bottom":"20","left":"20","isLinked":true}},"elements":[{"id":"111e829d","settings":{"title":"This is my subheading","header_size":"h5","align":"center","title_color":"#021dd1","typography_typography":"custom","typography_font_size":{"unit":"px","size":17,"sizes":[]},"typography_text_transform":"uppercase"},"elements":[],"isInner":false,"widgetType":"heading","elType":"widget"},{"id":"372b104a","settings":{"title":"Latest from Our Blog","header_size":"h4","align":"center","typography_typography":"custom","typography_font_size":{"unit":"px","size":44,"sizes":[]}},"elements":[],"isInner":false,"widgetType":"heading","elType":"widget"},{"id":"185062b4","settings":{"title":"We've gone over everything you could possibly want <br>to know about our theme. You are one step <br>closer to success\n\n","header_size":"div","align":"center","title_color":"#474747","typography_typography":"custom","typography_font_size":{"unit":"px","size":17,"sizes":[]},"typography_line_height":{"unit":"em","size":1.1999999999999999555910790149937383830547332763671875,"sizes":[]}},"elements":[],"isInner":false,"widgetType":"heading","elType":"widget"},{"id":"120ccb1b","settings":{"cat":[],"cat_exclude":[],"tag":[],"tag_exclude":[],"ids":[],"tax_name":null,"tax_slug":null,"tax_slug_exclude":null,"show":"4","columns":"4_col"},"elements":[],"isInner":false,"widgetType":"colored_grid_loop","elType":"widget"}],"isInner":false,"elType":"column"}],"isInner":false,"elType":"section"}]}