{"version":"0.4","title":"Deal and Sales Page","type":"page","content":[{"id":"79627bbe","settings":{"content_width":{"unit":"px","size":1200,"sizes":[]},"padding":{"unit":"px","top":"100","right":"0","bottom":"100","left":"0","isLinked":false},"padding_mobile":{"unit":"px","top":"0","right":"0","bottom":"0","left":"0","isLinked":false}},"elements":[{"id":"46f8c90c","settings":{"_column_size":100},"elements":[{"id":"404977e2","settings":{"z_index":1},"elements":[{"id":"337619f1","settings":{"_column_size":100,"_inline_size":null},"elements":[{"id":"5ba71e7b","settings":{"title":"Prepare for our Sale Days","typography_typography":"custom","typography_font_size":{"unit":"px","size":25,"sizes":[]},"typography_font_weight":"normal"},"elements":[],"isInner":false,"widgetType":"heading","elType":"widget"},{"id":"25ec3fa6","settings":{"title":"More than 50% Discount","title_color":"#f21800","typography_typography":"custom","typography_font_size":{"unit":"px","size":40,"sizes":[]},"typography_text_transform":"uppercase"},"elements":[],"isInner":false,"widgetType":"heading","elType":"widget"},{"id":"4c1b9746","settings":{"title":"For all Purchases above $500 or group buy purchase ","header_size":"div","title_color":"#a0a0a0","typography_font_weight":"normal"},"elements":[],"isInner":false,"widgetType":"heading","elType":"widget"},{"id":"1b75e301","settings":{"view":"inline","icon_list":[{"text":"AWESOME50COUPON","icon":"rhicon rhi-cut","_id":"2fd3f14","link":{"url":"","is_external":"","nofollow":""}}],"icon_color":"#d6d6d6","icon_size":{"unit":"px","size":22,"sizes":[]},"text_color":"#7360c9","icon_typography_typography":"custom","icon_typography_font_size":{"unit":"px","size":19,"sizes":[]},"_padding":{"unit":"px","top":"5","right":"5","bottom":"5","left":"5","isLinked":true},"_border_border":"dashed","_border_width":{"unit":"px","top":"1","right":"1","bottom":"1","left":"1","isLinked":true},"_border_color":"#7360c9","_element_width":"auto"},"elements":[],"isInner":false,"widgetType":"icon-list","elType":"widget"}],"isInner":true,"elType":"column"}],"isInner":true,"elType":"section"},{"id":"4e01d2f","settings":{"image":{"url":"http:\/\/recart.wpsoul.com\/wp-content\/uploads\/2019\/06\/macbook.png","id":1032},"image_size":"full","_element_width":"auto","_position":"absolute","_offset_orientation_h":"end","_offset_x_end":{"unit":"px","size":-243.8,"sizes":[]},"_offset_y":{"unit":"px","size":-166,"sizes":[]},"rh_parallax_circle":700,"hide_tablet":"hidden-tablet","hide_mobile":"hidden-phone"},"elements":[],"isInner":false,"widgetType":"image","elType":"widget"},{"id":"5101ed77","settings":{"image":{"url":"http:\/\/recart.wpsoul.com\/wp-content\/uploads\/2019\/07\/golden.png","id":1051},"image_size":"full","_element_width":"auto","_position":"absolute","_offset_orientation_h":"end","_offset_x_end":{"unit":"px","size":326.1,"sizes":[]},"_offset_y":{"unit":"px","size":-117,"sizes":[]},"rh_infinite_rotate":"infinite","_offset_x_end_tablet":{"unit":"px","size":-48.8,"sizes":[]},"hide_mobile":"hidden-phone"},"elements":[],"isInner":false,"widgetType":"image","elType":"widget"},{"id":"3cdbe4d1","settings":{"html":"\r\n<svg width=\"1956\" height=\"1221\" version=\"1\" xmlns=\"http:\/\/www.w3.org\/2000\/svg\"><path d=\"M1246 1166c-171-99-301-105-491-51-35 10-73 22-113 36C171 1318-98 953 33 702c168-321 410 2 665-485C803 15 1181-42 1426 30c169 49 366 115 460 351 270 674-313 973-640 785z\" fill=\"#fbf5f3\" fill-rule=\"nonzero\"\/><\/svg>","_z_index":0,"_position":"absolute","_offset_orientation_h":"end","_offset_y":{"unit":"px","size":-419,"sizes":[]}},"elements":[],"isInner":false,"widgetType":"html","elType":"widget"}],"isInner":false,"elType":"column"}],"isInner":false,"elType":"section"},{"id":"d3545b4","settings":[],"elements":[{"id":"23a5de83","settings":{"_column_size":100},"elements":[{"id":"2978ed0c","settings":{"space":{"unit":"px","size":10,"sizes":[]}},"elements":[],"isInner":false,"widgetType":"spacer","elType":"widget"},{"id":"128fd7af","settings":{"cat":[],"tag":[],"ids":[],"user_id":null,"show":"15","columns":"5_col","gridtype":"review","type":"sale","enable_pagination":"2","filterpanelenable":"yes","filterheading":"Best Deals of this Year","filterpanel":[{"filtertitle":"Show all","filtertype":"all","filtermetakey":"","filterpricerange":"","filterorderby":"","filtertaxkey":"","filtertaxtermslug":"","filtertaxcondition":"","filterorder":"DESC","filterdate":"all","_id":"ca4954e"},{"filtertitle":"Popular","filtertype":"meta","filtermetakey":"rehub_views","filterpricerange":"","filterorderby":"","filtertaxkey":"","filtertaxtermslug":"","filtertaxcondition":"","filterorder":"DESC","filterdate":"all","_id":"8c4d1af"},{"filtertitle":"Most Rated","filtertype":"meta","filtermetakey":"rehub_review_overall_score","filterpricerange":"","filterorderby":"","filtertaxkey":"","filtertaxtermslug":"","filtertaxcondition":"","filterorder":"DESC","filterdate":"all","_id":"b78ed76"},{"filtertitle":"Most Wished","filtertype":"meta","filtermetakey":"post_wish_count","filterpricerange":"","filterorderby":"","filtertaxkey":"","filtertaxtermslug":"","filtertaxcondition":"","filterorder":"DESC","filterdate":"all","_id":"1eca724"}],"taxdrop":null},"elements":[],"isInner":false,"widgetType":"wpsm_woogrid","elType":"widget"}],"isInner":false,"elType":"column"}],"isInner":false,"elType":"section"}]}