{"version":"0.4","title":"Top set page second","type":"page","content":[{"id":"3461dbcd","settings":{"content_width":{"unit":"px","size":1200,"sizes":[]},"content_position":"bottom","overflow":"hidden","structure":"20","background_background":"classic","background_image":{"id":45,"url":"http:\/\/recomparedemo.wpsoul.net\/wp-content\/uploads\/revslider\/recompare1\/diagonalbg.jpg"},"background_repeat":"no-repeat","padding":{"unit":"px","top":"60","right":"0","bottom":"0","left":"0","isLinked":false},"background_position":"center center"},"elements":[{"id":"37e18f54","settings":{"_column_size":50,"_inline_size":null,"space_between_widgets":0},"elements":[{"id":"566c2187","settings":{"icon_list":[{"text":"Top 10","icon":"rhicon rhi-star-full","_id":"7e4d1db","link":{"url":"","is_external":"","nofollow":""},"selected_icon":{"value":"rhicon rhi-check","library":"fa-solid"}}],"space_between":{"unit":"px","size":0,"sizes":[]},"icon_color":"#ff003f","icon_size":{"unit":"px","size":21,"sizes":[]},"text_indent":{"unit":"px","size":8,"sizes":[]},"icon_typography_typography":"custom","icon_typography_font_size":{"unit":"px","size":32,"sizes":[]},"icon_typography_line_height":{"unit":"em","size":1.5,"sizes":[]},"_margin":{"unit":"px","top":"0","right":"0","bottom":"0","left":"20","isLinked":false},"_padding":{"unit":"px","top":"0","right":"10","bottom":"0","left":"10","isLinked":false},"_animation":"fadeInDown","_background_background":"classic","_background_color":"#ffffff","_element_width":"auto","rh_perspective_boxshadow":"1"},"elements":[],"isInner":false,"widgetType":"icon-list","elType":"widget"},{"id":"2d757a38","settings":{"space":{"unit":"px","size":19,"sizes":[]}},"elements":[],"isInner":false,"widgetType":"spacer","elType":"widget"},{"id":"74a3ddc9","settings":{"title":"Drones with Camera","header_size":"h5","title_color":"#ff003f","typography_typography":"custom","typography_font_size":{"unit":"px","size":45,"sizes":[]},"_padding":{"unit":"px","top":"10","right":"10","bottom":"10","left":"10","isLinked":true},"_animation":"fadeInDown","_animation_delay":500,"_background_background":"classic","_background_color":"#ffffff","_element_width":"auto","rh_perspective_boxshadow":"1"},"elements":[],"isInner":false,"widgetType":"heading","elType":"widget"},{"id":"8fd2f8e","settings":{"space":{"unit":"px","size":19,"sizes":[]}},"elements":[],"isInner":false,"widgetType":"spacer","elType":"widget"},{"id":"3ac76f43","settings":{"title":"Best Camera drones","header_size":"h5","typography_typography":"custom","typography_font_size":{"unit":"px","size":31,"sizes":[]},"_margin":{"unit":"px","top":"0","right":"0","bottom":"0","left":"040","isLinked":false},"_padding":{"unit":"px","top":"10","right":"10","bottom":"10","left":"10","isLinked":true},"_animation":"fadeInDown","_animation_delay":1000,"_background_background":"classic","_background_color":"#ffffff","_element_width":"auto","rh_perspective_boxshadow":"1","typography_font_weight":"normal"},"elements":[],"isInner":false,"widgetType":"heading","elType":"widget"},{"id":"7c0f7c2c","settings":{"space":{"unit":"px","size":80,"sizes":[]}},"elements":[],"isInner":false,"widgetType":"spacer","elType":"widget"}],"isInner":false,"elType":"column"},{"id":"23976e7b","settings":{"_column_size":50,"_inline_size":null,"padding":{"unit":"px","top":"0","right":"0","bottom":"0","left":"0","isLinked":true}},"elements":[{"id":"5f7bcf4d","settings":{"image":{"id":46,"url":"http:\/\/recomparedemo.wpsoul.net\/wp-content\/uploads\/revslider\/recompare1\/inspire.png"},"image_size":"full","align":"left","css_filters_blur":{"unit":"px","size":3.2,"sizes":[]},"css_filters_brightness":{"unit":"px","size":140,"sizes":[]},"css_filters_contrast":{"unit":"px","size":106,"sizes":[]},"css_filters_saturate":{"unit":"px","size":121,"sizes":[]},"css_filters_hue":{"unit":"px","size":46,"sizes":[]},"image_box_shadow_box_shadow":{"horizontal":7,"vertical":-25,"blur":10,"spread":0,"color":"rgba(0,0,0,0.5)"},"_animation":"fadeInUp","_box_shadow_box_shadow":{"horizontal":21,"vertical":0,"blur":10,"spread":25,"color":"rgba(0,0,0,0.5)"},"_element_width":"auto"},"elements":[],"isInner":false,"widgetType":"image","elType":"widget"}],"isInner":false,"elType":"column"}],"isInner":false,"elType":"section"},{"id":"179734c2","settings":[],"elements":[{"id":"7e5cd107","settings":{"_column_size":100},"elements":[{"id":"4f00bee1","settings":{"cat":[],"tag":[],"ids":[],"user_id":null,"show":"5","columns":"5_col","_margin":{"unit":"px","top":"30","right":"0","bottom":"30","left":"0","isLinked":false}},"elements":[],"isInner":false,"widgetType":"wpsm_woogrid","elType":"widget"}],"isInner":false,"elType":"column"}],"isInner":false,"elType":"section"},{"id":"3775ca78","settings":{"layout":"full_width","background_background":"classic","background_color":"#7000f4","background_color_b":"#8010a3","shape_divider_bottom":"opacity-fan","shape_divider_bottom_height":{"unit":"px","size":53,"sizes":[]},"shape_divider_bottom_flip":"yes","padding":{"unit":"px","top":"100","right":"0","bottom":"120","left":"0","isLinked":false},"shape_divider_top_height":{"unit":"px","size":31,"sizes":[]},"margin":{"unit":"px","top":"20","right":0,"bottom":"20","left":0,"isLinked":true},"background_image":{"url":"http:\/\/recomparedemo.wpsoul.net\/wp-content\/uploads\/2017\/09\/bgcompare.jpg","id":267},"background_size":"cover"},"elements":[{"id":"7c0a4a50","settings":{"_column_size":100},"elements":[{"id":"2841b65b","settings":{"title":"Specification Auto Comparison","align":"center","title_color":"#ffffff","typography_typography":"custom","typography_font_size":{"unit":"px","size":42,"sizes":[]},"_animation":"fadeInUp"},"elements":[],"isInner":false,"widgetType":"heading","elType":"widget"},{"id":"1bf2b94","settings":{"title":"These bars are generated automatically","header_size":"div","align":"center","title_color":"#fff9db","typography_typography":"custom","typography_line_height":{"unit":"em","size":1.5,"sizes":[]},"_animation":"fadeInUp","_animation_delay":300,"typography_font_size":{"unit":"px","size":21,"sizes":[]}},"elements":[],"isInner":false,"widgetType":"heading","elType":"widget"}],"isInner":false,"elType":"column"}],"isInner":false,"elType":"section"},{"id":"a294ccb","settings":{"content_width":{"unit":"px","size":1000,"sizes":[]}},"elements":[{"id":"6c20e10e","settings":{"_column_size":100},"elements":[{"id":"34a83ac7","settings":{"ids":["111","118","126","184"],"attr":["speed-supported","remote-control-range","maximum-flight-time"]},"elements":[],"isInner":false,"widgetType":"wpsm_woocomparebars","elType":"widget"},{"id":"73c989e8","settings":{"editor":"<p>This is autogenerated compare bars. Just choose products and attributes to create bars. You can click on each bar to see product<\/p>"},"elements":[],"isInner":false,"widgetType":"text-editor","elType":"widget"}],"isInner":false,"elType":"column"}],"isInner":false,"elType":"section"},{"id":"63c34629","settings":{"layout":"full_width","background_background":"classic","background_color":"#7000f4","background_color_b":"#8010a3","shape_divider_bottom":"opacity-fan","shape_divider_bottom_height":{"unit":"px","size":53,"sizes":[]},"shape_divider_bottom_flip":"yes","padding":{"unit":"px","top":"100","right":"0","bottom":"120","left":"0","isLinked":false},"shape_divider_top_height":{"unit":"px","size":31,"sizes":[]},"margin":{"unit":"px","top":"20","right":0,"bottom":"20","left":0,"isLinked":true},"background_image":{"url":"http:\/\/recomparedemo.wpsoul.net\/wp-content\/uploads\/2017\/09\/bgcompare.jpg","id":267},"background_size":"cover"},"elements":[{"id":"31502662","settings":{"_column_size":100},"elements":[{"id":"47bda617","settings":{"title":"Deep research of camera professional drones","align":"center","title_color":"#ffffff","typography_typography":"custom","typography_font_size":{"unit":"px","size":42,"sizes":[]},"_animation":"fadeInUp"},"elements":[],"isInner":false,"widgetType":"heading","elType":"widget"},{"id":"61745f49","settings":{"title":"Check what we think about each and get best offers","header_size":"div","align":"center","title_color":"#fff9db","typography_typography":"custom","typography_line_height":{"unit":"em","size":1.5,"sizes":[]},"_animation":"fadeInUp","_animation_delay":300,"typography_font_size":{"unit":"px","size":21,"sizes":[]}},"elements":[],"isInner":false,"widgetType":"heading","elType":"widget"}],"isInner":false,"elType":"column"}],"isInner":false,"elType":"section"},{"id":"5a51f35c","settings":{"content_width":{"unit":"px","size":800,"sizes":[]}},"elements":[{"id":"7ec8072b","settings":{"_column_size":100},"elements":[{"id":"7ae98758","settings":{"editor":"<p>From pricing and different camera specs and handling\/responsiveness to flight software and battery life, it\u2019s important to do your research and to make sure you\u2019re buying a drone that\u2019s suited to your needs.<\/p><p>All of the models in this list are\u00a0ready-to-fly. After charging your LiPo battery and reading through your user manual a few times, you\u2019re ready to power up, calibrate, configure, and then to start racking up those flight hours.<\/p>","drop_cap":"yes"},"elements":[],"isInner":false,"widgetType":"text-editor","elType":"widget"},{"id":"b55a381","settings":{"color":"#ff0202","content":"DJI Inspire 2"},"elements":[],"isInner":false,"widgetType":"wpsm-numhead","elType":"widget"},{"id":"3dc2bf2f","settings":{"postid":"118"},"elements":[],"isInner":false,"widgetType":"wpsm_scorebox","elType":"widget"},{"id":"770e0262","settings":{"editor":"<p>The\u00a0DJI Inspire\u00a02\u00a0launched November 2016 and will start shipping January 2017. This newest model is tougher and more powerful than the DJI Inspire 1.<\/p><p>One of the first upgrades you\u2019ll notices it that the Inspire 2 has\u00a0TWO DIFFERENT CAMERAS. One slung underneath the aircraft offering full\u00a0360\u00b0 camera rotation, and the other mounted on the front of the aircraft for better first-person-view (FPV) opportunities.<\/p><p>So using the Inspire 2\u2019s dual operator mode, one Remote Pilot-in-Command could be looking through one camera, likely the front-mounted one, while a photographer or videographer controls the bottom-mounted camera system.<\/p><p><strong>Key Specs<\/strong><\/p><ul><li>Camera Resolution: 30MP in DNG RAW mode<\/li><li>Video Resolution: 5.2K at 30 FPS \/ 4K at 60 FPS<\/li><li>Max Flight Time: 27 minutes<\/li><li>Max Speed: 67 mph<\/li><li>Notable Attributes: Dual-Operator Mode, Two Cameras, Obstacle Avoidance<\/li><\/ul>"},"elements":[],"isInner":false,"widgetType":"text-editor","elType":"widget"},{"id":"e561d50","settings":{"id":null,"title":"Best drone","description":"For aerial photographers, there is a DNG RAW mode that captures 30-megapixel still images. We guess it's best drone","score":9,"criteriablock":[{"criteriatitle":"Speed","criterianum":10,"_id":"95467dd"},{"criteriatitle":"Price","criterianum":8,"_id":"37e8d95"},{"criteriatitle":"Functions","criterianum":10,"_id":"b29be82"},{"criteriatitle":"Battery","criterianum":9,"_id":"341dfd6"}],"prostitle":"Positive","prosblock":[{"prosititle":"Possible to use professional camera","_id":"b5363de"},{"prosititle":"Battery Life is great","_id":"1a5aa06"},{"prosititle":"Elegant PRO look","_id":"4721cbd"},{"prosititle":"Many smart functions","_id":"7710585"}],"constitle":"Negatives","consblock":[{"consititle":"No found","_id":"08073c7"}]},"elements":[],"isInner":false,"widgetType":"wpsm-reviewbox","elType":"widget"},{"id":"6c206db3","settings":{"num":2,"color":"#ff0202","content":"DJI Inspire 1"},"elements":[],"isInner":false,"widgetType":"wpsm-numhead","elType":"widget"},{"id":"4d7a23ea","settings":{"postid":"111"},"elements":[],"isInner":false,"widgetType":"wpsm_scorebox","elType":"widget"},{"id":"3bcb9788","settings":{"editor":"<p>The\u00a0DJI Inspire 1\u00a0is bigger and offers full 360\u00b0 camera rotation, giving you an unrestricted view of the world below. It\u2019s 3-axis gimbal and camera system can easily be removed from the aircraft for safe transport and future upgrades.<\/p><p>And because DJI offers different camera systems (like the Zenmuse X3, Zenmuse X5, Zenmuse X5R, Zenmuse XT, etc.), the\u00a0DJI Inspire 1\u00a0is flexible and the kind of model you can grow with over time.<\/p><p><strong>Key Specs<\/strong><\/p><ul><li>Camera Resolution: 12MP<\/li><li>Video Resolution: 4K at 30 FPS<\/li><li>Max Flight Time: 18 minutes<\/li><li>Max Speed:\u00a049 mph (22 m\/s) in ATTI mode, no wind<\/li><li>Notable Attributes: Dual-Operator Mode, Multiple Zenmuse Camera Systems<\/li><\/ul>"},"elements":[],"isInner":false,"widgetType":"text-editor","elType":"widget"},{"id":"60c44b7d","settings":{"id":null,"title":"Good drone","description":"If you\u2019re looking for a bigger bird with payload flexibility, 360\u00b0 camera rotation, and dual-operator mode, the DJI Inspire 1 is a great fit.","score":8,"criteriablock":[{"criteriatitle":"Speed","criterianum":9,"_id":"95467dd"},{"criteriatitle":"Price","criterianum":8.5,"_id":"37e8d95"},{"criteriatitle":"Functions","criterianum":9,"_id":"b29be82"},{"criteriatitle":"Battery","criterianum":8,"_id":"341dfd6"}],"prostitle":"Positive","prosblock":[{"prosititle":"Possible to use professional camera","_id":"b5363de"},{"prosititle":"Battery Life is great","_id":"1a5aa06"},{"prosititle":"Elegant PRO look","_id":"4721cbd"},{"prosititle":"Many smart functions","_id":"7710585"}],"constitle":"Negatives","consblock":[{"consititle":"No found","_id":"08073c7"}]},"elements":[],"isInner":false,"widgetType":"wpsm-reviewbox","elType":"widget"},{"id":"56775378","settings":{"num":3,"color":"#ff0202","content":" GoPro Karma Drone"},"elements":[],"isInner":false,"widgetType":"wpsm-numhead","elType":"widget"},{"id":"769306cb","settings":{"postid":"184"},"elements":[],"isInner":false,"widgetType":"wpsm_scorebox","elType":"widget"},{"id":"5cd3c7a9","settings":{"editor":"<p>When it comes to flight time, the Karma will stay airborne for 20 minutes, which isn\u2019t all that great in the grand scheme of things. And, once again, the Mavic has it beat, although only very slightly, with a max flight time of 21 minutes. It can, however, last up to 27 minutes according to DJI. Of course, you can bring extra batteries along for both of these drones, which looks like it\u2019s going to be a necessity given the paltry flying times.<\/p><p><strong>Key Specs<\/strong><\/p><ul><li>Maximum Speed 15 m\/sMaximum Speed 15 m\/s<\/li><li>Maximum Distance Up to 3,000 m<\/li><li>Maximum Flight Altitude 3,200 m<\/li><li>Maximum Wind Resistance 10 m\/s<\/li><li>Operating Frequency 2.4GHz<\/li><li>Dimensions (Opened\/No Propellers) 303 \/ 411 \/ 117 mm<\/li><li>Dimensions (Folded\/Transport) 365.2 \/ 224.3 \/ 89.9 mm<\/li><li>Propeller Length 25.4cm<\/li><li>Weight 1006g<\/li><\/ul>"},"elements":[],"isInner":false,"widgetType":"text-editor","elType":"widget"},{"id":"e58e2cd","settings":{"id":null,"title":"Best Camera","description":"One big advantage is that you can detach camera and use stabilizer as gymbal for gopro","score":8,"criteriablock":[{"criteriatitle":"Speed","criterianum":9,"_id":"95467dd"},{"criteriatitle":"Price","criterianum":8.5,"_id":"37e8d95"},{"criteriatitle":"Functions","criterianum":9,"_id":"b29be82"},{"criteriatitle":"Battery","criterianum":8,"_id":"341dfd6"}],"prostitle":"Positive","prosblock":[{"prosititle":"Possible to use professional camera","_id":"b5363de"},{"prosititle":"Battery Life is great","_id":"1a5aa06"},{"prosititle":"Elegant PRO look","_id":"4721cbd"},{"prosititle":"Many smart functions","_id":"7710585"}],"constitle":"Negatives","consblock":[{"consititle":"No found","_id":"08073c7"}]},"elements":[],"isInner":false,"widgetType":"wpsm-reviewbox","elType":"widget"},{"id":"560ed618","settings":{"num":4,"color":"#ff0202","content":"Yuneec Typhoon H"},"elements":[],"isInner":false,"widgetType":"wpsm-numhead","elType":"widget"},{"id":"6b3624","settings":{"postid":"126"},"elements":[],"isInner":false,"widgetType":"wpsm_scorebox","elType":"widget"},{"id":"42babe9a","settings":{"editor":"<p>If you haven\u2019t heard of\u00a0Yuneec, you\u2019re missing out on some high-quality aerial camera platforms that may very well be the perfect fit for your recreational (or business) needs.<\/p><p>The\u00a0Typhoon H\u00a0is equipped with six rotors, a 360-degree gimbal camera and retractable landing gear with Yuneec\u2019s standard of being ready out of the box, easy and safe to fly, with stunning Ultra HD 4K video and stills.<\/p><p><strong>Key Specs<\/strong><\/p><ul><li>Camera Resolution: 12.4MP<\/li><li>Video Resolution: 4K at 30 FPS<\/li><li>Max Flight Time: 25 minutes<\/li><li>Max Speed: 43.5mph (70km\/h) in Follow Me mode<\/li><li>Notable Attributes:\u00a0Hexacopter = better redundancy, Obstacle Avoidance, 360-degree camera<\/li><\/ul>"},"elements":[],"isInner":false,"widgetType":"text-editor","elType":"widget"},{"id":"250f94f9","settings":{"id":null,"title":"Cheap drone","description":"Not the best drone, but it's price is much cheaper than other","score":7,"criteriablock":[{"criteriatitle":"Speed","criterianum":6.5,"_id":"95467dd"},{"criteriatitle":"Price","criterianum":10,"_id":"37e8d95"},{"criteriatitle":"Functions","criterianum":5.5,"_id":"b29be82"},{"criteriatitle":"Battery","criterianum":8,"_id":"341dfd6"}],"prostitle":"Positive","prosblock":[{"prosititle":"Possible to use professional camera","_id":"b5363de"},{"prosititle":"Battery Life is great","_id":"1a5aa06"},{"prosititle":"Elegant PRO look","_id":"4721cbd"},{"prosititle":"Many smart functions","_id":"7710585"}],"constitle":"Negatives","consblock":[{"consititle":"No found","_id":"08073c7"}]},"elements":[],"isInner":false,"widgetType":"wpsm-reviewbox","elType":"widget"}],"isInner":false,"elType":"column"}],"isInner":false,"elType":"section"},{"id":"352f6d86","settings":{"layout":"full_width","background_background":"classic","background_color":"#7000f4","background_color_b":"#8010a3","shape_divider_bottom":"opacity-fan","shape_divider_bottom_height":{"unit":"px","size":53,"sizes":[]},"shape_divider_bottom_flip":"yes","padding":{"unit":"px","top":"100","right":"0","bottom":"120","left":"0","isLinked":false},"shape_divider_top_height":{"unit":"px","size":31,"sizes":[]},"margin":{"unit":"px","top":"20","right":0,"bottom":"20","left":0,"isLinked":true},"background_image":{"url":"http:\/\/recomparedemo.wpsoul.net\/wp-content\/uploads\/2017\/09\/bgcompare.jpg","id":267},"background_size":"cover"},"elements":[{"id":"4c715cc","settings":{"_column_size":100,"align":"center"},"elements":[{"id":"4d514b54","settings":{"icon":"rhicon rhi-trophy","primary_color":"#f7a900","size":{"unit":"px","size":38,"sizes":[]},"_margin":{"unit":"px","top":"0","right":"15","bottom":"0","left":"15","isLinked":false},"_animation":"rotate-in-2-fwd","_element_width":"auto","_element_vertical_align":"center","selected_icon":{"value":"rhicon rhi-trophy","library":"fa-light"},"__fa4_migrated":{"selected_icon":true}},"elements":[],"isInner":false,"widgetType":"icon","elType":"widget"},{"id":"8732bf","settings":{"title":"Winner - DJI INSPIRE 2","align":"center","title_color":"#ffffff","typography_typography":"custom","typography_font_size":{"unit":"px","size":42,"sizes":[]},"_animation":"fadeInUp","_element_width":"auto","_element_vertical_align":"center"},"elements":[],"isInner":false,"widgetType":"heading","elType":"widget"},{"id":"565c3dad","settings":{"title":"Check best offers","header_size":"div","align":"center","title_color":"#fff9db","typography_typography":"custom","typography_line_height":{"unit":"em","size":1.5,"sizes":[]},"_animation":"fadeInUp","_animation_delay":300,"typography_font_size":{"unit":"px","size":21,"sizes":[]}},"elements":[],"isInner":false,"widgetType":"heading","elType":"widget"}],"isInner":false,"elType":"column"}],"isInner":false,"elType":"section"},{"id":"70a8e0b4","settings":{"structure":"20","margin":{"unit":"px","top":"030","right":0,"bottom":"0","left":0,"isLinked":false}},"elements":[{"id":"70e7f6db","settings":{"_column_size":50,"_inline_size":null},"elements":[{"id":"4a25c795","settings":{"image":{"url":"http:\/\/recomparedemo.wpsoul.net\/wp-content\/uploads\/revslider\/recompare1\/inspire.png","id":46}},"elements":[],"isInner":false,"widgetType":"image","elType":"widget"}],"isInner":false,"elType":"column"},{"id":"525c5624","settings":{"_column_size":50,"_inline_size":null},"elements":[{"id":"3f58ba51","settings":{"postid":"111","type":"cewidget"},"elements":[],"isInner":false,"widgetType":"wpsm_scorebox","elType":"widget"},{"id":"11e36dad","settings":{"postid":"118","type":"cealert"},"elements":[],"isInner":false,"widgetType":"wpsm_scorebox","elType":"widget"}],"isInner":false,"elType":"column"}],"isInner":false,"elType":"section"}]}