{"version":"0.4","title":"Recompare Home Page","type":"page","content":[{"id":"219a0ebe","settings":{"content_width":{"unit":"px","size":800,"sizes":[]},"background_background":"classic","background_image":{"url":"http:\/\/recomparedemo.wpsoul.net\/wp-content\/uploads\/2017\/08\/bg-compare-home.jpg","id":340},"background_position":"center center","background_size":"cover","padding":{"unit":"px","top":"80","right":"0","bottom":"120","left":"0","isLinked":false}},"elements":[{"id":"679d9e78","settings":{"_column_size":100,"space_between_widgets":10,"padding_mobile":{"unit":"px","top":"15","right":"15","bottom":"15","left":"15","isLinked":true}},"elements":[{"id":"2f887fcb","settings":{"title":"Search and Compare","align":"center","title_color":"#ffffff","typography_typography":"custom","typography_font_size":{"unit":"px","size":40,"sizes":[]},"_animation":"stuckMoveUpOpacity"},"elements":[],"isInner":false,"widgetType":"heading","elType":"widget"},{"id":"1b0d5c1f","settings":{"title":"Read our reviews and find best drone","header_size":"div","align":"center","title_color":"#ffffff","_animation":"stuckMoveUpOpacity","animation_duration":"fast","_animation_delay":200},"elements":[],"isInner":false,"widgetType":"heading","elType":"widget"},{"id":"4f612532","settings":{"by":"Product","enable_ajax":"1","placeholder":"Find best product","label":"Search","_margin":{"unit":"px","top":"25","right":"0","bottom":"20","left":"0","isLinked":false},"_animation":"stuckMoveUpOpacity","animation_duration":"fast","_animation_delay":400},"elements":[],"isInner":false,"widgetType":"wpsm_searchbox","elType":"widget"},{"id":"34e89668","settings":{"title":"Or Check How to place here Select boxes >>","link":{"url":"http:\/\/rehubdocs.wpsoul.com\/docs\/rehub-theme\/shop-options-woo-edd\/better-product-filtering\/","is_external":"on","nofollow":""},"header_size":"div","align":"center","title_color":"#efa61f","typography_typography":"custom","typography_font_size":{"unit":"px","size":14,"sizes":[]},"_animation":"stuckMoveUpOpacity","animation_duration":"fast","_animation_delay":500},"elements":[],"isInner":false,"widgetType":"heading","elType":"widget"}],"isInner":false,"elType":"column"}],"isInner":false,"elType":"section"},{"id":"68ac9843","settings":[],"elements":[{"id":"25b5ba94","settings":{"_column_size":100,"space_between_widgets":8},"elements":[{"id":"7e0e607","settings":{"title":"Check Discount deals","header_size":"h6","align":"center","typography_typography":"custom","typography_font_size":{"unit":"px","size":22,"sizes":[]},"_margin":{"unit":"px","top":"20","right":"0","bottom":"0","left":"0","isLinked":false}},"elements":[],"isInner":false,"widgetType":"heading","elType":"widget"},{"id":"db492ad","settings":{"title":"Discover the latest trends \ud83d\udc96","header_size":"div","align":"center","title_color":"#848484"},"elements":[],"isInner":false,"widgetType":"heading","elType":"widget"},{"id":"77df3395","settings":{"cat":[],"tag":[],"ids":[],"user_id":null,"show":"12","_margin":{"unit":"px","top":"40","right":"0","bottom":"0","left":"0","isLinked":false}},"elements":[],"isInner":false,"widgetType":"woo_mod","elType":"widget"}],"isInner":false,"elType":"column"}],"isInner":false,"elType":"section"},{"id":"d6b52b8","settings":{"background_background":"classic","background_color":"#0c0c0c","margin":{"unit":"px","top":"0","right":0,"bottom":"25","left":0,"isLinked":false}},"elements":[{"id":"1b150695","settings":{"_column_size":100},"elements":[{"id":"26f28ef2","settings":{"title":"We are tracking prices from more than 20 most popular shops to give you best deals","header_size":"h6","align":"center","title_color":"#ffffff","typography_typography":"custom","typography_font_size":{"unit":"px","size":22,"sizes":[]},"typography_font_weight":"normal","_padding":{"unit":"px","top":"25","right":"0","bottom":"25","left":"0","isLinked":false},"_animation":"fade-in-fwd","animation_duration":"fast"},"elements":[],"isInner":false,"widgetType":"heading","elType":"widget"}],"isInner":false,"elType":"column"}],"isInner":false,"elType":"section"},{"id":"70702b7","settings":[],"elements":[{"id":"238421e8","settings":{"_column_size":100,"space_between_widgets":8},"elements":[{"id":"c294977","settings":{"title":"Find Your Drone Now","header_size":"h6","align":"center","typography_typography":"custom","typography_font_size":{"unit":"px","size":22,"sizes":[]},"_margin":{"unit":"px","top":"20","right":"0","bottom":"0","left":"0","isLinked":false}},"elements":[],"isInner":false,"widgetType":"heading","elType":"widget"},{"id":"6e78d757","settings":{"title":"Discover the hottest deals \ud83d\udd25\n","header_size":"div","align":"center","title_color":"#878787"},"elements":[],"isInner":false,"widgetType":"heading","elType":"widget"},{"id":"824e29f","settings":{"color":"#dbdbdb","width":{"unit":"%","size":45,"sizes":[]},"align":"center"},"elements":[],"isInner":false,"widgetType":"divider","elType":"widget"},{"id":"4e7f4887","settings":{"title":"By uniting selected online shops on one platform, searching helps<br>you save time and discover new shops and trends worldwide<br>that were yet unkown to you.","header_size":"div","align":"center","title_color":"#a8a8a8","typography_typography":"custom","typography_font_size":{"unit":"px","size":15,"sizes":[]},"typography_line_height":{"unit":"em","size":1.2,"sizes":[]}},"elements":[],"isInner":false,"widgetType":"heading","elType":"widget"},{"id":"35649bfb","settings":{"cat":[],"tag":[],"ids":[],"user_id":null,"show":"10","columns":"5_col","filterpanelenable":"yes","filterpanel":[{"filtertitle":"Show all","filtertype":"all","filtermetakey":"","filterpricerange":"","filterorderby":"","filtertaxkey":"","filtertaxtermslug":"","filtertaxcondition":"","filterorder":"DESC","filterdate":"all","_id":"6683f20"},{"filtertitle":"Under $100","filtertype":"pricerange","filtermetakey":"","filterpricerange":"0-100","filterorderby":"","filtertaxkey":"","filtertaxtermslug":"","filtertaxcondition":"","filterorder":"DESC","filterdate":"all","_id":"e1ec7b2"},{"filtertitle":"Popular","filtertype":"meta","filtermetakey":"rehub_views","filterpricerange":"","filterorderby":"","filtertaxkey":"","filtertaxtermslug":"","filtertaxcondition":"","filterorder":"DESC","filterdate":"all","_id":"b1d9b06"},{"filtertitle":"Popular in this month","filtertype":"meta","filtermetakey":"rehub_views_mon","filterpricerange":"","filterorderby":"","filtertaxkey":"","filtertaxtermslug":"","filtertaxcondition":"","filterorder":"DESC","filterdate":"all","_id":"6c39d47"}],"taxdrop":null,"attrpanel":[{"attrkey":"camera","attrtype":"attribute","attrlabel":"Camera:","attrposttext":"","attrshowempty":"1","_id":"c9e2022"},{"attrkey":"maximum-flight-time","attrtype":"attribute","attrlabel":"Flight Time: ","attrposttext":"min","attrshowempty":"1","_id":"70dc611"}],"attrflbl_typography":"custom","attrflbl_font_size":{"unit":"px","size":13,"sizes":[]},"attrflbl_line_height":{"unit":"em","size":0.3,"sizes":[]},"attrlblclr":"#999999","attrfntvl_typography":"custom","attrfntvl_font_size":{"unit":"px","size":13,"sizes":[]},"attrfntvl_line_height":{"unit":"em","size":1.5,"sizes":[]},"attrbrdadd":"#e2e2e2","_margin":{"unit":"px","top":"40","right":"0","bottom":"0","left":"0","isLinked":false}},"elements":[],"isInner":false,"widgetType":"wpsm_woogrid","elType":"widget"}],"isInner":false,"elType":"column"}],"isInner":false,"elType":"section"},{"id":"3fd16e4b","settings":{"layout":"full_width","background_background":"classic","background_color":"#0c0c0c","background_image":{"url":"http:\/\/recomparedemo.wpsoul.net\/wp-content\/uploads\/2017\/08\/ripover.png","id":69},"background_position":"top center","background_repeat":"no-repeat","padding":{"unit":"px","top":"130","right":"0","bottom":"0","left":"0","isLinked":false}},"elements":[{"id":"3f99028d","settings":{"_column_size":100,"space_between_widgets":0,"padding":{"unit":"px","top":"0","right":"0","bottom":"0","left":"0","isLinked":false}},"elements":[{"id":"3716be95","settings":[],"elements":[{"id":"678e2823","settings":{"_column_size":100,"_inline_size":null,"space_between_widgets":10,"z_index":1},"elements":[{"id":"2837f1e4","settings":{"title":"New drones of this year are available Now","header_size":"h6","align":"center","title_color":"#ffffff","typography_typography":"custom","typography_font_size":{"unit":"px","size":24,"sizes":[]},"typography_font_weight":"normal","_animation":"stuckMoveUpOpacity","animation_duration":"fast"},"elements":[],"isInner":false,"widgetType":"heading","elType":"widget"},{"id":"33952e1c","settings":{"title":"Check what you can buy this year","header_size":"div","align":"center","title_color":"#cecece","typography_font_size":{"unit":"px","size":24,"sizes":[]},"typography_font_weight":"normal","_animation":"stuckMoveUpOpacity","animation_duration":"fast"},"elements":[],"isInner":false,"widgetType":"heading","elType":"widget"},{"id":"5750982d","settings":{"videolinks":"https:\/\/www.youtube.com\/watch?v=wv5EFEcvnro\nhttps:\/\/www.youtube.com\/watch?v=LZWp6j8_rT4\nhttps:\/\/www.youtube.com\/watch?v=ldIaSPCDfPs\nhttps:\/\/www.youtube.com\/watch?v=Og5h-wPBQA8\nhttps:\/\/www.youtube.com\/watch?v=udfkNHNCFRw","_margin":{"unit":"px","top":"30","right":"0","bottom":"0","left":"0","isLinked":false},"_animation":"stuckMoveUpOpacity"},"elements":[],"isInner":false,"widgetType":"video_mod","elType":"widget"}],"isInner":true,"elType":"column"}],"isInner":true,"elType":"section"},{"id":"5bd8ffd7","settings":{"image":{"url":"http:\/\/recomparedemo.wpsoul.net\/wp-content\/uploads\/2017\/08\/crystal.png","id":68},"image_size":"full","_margin":{"unit":"px","top":"-100","right":"0","bottom":"0","left":"0","isLinked":false},"_z_index":0,"_animation":"fadeInUp","_animation_delay":300,"_offset_orientation_v":"end","_offset_y_end":{"unit":"px","size":0,"sizes":[]}},"elements":[],"isInner":false,"widgetType":"image","elType":"widget"}],"isInner":false,"elType":"column"}],"isInner":false,"elType":"section"},{"id":"373caa93","settings":{"padding":{"unit":"px","top":"30","right":"0","bottom":"30","left":"0","isLinked":false}},"elements":[{"id":"2442847e","settings":{"_column_size":100,"space_between_widgets":10},"elements":[{"id":"3491affb","settings":{"title":"Check latest reviews and news","header_size":"h6","align":"center","typography_typography":"custom","typography_font_size":{"unit":"px","size":22,"sizes":[]},"_margin":{"unit":"px","top":"20","right":"0","bottom":"0","left":"0","isLinked":false}},"elements":[],"isInner":false,"widgetType":"heading","elType":"widget"},{"id":"25fae7ea","settings":{"title":"Discover rumors, news, comparisons \u2696\n\n","header_size":"div","align":"center","title_color":"#878787"},"elements":[],"isInner":false,"widgetType":"heading","elType":"widget"},{"id":"6f59ee16","settings":{"space":{"unit":"px","size":11,"sizes":[]}},"elements":[],"isInner":false,"widgetType":"spacer","elType":"widget"},{"id":"4f9f0c1b","settings":{"label":"Latest News","catname":"Drone News","catslug":"category","fetch":"5"},"elements":[],"isInner":false,"widgetType":"wpsm_news_ticker","elType":"widget"},{"id":"755c0d1c","settings":{"cat":[],"cat_exclude":[],"tag":[],"tag_exclude":[],"ids":[],"tax_name":null,"tax_slug":null,"tax_slug_exclude":null,"show":"4","exerpt_count":"0","columns":"4_col"},"elements":[],"isInner":false,"widgetType":"columngrid_loop","elType":"widget"}],"isInner":false,"elType":"column"}],"isInner":false,"elType":"section"}]}