{"version":"0.4","title":"Redeal Grid","type":"page","content":[{"id":"51f6b220","settings":{"structure":"20","margin":{"unit":"px","top":"","right":0,"bottom":"","left":0,"isLinked":true},"background_background":"classic","background_color":"#FFFFFF","padding":{"unit":"px","top":"10","right":"0","bottom":"20","left":"0","isLinked":false}},"elements":[{"id":"5c99ceb5","settings":{"_column_size":50,"_inline_size":null,"_inline_size_tablet":100},"elements":[{"id":"18caa7cb","settings":{"carousel":[{"id":480,"url":"https:\/\/redeal.lookmetrics.co\/wp-content\/uploads\/2019\/12\/slide1.jpg"},{"id":481,"url":"https:\/\/redeal.lookmetrics.co\/wp-content\/uploads\/2019\/12\/slide2.jpg"},{"id":482,"url":"https:\/\/redeal.lookmetrics.co\/wp-content\/uploads\/2019\/12\/slide3.jpg"}],"thumbnail_size":"full","slides_to_scroll":"1","slides_to_show":"1","link_to":"custom","link":{"url":"#;#;#","is_external":"","nofollow":""},"autoplay_speed":8000,"_z_index":0,"_animation":"stuckFlipUpOpacity"},"elements":[],"isInner":false,"widgetType":"image-carousel","elType":"widget"}],"isInner":false,"elType":"column"},{"id":"18da6216","settings":{"_column_size":50,"_inline_size":null,"_inline_size_tablet":100},"elements":[{"id":"5a6c9f3b","settings":{"structure":"20","height_inner":"min-height","custom_height_inner":{"unit":"px","size":300,"sizes":[]},"margin":{"unit":"px","top":"0","right":0,"bottom":"0","left":0,"isLinked":true}},"elements":[{"id":"3d30665d","settings":{"_column_size":50,"_inline_size":null,"content_position":"center","align":"center","space_between_widgets":0,"background_background":"classic","background_repeat":"no-repeat","background_size":"cover","background_overlay_background":"classic","background_overlay_color":"rgba(0, 0, 0, 0)","background_overlay_color_b":"rgba(42, 0, 0, 0.87)","background_overlay_opacity":{"unit":"px","size":"","sizes":[]},"border_radius":{"unit":"px","top":"10","right":"10","bottom":"10","left":"10","isLinked":true},"margin":{"unit":"px","top":"0","right":"10","bottom":"0","left":"0","isLinked":false},"padding":{"unit":"px","top":"0","right":"0","bottom":"0","left":"0","isLinked":true},"margin_mobile":{"unit":"px","top":"0","right":"0","bottom":"15","left":"0","isLinked":false},"padding_mobile":{"unit":"px","top":"20","right":"0","bottom":"40","left":"0","isLinked":false}},"elements":[{"id":"4357c787","settings":{"title":"Red Wing Heritage","subtitle":"Men's Leather Boots","image_id":{"url":"http:\/\/redeal.lookmetrics.co\/wp-content\/uploads\/2019\/12\/slide4.jpg","id":494},"height":300,"url":"#","btn":"yes","btn_label":"See Deal!","maintitletypo_typography":"custom","maintitletypo_text_transform":"uppercase","subtitletypo_typography":"custom","subtitletypo_text_transform":"uppercase","subtitletypo_font_style":"normal","btnbg_background":"classic","btnbg_color":"#FB0303","btnpadding":{"unit":"px","top":"10","right":"15","bottom":"10","left":"15","isLinked":false},"btnmargin":{"unit":"px","top":"10","right":"0","bottom":"0","left":"0","isLinked":false},"tabborderradius":{"unit":"px","top":"100","right":"100","bottom":"100","left":"100","isLinked":true},"_z_index":0,"bannerradius":{"unit":"px","top":"10","right":"10","bottom":"10","left":"10","isLinked":true}},"elements":[],"isInner":false,"widgetType":"wpsm_hover_banner","elType":"widget"},{"id":"efb7c40","settings":{"title":"50%","header_size":"span","align":"right","title_color":"#FFFFFF","typography_typography":"custom","typography_font_size":{"unit":"px","size":18,"sizes":[]},"typography_font_weight":"bold","_padding":{"unit":"px","top":"8","right":"20","bottom":"8","left":"20","isLinked":false},"_background_background":"classic","_background_color":"#4FC928","_border_radius":{"unit":"px","top":"10","right":"0","bottom":"0","left":"10","isLinked":false},"_element_width":"auto","_position":"absolute","_offset_orientation_h":"end","_offset_x":{"unit":"px","size":0,"sizes":[]},"_offset_y":{"unit":"px","size":18,"sizes":[]},"_animation":"flip-l-r-s"},"elements":[],"isInner":false,"widgetType":"heading","elType":"widget"}],"isInner":true,"elType":"column"},{"id":"152353e9","settings":{"_column_size":50,"_inline_size":null,"content_position":"center","align":"center","space_between_widgets":0,"background_background":"classic","background_repeat":"no-repeat","background_size":"cover","background_overlay_background":"classic","background_overlay_color":"rgba(0, 0, 0, 0)","background_overlay_color_b":"rgba(42, 0, 0, 0.87)","background_overlay_opacity":{"unit":"px","size":"","sizes":[]},"margin":{"unit":"px","top":"0","right":"10","bottom":"0","left":"0","isLinked":false},"padding":{"unit":"px","top":"0","right":"0","bottom":"0","left":"0","isLinked":true},"margin_mobile":{"unit":"px","top":"0","right":"0","bottom":"15","left":"0","isLinked":false},"padding_mobile":{"unit":"px","top":"20","right":"0","bottom":"40","left":"0","isLinked":false}},"elements":[{"id":"360c1423","settings":{"title":"30%","header_size":"span","align":"right","title_color":"#FFFFFF","typography_typography":"custom","typography_font_size":{"unit":"px","size":18,"sizes":[]},"typography_font_weight":"bold","_padding":{"unit":"px","top":"8","right":"20","bottom":"8","left":"20","isLinked":false},"_background_background":"classic","_background_color":"#4FC928","_border_radius":{"unit":"px","top":"10","right":"0","bottom":"0","left":"10","isLinked":false},"_element_width":"auto","_position":"absolute","_offset_orientation_h":"end","_offset_x":{"unit":"px","size":0,"sizes":[]},"_offset_y":{"unit":"px","size":18,"sizes":[]},"_animation":"flip-l-r-s","_animation_delay":200},"elements":[],"isInner":false,"widgetType":"heading","elType":"widget"},{"id":"2729f54c","settings":{"title":"Garmin Forerunner","subtitle":"best sport watch","image_id":{"url":"http:\/\/redeal.lookmetrics.co\/wp-content\/uploads\/2019\/12\/slide5.jpg","id":495},"height":300,"url":"#","btn":"yes","btn_label":"See Deal!","maintitletypo_typography":"custom","maintitletypo_text_transform":"uppercase","subtitletypo_typography":"custom","subtitletypo_text_transform":"uppercase","subtitletypo_font_style":"normal","btnbg_background":"classic","btnbg_color":"#FB0303","btnpadding":{"unit":"px","top":"10","right":"15","bottom":"10","left":"15","isLinked":false},"btnmargin":{"unit":"px","top":"10","right":"0","bottom":"0","left":"0","isLinked":false},"tabborderradius":{"unit":"px","top":"100","right":"100","bottom":"100","left":"100","isLinked":true},"_z_index":0,"bannerradius":{"unit":"px","top":"10","right":"10","bottom":"10","left":"10","isLinked":true}},"elements":[],"isInner":false,"widgetType":"wpsm_hover_banner","elType":"widget"}],"isInner":true,"elType":"column"}],"isInner":true,"elType":"section"}],"isInner":false,"elType":"column"}],"isInner":false,"elType":"section"},{"id":"14bb701e","settings":{"background_background":"classic","background_color":"#FFFFFF","background_overlay_background":"classic","padding":{"unit":"px","top":"0","right":"0","bottom":"50","left":"0","isLinked":false}},"elements":[{"id":"7eafcb94","settings":{"_column_size":100},"elements":[{"id":"42d9319f","settings":{"taxonomy":"category","child_of":null,"include":[],"type":"postcategory","wrapclass":"","showcount":"1","originalimg":"1","classcol":"col_wrap_fourth","hide_empty":"","_animation":"stuckMoveUpOpacity","_animation_delay":200},"elements":[],"isInner":false,"widgetType":"wpsm_tax_archive","elType":"widget"}],"isInner":false,"elType":"column"}],"isInner":false,"elType":"section"},{"id":"287bb019","settings":{"margin":{"unit":"px","top":"-60","right":0,"bottom":"0","left":0,"isLinked":false}},"elements":[{"id":"431d89db","settings":{"_column_size":100},"elements":[{"id":"2da29caf","settings":{"cat":[],"cat_exclude":[],"tag":[],"tag_exclude":[],"ids":[],"tax_name":null,"tax_slug":null,"tax_slug_exclude":null,"gridtype":"compact","filterpanelenable":"yes","filterheading":"Top Deals","taxdrop":"dealstore","filterpanel":[{"filtertitle":"Show all","filtertype":"all","filtermetakey":"","filterpricerange":"","filterorderby":"","filtertaxkey":"","filtertaxtermslug":"","filtertaxcondition":"","filterorder":"DESC","filterdate":"all","_id":"d2929a0"},{"filtertitle":"Popular","filtertype":"meta","filtermetakey":"rehub_views_mon","filterpricerange":"","filterorderby":"","filtertaxkey":"","filtertaxtermslug":"","filtertaxcondition":"","filterorder":"DESC","filterdate":"all","_id":"5f27518"},{"filtertitle":"Hottest","filtertype":"hot","filtermetakey":"","filterpricerange":"","filterorderby":"","filtertaxkey":"","filtertaxtermslug":"","filtertaxcondition":"","filterorder":"DESC","filterdate":"all","_id":"85662ae"},{"filtertitle":"Expired Soon","filtertype":"expirationdate","filtermetakey":"","filterpricerange":"","filterorderby":"","filtertaxkey":"","filtertaxtermslug":"","filtertaxcondition":"","filterorder":"DESC","filterdate":"all","_id":"05cd123"}],"show":15,"columns":"5_col","_animation":"stuckMoveUpOpacity"},"elements":[],"isInner":false,"widgetType":"compactgrid_loop_mod","elType":"widget"}],"isInner":false,"elType":"column"}],"isInner":false,"elType":"section"},{"id":"3871b6ad","settings":{"background_background":"classic","background_color":"#ffffff","border_border":"solid","border_width":{"unit":"px","top":"0","right":"0","bottom":"1","left":"0","isLinked":false},"border_color":"#dddddd","box_shadow_box_shadow_type":"yes","box_shadow_box_shadow":{"horizontal":0,"vertical":3,"blur":10,"spread":0,"color":"rgba(0,0,0,0.05)"},"margin":{"unit":"px","top":"","right":0,"bottom":"","left":0,"isLinked":true},"padding":{"unit":"px","top":"20","right":"0","bottom":"0","left":"0","isLinked":false}},"elements":[{"id":"70e13fb","settings":{"_column_size":100},"elements":[{"id":"7f38a597","settings":{"title":"Best deals on this week","header_size":"h3","align":"center","_animation":"stuckFlipUpOpacity"},"elements":[],"isInner":false,"widgetType":"heading","elType":"widget"},{"id":"460b7490","settings":{"width":{"unit":"%","size":43,"sizes":[]},"align":"center","look":"line_icon","text":"Divider","color":"#EAEAEA","gap":{"unit":"px","size":2,"sizes":[]},"primary_color":"#FFDC00","_animation":"stuckFlipUpOpacity","_animation_delay":100,"icon":{"value":"rhicon rhi-star-full","library":"rhicons"}},"elements":[],"isInner":false,"widgetType":"divider","elType":"widget"},{"id":"19f9a001","settings":{"cat":[],"cat_exclude":[],"tag":[],"tag_exclude":[],"ids":[],"tax_name":null,"tax_slug":null,"tax_slug_exclude":null,"autorotate":"1","_margin":{"unit":"px","top":"30","right":"0","bottom":"10","left":"0","isLinked":false}},"elements":[],"isInner":false,"widgetType":"post_carousel_mod","elType":"widget"}],"isInner":false,"elType":"column"}],"isInner":false,"elType":"section"},{"id":"429f9324","settings":{"background_background":"classic","background_color":"#0F001E","margin":{"unit":"px","top":"","right":0,"bottom":"","left":0,"isLinked":true},"layout":"full_width"},"elements":[{"id":"7ade5207","settings":{"_column_size":100,"_inline_size":null},"elements":[{"id":"5f8ac25e","settings":{"margin":{"unit":"px","top":"40","right":0,"bottom":"30","left":0,"isLinked":false}},"elements":[{"id":"3f1826dd","settings":{"_column_size":100,"_inline_size":null},"elements":[{"id":"2f85732c","settings":{"title":"How to get cashback?","title_color":"#FFFFFF","typography_typography":"custom","typography_font_size":{"unit":"px","size":40,"sizes":[]},"align":"center","_animation":"stuckFlipUpOpacity"},"elements":[],"isInner":false,"widgetType":"heading","elType":"widget"},{"id":"729e1fdb","settings":{"style":"zigzag_tribal","width":{"unit":"px","size":300,"sizes":[]},"align":"center","text":"Divider","color":"#FFFFFF","_animation":"stuckFlipUpOpacity","_animation_delay":200},"elements":[],"isInner":false,"widgetType":"divider","elType":"widget"},{"id":"21a39725","settings":{"title":"3 Easy Steps","header_size":"div","title_color":"#FFFFFF","typography_typography":"custom","typography_font_size":{"unit":"px","size":24,"sizes":[]},"align":"center","_animation":"stuckFlipUpOpacity","_animation_delay":400},"elements":[],"isInner":false,"widgetType":"heading","elType":"widget"}],"isInner":true,"elType":"column"}],"isInner":true,"elType":"section"},{"id":"4c69d301","settings":{"structure":"30","margin":{"unit":"px","top":"0","right":0,"bottom":"60","left":0,"isLinked":false}},"elements":[{"id":"61acdd30","settings":{"_column_size":33,"_inline_size":null,"align":"center"},"elements":[{"id":"6a2d619f","settings":{"title":"1","title_color":"#FFFFFF","typography_typography":"custom","typography_font_size":{"unit":"px","size":60,"sizes":[]},"header_size":"div","align":"center","typography_font_weight":"bold","_margin":{"unit":"px","top":"20","right":"20","bottom":"44","left":"20","isLinked":false},"_background_background":"classic","_background_color":"#FF0000","_border_radius":{"unit":"%","top":"50","right":"50","bottom":"50","left":"50","isLinked":true},"_element_width":"auto","rh_parallax_circle":100,"_animation":"fade-in-fwd","animation_duration":"fast","_animation_delay":300},"elements":[],"isInner":false,"widgetType":"heading","elType":"widget"},{"id":"3e5b76b3","settings":{"html":"<svg xmlns=\"http:\/\/www.w3.org\/2000\/svg\" viewBox=\"0 0 114.96 49.88\"><defs><style>.cls-1{fill:url(#grad)}<\/style><linearGradient id=\"grad\" x1=\"50.23\" y1=\"32.62\" x2=\"51.23\" y2=\"32.62\" gradientTransform=\"matrix(-219.09 4.51 10.75 521.88 10898.96 -17230.62)\" gradientUnits=\"userSpaceOnUse\"><stop offset=\"0\" stop-color=\"#c4c4c4\" stop-opacity=\".9\"\/><stop offset=\"1\" stop-opacity=\"0.1\"\/><\/linearGradient><\/defs><path id=\"path0_fill\" data-name=\"path0 fill\" class=\"cls-1\" d=\"M78.25 18.11H2a2 2 0 0 0-2 2v9.24a2 2 0 0 0 2 2h76.25v16.53a2 2 0 0 0 3.18 1.61l32.71-23.91a2 2 0 0 0-.07-3.28L81.36.34A2 2 0 0 0 78.25 2z\"\/><\/svg>","_element_width":"initial","_element_custom_width":{"unit":"px","size":140,"sizes":[]},"_element_vertical_align":"center","_position":"absolute","_offset_orientation_h":"end","_offset_y":{"unit":"px","size":38,"sizes":[]}},"elements":[],"isInner":false,"widgetType":"html","elType":"widget"},{"id":"6bae9d99","settings":{"title":"Register on Our site","header_size":"div","title_color":"#FFFFFF","typography_typography":"custom","typography_font_size":{"unit":"px","size":22,"sizes":[]},"align":"center","typography_font_weight":"normal","_animation":"stuckFlipUpOpacity"},"elements":[],"isInner":false,"widgetType":"heading","elType":"widget"},{"id":"4d36196b","settings":{"title":"This is only 1 Minute","header_size":"div","title_color":"#E0E0E0","typography_typography":"custom","typography_font_size":{"unit":"px","size":15,"sizes":[]},"align":"center","typography_line_height":{"unit":"em","size":1.5,"sizes":[]},"_animation":"stuckFlipUpOpacity","_animation_delay":200},"elements":[],"isInner":false,"widgetType":"heading","elType":"widget"}],"isInner":true,"elType":"column"},{"id":"146cc70b","settings":{"_column_size":33,"_inline_size":null,"align":"center"},"elements":[{"id":"67bb7266","settings":{"title":"2","title_color":"#FFFFFF","typography_typography":"custom","typography_font_size":{"unit":"px","size":60,"sizes":[]},"header_size":"div","align":"center","typography_font_weight":"bold","_margin":{"unit":"px","top":"20","right":"20","bottom":"44","left":"20","isLinked":false},"_background_background":"classic","_background_color":"#FF0000","_border_radius":{"unit":"%","top":"50","right":"50","bottom":"50","left":"50","isLinked":true},"_element_width":"auto","rh_parallax_circle":100,"_animation":"fade-in-fwd","animation_duration":"fast","_animation_delay":500},"elements":[],"isInner":false,"widgetType":"heading","elType":"widget"},{"id":"717469f","settings":{"html":"<svg xmlns=\"http:\/\/www.w3.org\/2000\/svg\" viewBox=\"0 0 114.96 49.88\"><defs><style>.cls-1{fill:url(#grad)}<\/style><linearGradient id=\"grad\" x1=\"50.23\" y1=\"32.62\" x2=\"51.23\" y2=\"32.62\" gradientTransform=\"matrix(-219.09 4.51 10.75 521.88 10898.96 -17230.62)\" gradientUnits=\"userSpaceOnUse\"><stop offset=\"0\" stop-color=\"#c4c4c4\" stop-opacity=\".9\"\/><stop offset=\"1\" stop-opacity=\"0.1\"\/><\/linearGradient><\/defs><path id=\"path0_fill\" data-name=\"path0 fill\" class=\"cls-1\" d=\"M78.25 18.11H2a2 2 0 0 0-2 2v9.24a2 2 0 0 0 2 2h76.25v16.53a2 2 0 0 0 3.18 1.61l32.71-23.91a2 2 0 0 0-.07-3.28L81.36.34A2 2 0 0 0 78.25 2z\"\/><\/svg>","_element_width":"initial","_element_custom_width":{"unit":"px","size":140,"sizes":[]},"_element_vertical_align":"center","_position":"absolute","_offset_orientation_h":"end","_offset_y":{"unit":"px","size":38,"sizes":[]}},"elements":[],"isInner":false,"widgetType":"html","elType":"widget"},{"id":"33b9f782","settings":{"title":"Choose Offer and buy it","header_size":"div","title_color":"#FFFFFF","typography_typography":"custom","typography_font_size":{"unit":"px","size":22,"sizes":[]},"align":"center","typography_font_weight":"normal","_animation":"stuckFlipUpOpacity","_animation_delay":200},"elements":[],"isInner":false,"widgetType":"heading","elType":"widget"},{"id":"5c089534","settings":{"title":"You will get cashback points once<br>we approve your purchase","header_size":"div","title_color":"#E0E0E0","typography_typography":"custom","typography_font_size":{"unit":"px","size":15,"sizes":[]},"align":"center","typography_line_height":{"unit":"em","size":1.5,"sizes":[]},"_animation":"stuckFlipUpOpacity","_animation_delay":400},"elements":[],"isInner":false,"widgetType":"heading","elType":"widget"}],"isInner":true,"elType":"column"},{"id":"592fc107","settings":{"_column_size":33,"_inline_size":null,"align":"center"},"elements":[{"id":"7aee8d67","settings":{"selected_icon":{"value":"fas fa-check","library":"fa-solid"},"primary_color":"#FFFFFF","_margin":{"unit":"px","top":"20","right":"20","bottom":"44","left":"20","isLinked":false},"_background_background":"classic","_background_color":"#23A455","_border_radius":{"unit":"%","top":"50","right":"50","bottom":"50","left":"50","isLinked":true},"_element_width":"auto","rh_parallax_circle":100,"_animation":"fade-in-fwd","animation_duration":"fast","_animation_delay":700},"elements":[],"isInner":false,"widgetType":"icon","elType":"widget"},{"id":"514d046f","settings":{"title":"Request money","header_size":"div","title_color":"#FFFFFF","typography_typography":"custom","typography_font_size":{"unit":"px","size":22,"sizes":[]},"align":"center","typography_font_weight":"normal","_animation":"stuckFlipUpOpacity","_animation_delay":600},"elements":[],"isInner":false,"widgetType":"heading","elType":"widget"},{"id":"39bb26e","settings":{"title":"Go to your profile and click on<br>request button","header_size":"div","title_color":"#E0E0E0","typography_typography":"custom","typography_font_size":{"unit":"px","size":15,"sizes":[]},"align":"center","typography_line_height":{"unit":"em","size":1.5,"sizes":[]},"_animation":"stuckFlipUpOpacity","_animation_delay":800},"elements":[],"isInner":false,"widgetType":"heading","elType":"widget"}],"isInner":true,"elType":"column"}],"isInner":true,"elType":"section"},{"id":"197439d8","settings":{"image":{"url":"https:\/\/redeal.lookmetrics.co\/wp-content\/uploads\/2020\/01\/coins.png","id":980},"image_size":"full","_element_width":"auto","_position":"absolute","_offset_orientation_h":"end","_offset_x_end":{"size":0,"unit":"px"},"_offset_y":{"size":-131,"unit":"px"},"rh_parallax_el":"true","_offset_x_end_mobile":{"unit":"px","size":-238.1,"sizes":[]},"hide_tablet":"hidden-tablet","_animation":"none","_animation_delay":400},"elements":[],"isInner":false,"widgetType":"image","elType":"widget"},{"id":"35dbc6d8","settings":{"image":{"url":"https:\/\/redeal.lookmetrics.co\/wp-content\/uploads\/2020\/01\/coinalpha.png","id":979},"image_size":"full","_element_width":"auto","_position":"absolute","_offset_orientation_h":"end","_offset_x_end":{"size":110,"unit":"px"},"_offset_y":{"size":-65,"unit":"px"},"rh_parallax_el":"true","rh_parallax_el_speed":40,"rh_make_rotate":225,"_offset_x_end_mobile":{"unit":"px","size":-142.9,"sizes":[]},"_offset_x_end_tablet":{"size":-76.9,"unit":"px"},"_offset_y_tablet":{"size":-100,"unit":"px"},"_animation":"none","_animation_delay":500},"elements":[],"isInner":false,"widgetType":"image","elType":"widget"}],"isInner":false,"elType":"column"}],"isInner":false,"elType":"section"},{"id":"1501bd2","settings":{"padding":{"unit":"px","top":"30","right":"0","bottom":"30","left":"0","isLinked":false}},"elements":[{"id":"211eca2e","settings":{"_column_size":100,"_inline_size":null,"space_between_widgets":0},"elements":[{"id":"386705e6","settings":{"selected_icon":{"value":"rhicon rhi-crown","library":"rhicons"},"view":"stacked","primary_color":"#FF0000","secondary_color":"#FFCE00","size":{"unit":"px","size":30,"sizes":[]},"_animation":"fade-in-fwd","animation_duration":"fast"},"elements":[],"isInner":false,"widgetType":"icon","elType":"widget"},{"id":"72519d43","settings":{"title":"TOP CASHBACK","header_size":"div","align":"center","title_color":"#FC0000","typography_typography":"custom","typography_font_size":{"unit":"px","size":24,"sizes":[]},"typography_font_weight":"bold","_margin":{"unit":"px","top":"10","right":"0","bottom":"0","left":"0","isLinked":false},"_animation":"stuckFlipUpOpacity","_animation_delay":200},"elements":[],"isInner":false,"widgetType":"heading","elType":"widget"},{"id":"38945e18","settings":{"title":"MERCHANTS AND SHOPS","header_size":"div","align":"center","title_color":"#000000","typography_typography":"custom","typography_font_size":{"unit":"px","size":24,"sizes":[]},"typography_font_weight":"bold","_margin":{"unit":"px","top":"5","right":"0","bottom":"45","left":"0","isLinked":false},"_animation":"stuckFlipUpOpacity","_animation_delay":300},"elements":[],"isInner":false,"widgetType":"heading","elType":"widget"},{"id":"627294c1","settings":{"taxonomy":"dealstore","child_of":null,"include":[],"wrapclass":"no_padding_wrap","rows":2,"_margin":{"unit":"px","top":"20","right":"0","bottom":"20","left":"0","isLinked":false},"_animation":"stuckMoveUpOpacity","animation_duration":"fast","_animation_delay":400},"elements":[],"isInner":false,"widgetType":"wpsm_tax_archive","elType":"widget"}],"isInner":false,"elType":"column"}],"isInner":false,"elType":"section"},{"id":"6e089384","settings":{"padding":{"unit":"px","top":"0","right":"0","bottom":"30","left":"0","isLinked":false}},"elements":[{"id":"45b2d7e1","settings":{"_column_size":100,"_inline_size":null},"elements":[{"id":"66127bf0","settings":{"title":"Latest from Our Blog","header_size":"h3","align":"center","_animation":"stuckFlipUpOpacity"},"elements":[],"isInner":false,"widgetType":"heading","elType":"widget"},{"id":"679514ca","settings":{"width":{"unit":"%","size":28,"sizes":[]},"align":"center","look":"line_icon","text":"Divider","color":"#D8CFBF","gap":{"unit":"px","size":2,"sizes":[]},"primary_color":"#FF0000","icon":{"value":"rhicon rhi-book","library":"rhicons"},"_margin":{"unit":"px","top":"0","right":"0","bottom":"20","left":"0","isLinked":false},"_animation":"stuckFlipUpOpacity","_animation_delay":200},"elements":[],"isInner":false,"widgetType":"divider","elType":"widget"},{"id":"433cc309","settings":{"data_source":"cpt","cat":[],"cat_exclude":[],"tag":[],"tag_exclude":[],"ids":[],"post_type":"blog","tax_name":null,"tax_slug":null,"tax_slug_exclude":null,"enable_pagination":"3","image":"1","hotenable":"1","border":"1","bgcolor":"#FFFFFF","columns":"3","_animation":"stuckMoveUpOpacity","animation_duration":"fast","_animation_delay":300},"elements":[],"isInner":false,"widgetType":"wpsm_recent_posts_list","elType":"widget"}],"isInner":false,"elType":"column"}],"isInner":false,"elType":"section"},{"id":"1a5f1a0a","settings":{"background_background":"classic","background_color":"#FFFFFF","padding":{"unit":"px","top":"30","right":"0","bottom":"30","left":"0","isLinked":false}},"elements":[{"id":"da0643c","settings":{"_column_size":100,"_inline_size":null},"elements":[{"id":"610d676d","settings":{"title":"How to use Coupons","header_size":"h3","align":"center","_animation":"stuckFlipUpOpacity"},"elements":[],"isInner":false,"widgetType":"heading","elType":"widget"},{"id":"5f5032f","settings":{"width":{"unit":"%","size":28,"sizes":[]},"align":"center","look":"line_icon","text":"Divider","color":"#D8CFBF","gap":{"unit":"px","size":2,"sizes":[]},"primary_color":"#FF0000","icon":{"value":"rhicon rhi-gem","library":"rhicons"},"_margin":{"unit":"px","top":"0","right":"0","bottom":"20","left":"0","isLinked":false},"_animation":"stuckFlipUpOpacity","_animation_delay":200},"elements":[],"isInner":false,"widgetType":"divider","elType":"widget"},{"id":"634549ca","settings":{"structure":"30","animation":"stuckFlipUpOpacity","animation_delay":300},"elements":[{"id":"7c87f686","settings":{"_column_size":33,"_inline_size":null},"elements":[{"id":"57c1cffc","settings":{"editor":"<h4>Discount Code<\/h4><p>You will receive a code (eg AWESOME) that you must enter before you can complete your purchase (usually on the Cart screen or Payment screen) - the field for entering the discount code will be labeled \u201cDiscount Coupon\u201d, \u201cDiscount Code\u201d Promotional \u201d, etc. In some stores you will need to be logged in to be able to view this field.\u00a0<\/p>","text_color":"#54595F","typography_typography":"custom","typography_font_size":{"unit":"px","size":14,"sizes":[]},"typography_line_height":{"unit":"em","size":1.5,"sizes":[]}},"elements":[],"isInner":false,"widgetType":"text-editor","elType":"widget"}],"isInner":true,"elType":"column"},{"id":"41d4083a","settings":{"_column_size":33,"_inline_size":null},"elements":[{"id":"77cd9c6f","settings":{"editor":"<h4>Discount Link<\/h4><p>In this case a code will not be required - the discount will be automatically applied to the products of the site, that is, the prices of the products will already appear with lower values. Stores may have 2 different behaviors: (A) some will show discounts on the value of products in the listing (may show \u201cfrom \/ by\u201d or show only the reduced price.<\/p>","text_color":"#54595F","typography_typography":"custom","typography_font_size":{"unit":"px","size":14,"sizes":[]},"typography_line_height":{"unit":"em","size":1.5,"sizes":[]}},"elements":[],"isInner":false,"widgetType":"text-editor","elType":"widget"}],"isInner":true,"elType":"column"},{"id":"ed9f8a7","settings":{"_column_size":33,"_inline_size":null},"elements":[{"id":"8bdec32","settings":{"editor":"<h4>Offers<\/h4><p>Redeal we also list the best deals that stores advertise every day. In such cases, our coupon will not always reduce prices further (which are already well reduced because of these discount actions).<\/p>","text_color":"#54595F","typography_typography":"custom","typography_font_size":{"unit":"px","size":14,"sizes":[]},"typography_line_height":{"unit":"em","size":1.5,"sizes":[]}},"elements":[],"isInner":false,"widgetType":"text-editor","elType":"widget"}],"isInner":true,"elType":"column"}],"isInner":true,"elType":"section"},{"id":"79dce8b8","settings":{"text":"Divider","color":"rgba(122, 122, 122, 0.17)","gap":{"unit":"px","size":10,"sizes":[]}},"elements":[],"isInner":false,"widgetType":"divider","elType":"widget"},{"id":"71fc7503","settings":{"editor":"<p>Read is a completely free site that offers discounts through coupons and offers from leading national and international online stores. Every time you make a purchase over the internet, we help you save money. As well? We deal with the best e-commerce companies and search the internet to find and offer exclusive coupons and special discounts at your favorite online stores.<\/p>","text_color":"#54595F","typography_typography":"custom","typography_font_size":{"unit":"px","size":14,"sizes":[]},"typography_line_height":{"unit":"em","size":1.5,"sizes":[]},"_animation":"stuckFlipUpOpacity"},"elements":[],"isInner":false,"widgetType":"text-editor","elType":"widget"}],"isInner":false,"elType":"column"}],"isInner":false,"elType":"section"}]}