{"version":"0.4","title":"Banner grid","type":"page","content":[{"id":"4502c2f7","settings":{"structure":"30"},"elements":[{"id":"c903b9","settings":{"_column_size":33,"_inline_size":null},"elements":[{"id":"5310fcb9","settings":{"title":"Custom title","subtitle":"Custom Sub title","image_id":{"url":"http:\/\/elementor.wpsoul.com\/wp-content\/uploads\/2019\/06\/banner1.jpg","id":31},"height":440,"padding":30,"align":"left","vertical":"bottom","overlay":"","color":"#ce965f","colortext":"#0c0c0c","colorsubtext":"#0c0c0c"},"elements":[],"isInner":false,"widgetType":"wpsm_hover_banner","elType":"widget"}],"isInner":false,"elType":"column"},{"id":"4cc1f43c","settings":{"_column_size":33,"_inline_size":null,"margin":{"unit":"px","top":"0","right":"0","bottom":"0","left":"0","isLinked":false}},"elements":[{"id":"341a2ba5","settings":{"title":"Custom title","subtitle":"Custom Sub title","image_id":{"url":"http:\/\/elementor.wpsoul.com\/wp-content\/uploads\/2019\/06\/banner3.jpg","id":32},"height":210,"padding":30,"align":"left","vertical":"top","overlay":"","maintitletypo_typography":"custom","maintitletypo_font_size":{"unit":"px","size":23,"sizes":[]},"subtitletypo_typography":"custom","subtitletypo_font_size":{"unit":"px","size":17,"sizes":[]},"colortext":"#0c0c0c","colorsubtext":"#5b5b5b"},"elements":[],"isInner":false,"widgetType":"wpsm_hover_banner","elType":"widget"},{"id":"f8813d8","settings":{"title":"Custom title","subtitle":"Custom Sub title","image_id":{"url":"http:\/\/elementor.wpsoul.com\/wp-content\/uploads\/2019\/06\/banner2.jpg","id":33},"height":210,"padding":30,"align":"right","overlay":"","maintitletypo_typography":"custom","maintitletypo_font_size":{"unit":"px","size":23,"sizes":[]},"subtitletypo_typography":"custom","subtitletypo_font_size":{"unit":"px","size":17,"sizes":[]},"colortext":"#0c0c0c","colorsubtext":"#4f4f4f"},"elements":[],"isInner":false,"widgetType":"wpsm_hover_banner","elType":"widget"}],"isInner":false,"elType":"column"},{"id":"5fbd03cb","settings":{"_column_size":33,"_inline_size":null},"elements":[{"id":"13898229","settings":{"title":"Custom title","subtitle":"Custom Sub title","image_id":{"url":"http:\/\/elementor.wpsoul.com\/wp-content\/uploads\/2019\/06\/banner4.jpg","id":34},"height":440,"padding":30,"align":"left","vertical":"top","overlay":"","color":"#ce965f"},"elements":[],"isInner":false,"widgetType":"wpsm_hover_banner","elType":"widget"}],"isInner":false,"elType":"column"}],"isInner":false,"elType":"section"}]}