{"version":"0.4","title":"Top product block","type":"section","content":[{"id":"44bf53cd","settings":{"gap":"extended","height":"full","structure":"20","background_background":"classic","background_image":{"url":"http:\/\/elementor.wpsoul.com\/wp-content\/uploads\/2019\/06\/office.jpg","id":120},"background_overlay_background":"classic","background_overlay_color":"#000000","background_overlay_opacity":{"unit":"px","size":0.8,"sizes":[]},"css_filters_css_filter":"custom"},"elements":[{"id":"4665359","settings":{"_column_size":50,"_inline_size":null},"elements":[{"id":"6fed27c4","settings":{"space":{"unit":"px","size":30,"sizes":[]}},"elements":[],"isInner":false,"widgetType":"spacer","elType":"widget"},{"id":"232efc3b","settings":{"image":{"url":"http:\/\/elementor.wpsoul.com\/wp-content\/uploads\/2019\/06\/books.jpg","id":121},"image_size":"full","align":"right"},"elements":[],"isInner":false,"widgetType":"image","elType":"widget"}],"isInner":false,"elType":"column"},{"id":"23b5dd83","settings":{"_column_size":50,"_inline_size":null},"elements":[{"id":"26d5b0d0","settings":{"space":{"unit":"px","size":30,"sizes":[]}},"elements":[],"isInner":false,"widgetType":"spacer","elType":"widget"},{"id":"1dc216c6","settings":{"title":"BEST BOOK","header_size":"h6","title_color":"#f9b939","typography_typography":"custom","typography_font_size":{"unit":"px","size":70,"sizes":[]},"typography_font_weight":"900","typography_line_height":{"unit":"em","size":0.6,"sizes":[]}},"elements":[],"isInner":false,"widgetType":"heading","elType":"widget"},{"id":"2c8a013d","settings":{"title":"EVER","header_size":"h6","title_color":"#ffffff","typography_typography":"custom","typography_font_size":{"unit":"px","size":70,"sizes":[]},"typography_font_weight":"900","typography_line_height":{"unit":"em","size":0.6,"sizes":[]}},"elements":[],"isInner":false,"widgetType":"heading","elType":"widget"},{"id":"1cc2add5","settings":{"space":{"unit":"px","size":20,"sizes":[]}},"elements":[],"isInner":false,"widgetType":"spacer","elType":"widget"},{"id":"7c5203c3","settings":{"title":"by Antoine de Saint-Exupery","header_size":"h6","title_color":"#ffffff","typography_typography":"custom","typography_font_weight":"300"},"elements":[],"isInner":false,"widgetType":"heading","elType":"widget"},{"id":"76024e43","settings":{"title":"The Little Prince","title_color":"#ffffff","typography_typography":"custom","typography_font_size":{"unit":"px","size":28,"sizes":[]},"typography_line_height":{"unit":"em","size":0.6,"sizes":[]}},"elements":[],"isInner":false,"widgetType":"heading","elType":"widget"},{"id":"1f363c85","settings":{"editor":"<p>Cras ultricies ligula sed magna dictum porta. Cras ultricies ligula sed magna dictum porta.<br \/>Vestibulum faucibus orci luctus. Ultricies ligula sed magna dictum porta.<br \/>Cras ultricies ligula sed magna dictum porta.<\/p>","text_color":"#ffffff","typography_typography":"custom","typography_font_size":{"unit":"px","size":14,"sizes":[]},"typography_line_height":{"unit":"em","size":1.4,"sizes":[]}},"elements":[],"isInner":false,"widgetType":"text-editor","elType":"widget"},{"id":"68348a68","settings":{"title":"$25","header_size":"h6","title_color":"#ffffff","typography_typography":"custom","typography_font_size":{"unit":"px","size":45,"sizes":[]},"typography_font_weight":"400","_element_width":"auto"},"elements":[],"isInner":false,"widgetType":"heading","elType":"widget"},{"id":"67b9e241","settings":{"text":"Buy NOW!","size":"md","typography_font_size":{"unit":"px","size":22,"sizes":[]},"typography_font_weight":"700","background_color":"#43c801","border_radius":{"unit":"px","top":"100","right":"100","bottom":"100","left":"100","isLinked":true},"_margin":{"unit":"px","top":"0","right":"20","bottom":"0","left":"20","isLinked":false},"_element_width":"auto"},"elements":[],"isInner":false,"widgetType":"button","elType":"widget"},{"id":"b9b6702","settings":[],"elements":[],"isInner":false,"widgetType":"spacer","elType":"widget"}],"isInner":false,"elType":"column"}],"isInner":false,"elType":"section"}]}