{"version":"0.4","title":"Remag Home","type":"page","content":[{"id":"785ebee1","settings":{"background_background":"classic","background_color":"#4DBC15","padding":{"unit":"px","top":"15","right":"0","bottom":"0","left":"0","isLinked":false}},"elements":[{"id":"7aa178d3","settings":{"_column_size":100,"_inline_size":null},"elements":[{"id":"3adc865b","settings":{"title":"<u><b>Join our Fast Growing<\/b><\/u> Community and find what you need","title_color":"#FFFFFF","typography_typography":"custom","typography_font_size":{"unit":"px","size":29,"sizes":[]},"typography_font_weight":"normal","_animation":"stuckFlipUpOpacity","rh_gsap_y":40,"rh_gsap_opacity":1,"rh_gsap_from":"yes"},"elements":[],"isInner":false,"widgetType":"heading","elType":"widget"},{"id":"27ba469","settings":{"title":"Find what you need from 1,800+ brands across 100+ categories","header_size":"div","title_color":"#FFFFFF","typography_typography":"custom","typography_font_size":{"unit":"px","size":21,"sizes":[]},"_animation":"stuckFlipUpOpacity","_animation_delay":500},"elements":[],"isInner":false,"widgetType":"heading","elType":"widget"},{"id":"33b028b0","settings":{"selected_icon":{"value":"rhicon rhi-bolt","library":"fa-light"},"primary_color":"#FFFFFF","size":{"unit":"px","size":121,"sizes":[]},"rotate":{"unit":"deg","size":24,"sizes":[]},"_element_width":"auto","_position":"absolute","_offset_orientation_h":"end","_offset_x":{"unit":"%","size":50,"sizes":[]},"_offset_x_end":{"unit":"px","size":-274.80000000000001136868377216160297393798828125,"sizes":[]},"_offset_y":{"unit":"px","size":44,"sizes":[]},"rh_gsap":"true","rh_gsap_x":-50,"rh_gsap_y":80,"rh_gsap_r":-50,"rh_gsap_opacity":1,"rh_gsap_duration":0.6999999999999999555910790149937383830547332763671875,"rh_gsap_from":"yes"},"elements":[],"isInner":false,"widgetType":"icon","elType":"widget"},{"id":"75719571","settings":{"selected_icon":{"value":"rhicon rhi-cartfeather","library":"fa-light"},"primary_color":"#FFFFFF","size":{"unit":"px","size":69,"sizes":[]},"rotate":{"unit":"deg","size":328,"sizes":[]},"_element_width":"auto","_position":"absolute","_offset_x":{"unit":"%","size":-22,"sizes":[]},"_offset_x_end":{"unit":"px","size":-241.80000000000001136868377216160297393798828125,"sizes":[]},"_offset_y":{"unit":"px","size":132,"sizes":[]},"rh_gsap":"true","rh_gsap_x":50,"rh_gsap_y":81,"rh_gsap_r":-50,"rh_gsap_opacity":1,"rh_gsap_duration":0.8000000000000000444089209850062616169452667236328125,"rh_gsap_delay":0.299999999999999988897769753748434595763683319091796875,"rh_gsap_from":"yes"},"elements":[],"isInner":false,"widgetType":"icon","elType":"widget"},{"id":"9f3e173","settings":{"margin":{"unit":"px","top":"10","right":0,"bottom":"-100","left":0,"isLinked":false}},"elements":[{"id":"68469cb","settings":{"_column_size":100,"_inline_size":null,"padding":{"unit":"px","top":"0","right":"0","bottom":"0","left":"0","isLinked":true}},"elements":[{"id":"744c1f6e","settings":{"style":"zigzag","width":{"unit":"px","size":150,"sizes":[]},"text":"Divider","color":"#FFFFFF","weight":{"unit":"px","size":1.8000000000000000444089209850062616169452667236328125,"sizes":[]},"_css_classes":"flowhidden","_element_width":"auto","rh_gsap":"true","rh_gsap_width":"1px","rh_gsap_duration":1.5,"rh_gsap_from":"yes"},"elements":[],"isInner":false,"widgetType":"divider","elType":"widget"},{"id":"14206f9f","settings":{"html":"<svg version=\"1.1\" id=\"Capa_1\" xmlns=\"http:\/\/www.w3.org\/2000\/svg\" xmlns:xlink=\"http:\/\/www.w3.org\/1999\/xlink\" x=\"0px\" y=\"0px\"\r\n\t width=\"70px\" height=\"70px\" viewBox=\"0 0 464.962 464.962\" style=\"fill:#fff\"\r\n\t xml:space=\"preserve\">\r\n<g>\r\n\t<g>\r\n\t\t<path d=\"M246.724,0.028c-1.198-0.084-2.27,0.03-3.275,0.224c-0.838-0.16-1.727-0.239-2.676-0.224\r\n\t\t\tC162.818,1.17,94.969,37.791,83.406,120.076c-10.483,74.593,22.95,152.458,68.377,210.642c-6.975,5.175-12.583,12.04-13.119,21.13\r\n\t\t\tc-0.546,9.227,4.268,16.549,10.565,22.516c-5.746,4.91-10.093,11.166-10.565,19.118c-0.77,13.021,9.057,22.287,18.781,29.234\r\n\t\t\tc0.376,0.269,0.749,0.437,1.122,0.645c-2.795,3.407-4.745,7.394-5.027,12.116c-0.65,10.943,7.617,18.737,15.792,24.577\r\n\t\t\tc0.556,0.401,1.112,0.69,1.668,0.955c1.597,1.65,3.806,2.787,6.713,2.909c41.553,1.701,82.959,2.605,123.527-7.855\r\n\t\t\tc2.63-0.686,4.433-2.097,5.58-3.839c0.96-1.041,1.742-2.346,2.245-3.981c3.006-9.892,1.833-19.885-3.266-28.223\r\n\t\t\tc2.849-0.641,5.692-1.32,8.536-2.052c3.128-0.808,5.266-2.493,6.637-4.565c1.138-1.239,2.067-2.788,2.661-4.737\r\n\t\t\tc3.717-12.229,2.011-24.558-4.677-34.703c0.787-0.665,1.478-1.392,2.016-2.199c1.138-1.238,2.067-2.787,2.661-4.737\r\n\t\t\tc4.052-13.314,1.727-26.776-6.53-37.374C406.386,225.223,425.865,12.69,246.724,0.028z M171.159,403.664\r\n\t\t\tc-0.515-0.523-1.061-1.031-1.706-1.493c-2.292-1.64-4.258-3.474-6.167-5.556c-0.536-0.584-0.67-1.65-0.779-1.884\r\n\t\t\tc0.774-2.117,3.702-4.042,6.556-5.545c1.021,0.27,2.097,0.457,3.303,0.457c42.211-0.071,84.389-1.046,126.562-2.844\r\n\t\t\tc2.056,2.966,2.854,6.129,2.716,9.638C258.693,406.385,215.02,405.42,171.159,403.664z M171.159,362.029\r\n\t\t\tc-0.515-0.522-1.061-1.03-1.706-1.492c-2.292-1.641-4.258-3.474-6.167-5.556c-0.536-0.589-0.67-1.655-0.779-1.889\r\n\t\t\tc0.774-2.112,3.702-4.037,6.556-5.54c1.021,0.269,2.097,0.457,3.303,0.457c42.211-0.071,84.389-1.047,126.562-2.844\r\n\t\t\tc2.056,2.96,2.854,6.129,2.716,9.638C258.693,364.746,215.02,363.787,171.159,362.029z M180.855,444.034\r\n\t\t\tc-0.432-0.437-0.889-0.868-1.435-1.255c-1.93-1.376-3.583-2.92-5.185-4.666c-0.452-0.498-0.561-1.392-0.655-1.59\r\n\t\t\tc0.655-1.777,3.115-3.392,5.517-4.661c0.858,0.229,1.762,0.386,2.783,0.386c35.492-0.066,70.952-0.879,106.411-2.392\r\n\t\t\tc1.731,2.488,2.396,5.148,2.285,8.104C254.463,446.324,217.739,445.511,180.855,444.034z M297.798,315.794\r\n\t\t\tc-1.6,1.808-2.463,3.742-2.854,5.682c-15.925,0.66-31.854,1.128-47.784,1.549c2.144-31.569,2.488-63.17,2.524-94.803\r\n\t\t\tc21.835-19.467,36.566-44.796,43.208-73.354c3.469-14.927-19.469-21.267-22.942-6.322c-5.428,23.341-16.533,43.175-33.446,59.521\r\n\t\t\tc-17.92-14.256-30.742-33.139-36.805-55.553c-4.004-14.794-26.957-8.508-22.942,6.322c7.878,29.13,25.319,52.956,49.125,70.833\r\n\t\t\tc-0.048,31.328-0.412,62.629-2.554,93.889c-15.635,0.295-31.271,0.574-46.908,0.62c-0.426-0.828-0.934-1.646-1.589-2.433\r\n\t\t\tc-41.663-50.541-70.267-115.824-69.294-182.061c1.15-78.549,62.805-114.808,135.237-115.867c1.173-0.018,2.225-0.208,3.209-0.484\r\n\t\t\tc0.858,0.243,1.763,0.411,2.742,0.484C405.137,35.018,374.395,229.217,297.798,315.794z\"\/>\r\n\t<\/g>\r\n<\/g>\r\n<\/svg>","_element_width":"auto","_position":"absolute","_offset_x":{"unit":"%","size":-11,"sizes":[]},"_offset_x_end":{"unit":"px","size":-241.80000000000001136868377216160297393798828125,"sizes":[]},"_offset_y":{"unit":"px","size":257,"sizes":[]},"rh_make_rotate":335,"rh_gsap":"true","rh_gsap_x":50,"rh_gsap_y":81,"rh_gsap_r":-50,"rh_gsap_opacity":1,"rh_gsap_duration":0.8000000000000000444089209850062616169452667236328125,"rh_gsap_delay":0.8000000000000000444089209850062616169452667236328125,"rh_gsap_from":"yes","rh_parallax_el_speed":20,"rh_gsap_sc_tr":90},"elements":[],"isInner":false,"widgetType":"html","elType":"widget"},{"id":"39e027f5","settings":{"html":"<svg version=\"1.1\" id=\"Capa_1\" xmlns=\"http:\/\/www.w3.org\/2000\/svg\" xmlns:xlink=\"http:\/\/www.w3.org\/1999\/xlink\" x=\"0px\" y=\"0px\"\r\n\t width=\"70px\" height=\"70\" viewBox=\"0 0 503.097 503.097\" style=\"fill:#fff;\"\r\n\t xml:space=\"preserve\">\r\n<g>\r\n\t<g>\r\n\t\t<path d=\"M412.438,189.759c-1.214-0.048-2.28,0.125-3.275,0.396c-45.108-4.562-90.795-6.305-136.547-6.355\r\n\t\t\tc13.543-17.98,35.576-20.367,57.574-28.038c25.11-8.751,35.683-28.822,32.834-54.821c-1.803-16.479-27.822-16.656-26,0\r\n\t\t\tc3.129,28.541-15.437,30.419-38.566,36.975c-24.166,6.848-44.346,19.847-54.556,43.564c-0.368,0.853-0.612,1.696-0.805,2.534\r\n\t\t\tc-49.681,0.68-99.317,3.062-148.279,5.745c-0.526,0.031-0.998,0.14-1.483,0.229c-0.831-0.167-1.708-0.269-2.681-0.229\r\n\t\t\tc-79.313,3.209-108.552,96.959-79.892,164.004c13.192,30.869,41.642,55.7,75.423,59.991\r\n\t\t\tc51.303,6.515,92.018-26.278,114.798-69.477c33.814,2.076,67.646,0.959,101.501,0.716c22.846,42.848,63.403,75.245,114.427,68.761\r\n\t\t\tc33.784-4.291,62.231-29.122,75.424-59.991C520.994,286.718,491.76,192.968,412.438,189.759z M472.986,346.201\r\n\t\t\tc-11.501,23.191-32.103,44.849-59.438,47.145c-44.488,3.737-76.286-25.07-95.227-63.028c-0.914-1.833-2.123-3.087-3.464-3.94\r\n\t\t\tc-1.625-1.381-3.778-2.27-6.525-2.265c-37.871,0.132-75.71,1.741-113.523-1.041c-5.284-0.392-8.439,2.625-9.546,6.464\r\n\t\t\tc-0.16,0.265-0.343,0.488-0.487,0.782c-18.944,37.958-50.742,66.766-95.232,63.028c-27.33-2.291-47.931-23.948-59.433-47.145\r\n\t\t\tc-25.989-52.399-2.019-133.078,60.547-135.612c0.513-0.021,0.973-0.124,1.445-0.203c0.843,0.163,1.731,0.257,2.719,0.203\r\n\t\t\tc109.042-5.979,221.443-10.583,330.157,2.084c1.031,0.12,1.95,0.069,2.818-0.061C478.761,224.149,496.721,298.342,472.986,346.201\r\n\t\t\tz\"\/>\r\n\t\t<path d=\"M130.396,277.812h-18.492V264.71c0-20.5-31.938-20.505-31.938,0v13.102H64.705c-4.71,0-8.887,1.843-11.756,5.174\r\n\t\t\tc-2.491,2.899-3.859,6.739-3.859,10.796c0,7.938,5.36,15.971,15.615,15.971h15.262v16.336c0,10.252,8.033,15.614,15.968,15.614\r\n\t\t\tc7.937,0,15.97-5.362,15.97-15.614v-16.336h18.492c10.252,0,15.615-8.033,15.615-15.971\r\n\t\t\tC146.011,285.845,140.648,277.812,130.396,277.812z\"\/>\r\n\t\t<path d=\"M408.212,243.354c-4.712,0-8.886,1.841-11.755,5.172c-2.494,2.897-3.859,6.729-3.859,10.796\r\n\t\t\tc0,7.937,5.357,15.971,15.614,15.971c4.713,0,8.887-1.844,11.756-5.175c2.493-2.899,3.859-6.729,3.859-10.796\r\n\t\t\tC423.827,251.388,418.465,243.354,408.212,243.354z\"\/>\r\n\t\t<path d=\"M370.523,288.582c-4.713,0-8.887,1.843-11.75,5.174c-2.494,2.895-3.865,6.729-3.865,10.791\r\n\t\t\tc0,7.937,5.363,15.97,15.615,15.97c4.712,0,8.887-1.843,11.75-5.179c2.494-2.895,3.865-6.724,3.865-10.791\r\n\t\t\tC386.144,296.615,380.775,288.582,370.523,288.582z\"\/>\r\n\t\t<path d=\"M440.519,284.275c-4.713,0-8.887,1.844-11.751,5.175c-2.493,2.895-3.864,6.728-3.864,10.79\r\n\t\t\tc0,7.938,5.362,15.971,15.615,15.971c4.712,0,8.886-1.844,11.75-5.18c2.493-2.895,3.864-6.723,3.864-10.791\r\n\t\t\tC456.133,292.309,450.771,284.275,440.519,284.275z\"\/>\r\n\t\t<path d=\"M407.136,319.812c-4.713,0-8.887,1.843-11.751,5.174c-2.493,2.895-3.864,6.729-3.864,10.791\r\n\t\t\tc0,7.937,5.357,15.97,15.615,15.97c4.712,0,8.887-1.843,11.75-5.179c2.493-2.895,3.864-6.724,3.864-10.791\r\n\t\t\tC422.75,327.845,417.388,319.812,407.136,319.812z\"\/>\r\n\t\t<path d=\"M232.697,259.51h-24.768c-10.248,0-15.615,8.034-15.615,15.966c0,7.937,5.362,15.97,15.615,15.97h24.768\r\n\t\t\tc10.248,0,15.615-8.033,15.615-15.97C248.312,267.544,242.944,259.51,232.697,259.51z\"\/>\r\n\t\t<path d=\"M305.916,259.51h-26.923c-10.253,0-15.615,8.034-15.615,15.966c0,7.937,5.362,15.97,15.615,15.97h26.923\r\n\t\t\tc10.253,0,15.615-8.033,15.615-15.97C321.531,267.544,316.169,259.51,305.916,259.51z\"\/>\r\n\t<\/g>\r\n<\/g>\r\n<\/svg>","_element_width":"auto","_position":"absolute","_offset_orientation_h":"end","_offset_x":{"unit":"%","size":-11,"sizes":[]},"_offset_x_end":{"unit":"px","size":-164.900000000000005684341886080801486968994140625,"sizes":[]},"_offset_y":{"unit":"px","size":235,"sizes":[]},"rh_make_rotate":30,"rh_gsap":"true","rh_gsap_x":-50,"rh_gsap_y":81,"rh_gsap_r":-50,"rh_gsap_opacity":1,"rh_gsap_duration":0.8000000000000000444089209850062616169452667236328125,"rh_gsap_delay":0.59999999999999997779553950749686919152736663818359375,"rh_gsap_from":"yes","rh_gsap_sc_tr":90},"elements":[],"isInner":false,"widgetType":"html","elType":"widget"},{"id":"22e81891","settings":{"cat":[],"cat_exclude":[],"tag":[],"tag_exclude":[],"ids":[],"feat_type":"3","show_posts":"5","custom_height":"490px","tax_name":null,"tax_slug":null,"tax_slug_exclude":null,"animation_duration":"fast"},"elements":[],"isInner":false,"widgetType":"wpsm_featured","elType":"widget"}],"isInner":true,"elType":"column"}],"isInner":true,"elType":"section"}],"isInner":false,"elType":"column"}],"isInner":false,"elType":"section"},{"id":"2eaf4f01","settings":[],"elements":[{"id":"280a6e8b","settings":{"_column_size":100,"_inline_size":null},"elements":[{"id":"40543bb3","settings":{"space":{"unit":"px","size":115,"sizes":[]}},"elements":[],"isInner":false,"widgetType":"spacer","elType":"widget"},{"id":"e33cf48","settings":{"taxonomy":"category","child_of":null,"include":[],"type":"postcategory","showcount":"1","originalimg":"1","wrapclass":"no_padding_wrap","_margin":{"unit":"px","top":"0","right":"0","bottom":"0","left":"0","isLinked":false},"rh_gsap":"true","rh_gsap_y":15,"rh_gsap_opacity":1,"rh_gsap_st_type":"class","rh_gsap_stagger":"woocatbox","rh_gsap_stdelay":0.1000000000000000055511151231257827021181583404541015625,"rh_gsap_duration":0.5,"rh_gsap_from":"yes"},"elements":[],"isInner":false,"widgetType":"wpsm_tax_archive","elType":"widget"}],"isInner":false,"elType":"column"}],"isInner":false,"elType":"section"},{"id":"192a43cd","settings":{"margin":{"unit":"px","top":"30","right":0,"bottom":"0","left":0,"isLinked":false}},"elements":[{"id":"35d94bd4","settings":{"_column_size":100,"_inline_size":null,"space_between_widgets":8},"elements":[{"id":"78c138b8","settings":{"title":"Latest","header_size":"div","title_color":"#7635F3","typography_typography":"custom","typography_font_weight":"bold","typography_text_transform":"uppercase","_animation":"stuckFlipUpOpacity"},"elements":[],"isInner":false,"widgetType":"heading","elType":"widget"},{"id":"314ccbbb","settings":{"title":"<b>Reviews<\/b>, Comparisons and News","header_size":"div","typography_typography":"custom","typography_font_size":{"unit":"px","size":30,"sizes":[]},"_margin":{"unit":"px","top":"0","right":"0","bottom":"20","left":"0","isLinked":false},"_animation":"stuckFlipUpOpacity"},"elements":[],"isInner":false,"widgetType":"heading","elType":"widget"}],"isInner":false,"elType":"column"}],"isInner":false,"elType":"section"},{"id":"683a626e","settings":{"background_background":"classic"},"elements":[{"id":"682ad193","settings":{"_column_size":100,"_inline_size":null},"elements":[{"id":"9ea2d32","settings":{"cat":[],"cat_exclude":[],"tag":[],"tag_exclude":[],"ids":[],"tax_name":null,"tax_slug":null,"tax_slug_exclude":null,"secondtype":"3","thirdtype":"1","_animation":"stuckMoveUpOpacity","animation_duration":"fast"},"elements":[],"isInner":false,"widgetType":"news_with_thumbs_mod","elType":"widget"}],"isInner":false,"elType":"column"}],"isInner":false,"elType":"section"},{"id":"48a0a2e6","settings":{"background_background":"classic","background_image":{"url":"https:\/\/remag.wpsoul.net\/wp-content\/uploads\/2016\/12\/wood-floor-1170744_1280.jpg","id":546},"padding":{"unit":"px","top":"20","right":"0","bottom":"20","left":"0","isLinked":false}},"elements":[{"id":"4051a460","settings":{"_column_size":100,"_inline_size":null},"elements":[{"id":"5ffaf8bc","settings":{"margin":{"unit":"px","top":"0","right":0,"bottom":"20","left":0,"isLinked":false}},"elements":[{"id":"62b04517","settings":{"_column_size":100,"_inline_size":null},"elements":[{"id":"20125200","settings":{"title":"Latest","header_size":"div","title_color":"#61CE70","typography_typography":"custom","typography_font_weight":"bold","typography_text_transform":"uppercase","_animation":"stuckFlipUpOpacity"},"elements":[],"isInner":false,"widgetType":"heading","elType":"widget"},{"id":"7c9808bd","settings":{"title":"<b>Videos<\/b>, tutorials and guidelines","header_size":"div","typography_typography":"custom","typography_font_size":{"unit":"px","size":30,"sizes":[]},"_margin":{"unit":"px","top":"0","right":"0","bottom":"20","left":"0","isLinked":false},"title_color":"#FFFFFF","_animation":"stuckFlipUpOpacity"},"elements":[],"isInner":false,"widgetType":"heading","elType":"widget"}],"isInner":true,"elType":"column"}],"isInner":true,"elType":"section"},{"id":"70bb0fb2","settings":{"videolinks":"https:\/\/www.youtube.com\/watch?v=ryFrGXoM0k8\nhttps:\/\/www.youtube.com\/watch?v=m_nd9W8yPBQ\nhttps:\/\/www.youtube.com\/watch?v=1wtjyv1lmKc\nhttps:\/\/www.youtube.com\/watch?v=2OjU1jn2naA\nhttps:\/\/www.youtube.com\/watch?v=Xl8VmnrHVYA\nhttps:\/\/www.youtube.com\/watch?v=yHMiX_RYvco\nhttps:\/\/www.youtube.com\/watch?v=LaBb7T4eRwk\nhttps:\/\/www.youtube.com\/watch?v=yupzWf6yfWs","_margin":{"unit":"px","top":"0","right":"0","bottom":"25","left":"0","isLinked":false}},"elements":[],"isInner":false,"widgetType":"video_mod","elType":"widget"}],"isInner":false,"elType":"column"}],"isInner":false,"elType":"section"},{"id":"203644da","settings":{"margin":{"unit":"px","top":"","right":0,"bottom":"","left":0,"isLinked":true},"padding":{"unit":"px","top":"50","right":"0","bottom":"50","left":"0","isLinked":false}},"elements":[{"id":"2031af07","settings":{"_column_size":100,"_inline_size":null,"space_between_widgets":8},"elements":[{"id":"6fd934b3","settings":{"title":"Latest","header_size":"div","title_color":"#7635F3","typography_typography":"custom","typography_font_weight":"bold","typography_text_transform":"uppercase","_animation":"stuckFlipUpOpacity"},"elements":[],"isInner":false,"widgetType":"heading","elType":"widget"},{"id":"3f164c11","settings":{"title":"<b>Reviews<\/b>, Comparisons and News","header_size":"div","typography_typography":"custom","typography_font_size":{"unit":"px","size":30,"sizes":[]},"_margin":{"unit":"px","top":"0","right":"0","bottom":"20","left":"0","isLinked":false},"_animation":"stuckFlipUpOpacity"},"elements":[],"isInner":false,"widgetType":"heading","elType":"widget"},{"id":"2a9c3877","settings":{"structure":"40","margin":{"unit":"px","top":"0","right":0,"bottom":"30","left":0,"isLinked":false}},"elements":[{"id":"216fd4bf","settings":{"_column_size":25,"_inline_size":null},"elements":[{"id":"7279b545","settings":{"icon_list":[{"text":"Top Gadgets 2020","selected_icon":{"value":"rhicon rhi-check","library":"fa-solid"},"_id":"ffb2d08","link":{"url":"\/content-egg-post-with-multiple-offers\/","is_external":"","nofollow":""}},{"text":"Top Cameras 2020","selected_icon":{"value":"rhicon rhi-camera-retro","library":"fa-light"},"link":{"url":"\/content-egg-post-with-multiple-offers\/","is_external":"","nofollow":""},"_id":"2d9ef0a"},{"text":"Top Phones 2020","selected_icon":{"value":"rhicon rhi-mobile-alt","library":"fa-light"},"link":{"url":"\/content-egg-post-with-multiple-offers\/","is_external":"","nofollow":""},"_id":"eba82c8"}],"space_between":{"unit":"px","size":6,"sizes":[]},"text_color":"#000000","icon_typography_typography":"custom"},"elements":[],"isInner":false,"widgetType":"icon-list","elType":"widget"}],"isInner":true,"elType":"column"},{"id":"5896bce3","settings":{"_column_size":25,"_inline_size":null},"elements":[{"id":"3abb452a","settings":{"icon_list":[{"text":"Top Games 2020","selected_icon":{"value":"rhicon rhi-gamepad","library":"fa-light"},"link":{"url":"\/content-egg-post-with-multiple-offers\/","is_external":"","nofollow":""},"_id":"dcf5d79"},{"text":"Top Laptop 2020","selected_icon":{"value":"rhicon rhi-laptop","library":"fa-light"},"link":{"url":"\/content-egg-post-with-multiple-offers\/","is_external":"","nofollow":""},"_id":"365c089"},{"text":"Top Kitchen 2020","selected_icon":{"value":"rhicon rhi-leaf","library":"fa-light"},"link":{"url":"\/content-egg-post-with-multiple-offers\/","is_external":"","nofollow":""},"_id":"0773ddf"}],"space_between":{"unit":"px","size":6,"sizes":[]},"text_color":"#000000","icon_typography_typography":"custom"},"elements":[],"isInner":false,"widgetType":"icon-list","elType":"widget"}],"isInner":true,"elType":"column"},{"id":"3e512e49","settings":{"_column_size":25,"_inline_size":null},"elements":[{"id":"3fe1fb79","settings":{"icon_list":[{"text":"Top Gadgets 2020","selected_icon":{"value":"rhicon rhi-check","library":"fa-solid"},"_id":"ffb2d08","link":{"url":"\/content-egg-post-with-multiple-offers\/","is_external":"","nofollow":""}},{"text":"Top Cameras 2020","selected_icon":{"value":"rhicon rhi-camera-retro","library":"fa-light"},"link":{"url":"\/content-egg-post-with-multiple-offers\/","is_external":"","nofollow":""},"_id":"2d9ef0a"},{"text":"Top Phones 2020","selected_icon":{"value":"rhicon rhi-mobile-alt","library":"fa-light"},"link":{"url":"\/content-egg-post-with-multiple-offers\/","is_external":"","nofollow":""},"_id":"eba82c8"}],"space_between":{"unit":"px","size":6,"sizes":[]},"text_color":"#000000","icon_typography_typography":"custom"},"elements":[],"isInner":false,"widgetType":"icon-list","elType":"widget"}],"isInner":true,"elType":"column"},{"id":"5ead85e9","settings":{"_column_size":25,"_inline_size":null},"elements":[{"id":"2c211381","settings":{"icon_list":[{"text":"Top Games 2020","selected_icon":{"value":"rhicon rhi-gamepad","library":"fa-light"},"link":{"url":"\/content-egg-post-with-multiple-offers\/","is_external":"","nofollow":""},"_id":"dcf5d79"},{"text":"Top Laptop 2020","selected_icon":{"value":"rhicon rhi-laptop","library":"fa-light"},"link":{"url":"\/content-egg-post-with-multiple-offers\/","is_external":"","nofollow":""},"_id":"365c089"},{"text":"Top Kitchen 2020","selected_icon":{"value":"rhicon rhi-leaf","library":"fa-light"},"link":{"url":"\/content-egg-post-with-multiple-offers\/","is_external":"","nofollow":""},"_id":"0773ddf"}],"space_between":{"unit":"px","size":6,"sizes":[]},"text_color":"#000000","icon_typography_typography":"custom"},"elements":[],"isInner":false,"widgetType":"icon-list","elType":"widget"}],"isInner":true,"elType":"column"}],"isInner":true,"elType":"section"},{"id":"c98432a","settings":{"cat":[],"cat_exclude":[],"tag":[],"tag_exclude":[],"ids":[],"tax_name":null,"tax_slug":null,"tax_slug_exclude":null,"exerpt_count":"0","disable_price":"1","show":8,"_animation":"stuckMoveUpOpacity","animation_duration":"fast"},"elements":[],"isInner":false,"widgetType":"columngrid_loop","elType":"widget"}],"isInner":false,"elType":"column"}],"isInner":false,"elType":"section"},{"id":"68f28ddc","settings":{"gap":"wide","content_position":"middle","structure":"20","background_background":"classic","background_color":"#F3F5FF","padding":{"unit":"px","top":"100","right":"0","bottom":"100","left":"0","isLinked":false},"_element_id":"circlesvganimation"},"elements":[{"id":"13f2a5de","settings":{"_column_size":50,"_inline_size":null,"space_between_widgets":30},"elements":[{"id":"2786b033","settings":{"title":"WE CREATED SPECIAL SITE WHERE YOU CAN GET","header_size":"div","title_color":"#7635F3","typography_typography":"custom","typography_font_weight":"bold","typography_text_transform":"uppercase","rh_gsap":"true","rh_gsap_y":15,"rh_gsap_rx":90,"rh_gsap_opacity":1,"rh_gsap_origin":"bottom","rh_gsap_from":"yes","rh_gsap_sc_tr":66},"elements":[],"isInner":false,"widgetType":"heading","elType":"widget"},{"id":"3bbc21ed","settings":{"title":"<b>Best reviews, media, video<\/b>, <br>Comparisons and News","header_size":"div","typography_typography":"custom","typography_font_size":{"unit":"px","size":40,"sizes":[]},"typography_line_height":{"unit":"em","size":1.3000000000000000444089209850062616169452667236328125,"sizes":[]},"rh_gsap":"true","rh_gsap_y":20,"rh_gsap_rx":-40,"rh_gsap_opacity":1,"rh_gsap_origin":"bottom","rh_gsap_st_type":"text","rh_gsap_text":"lines","rh_gsap_from":"yes","rh_gsap_sc_tr":66},"elements":[],"isInner":false,"widgetType":"heading","elType":"widget"},{"id":"788b5d2c","settings":{"title":"Health and wellness are important aspects that many of us spend a lot of time thinking about. Many people think of health and wellness and think only of diet and exercise","header_size":"div","typography_typography":"custom","typography_line_height":{"unit":"em","size":1.5,"sizes":[]},"rh_gsap":"true","rh_gsap_y":20,"rh_gsap_rx":-40,"rh_gsap_opacity":1,"rh_gsap_origin":"bottom","rh_gsap_st_type":"text","rh_gsap_text":"lines","rh_gsap_from":"yes"},"elements":[],"isInner":false,"widgetType":"heading","elType":"widget"},{"id":"4c2f380d","settings":{"text":"Register","size":"md","typography_typography":"custom","typography_font_size":{"unit":"px","size":20,"sizes":[]},"background_color":"#7635F3","hover_animation":"grow","_css_classes":"act-rehub-login-popup","rh_gsap":"true","rh_gsap_y":20,"rh_gsap_opacity":1,"rh_gsap_from":"yes","rh_gsap_sc_tr":75},"elements":[],"isInner":false,"widgetType":"button","elType":"widget"}],"isInner":false,"elType":"column"},{"id":"9e4e07f","settings":{"_column_size":50,"_inline_size":null,"align":"center"},"elements":[{"id":"4621bfc7","settings":{"ending_number":3,"suffix":"K","title":"Articles","number_color":"#F9A61C","typography_number_typography":"custom","typography_number_font_size":{"unit":"px","size":33,"sizes":[]},"typography_number_line_height":{"unit":"em","size":1.1999999999999999555910790149937383830547332763671875,"sizes":[]},"typography_title_typography":"custom","typography_title_font_size":{"unit":"px","size":15,"sizes":[]},"typography_title_line_height":{"unit":"em","size":1,"sizes":[]},"_z_index":2,"_css_classes":"animatedcircles","animation_duration":"fast","_animation_delay":2,"_background_background":"classic","_background_color":"#FFFFFF","_border_radius":{"unit":"%","top":"50","right":"50","bottom":"50","left":"50","isLinked":true},"_box_shadow_box_shadow_type":"yes","_box_shadow_box_shadow":{"horizontal":0,"vertical":0,"blur":22,"spread":0,"color":"rgba(0, 0, 0, 0.03)"},"_element_width":"auto","_position":"absolute","_offset_orientation_h":"end","_offset_x":{"unit":"%","size":"","sizes":[]},"_offset_x_end":{"size":8,"unit":"px"},"_offset_y":{"size":125,"unit":"px"},"rh_parallax_circle":135},"elements":[],"isInner":false,"widgetType":"counter","elType":"widget"},{"id":"763ff94a","settings":{"suffix":"k","title":"Active Users","number_color":"#7635F3","typography_number_typography":"custom","typography_number_font_size":{"unit":"px","size":33,"sizes":[]},"typography_number_line_height":{"unit":"em","size":1.1999999999999999555910790149937383830547332763671875,"sizes":[]},"typography_title_typography":"custom","typography_title_font_size":{"unit":"px","size":15,"sizes":[]},"typography_title_line_height":{"unit":"em","size":1,"sizes":[]},"_z_index":2,"_css_classes":"animatedcircles","animation_duration":"fast","_animation_delay":1.5,"_background_background":"classic","_background_color":"#FFFFFF","_border_radius":{"unit":"%","top":"50","right":"50","bottom":"50","left":"50","isLinked":true},"_box_shadow_box_shadow_type":"yes","_box_shadow_box_shadow":{"horizontal":0,"vertical":0,"blur":22,"spread":0,"color":"rgba(0, 0, 0, 0.03)"},"_element_width":"auto","_position":"absolute","_offset_x":{"size":39.731999999999999317878973670303821563720703125,"unit":"%"},"_offset_y":{"size":-12,"unit":"px"},"rh_parallax_circle":135,"rh_gsap":"true","rh_gsap_scale":0.299999999999999988897769753748434595763683319091796875,"rh_gsap_opacity":1,"rh_gsap_st_type":"class","rh_gsap_stagger":"animatedcircles","rh_gsap_stdelay":0.299999999999999988897769753748434595763683319091796875,"rh_gsap_from":"yes"},"elements":[],"isInner":false,"widgetType":"counter","elType":"widget"},{"id":"2fd5f0e8","settings":{"ending_number":90,"prefix":">","title":"Authors","number_color":"#23A455","typography_number_typography":"custom","typography_number_font_size":{"unit":"px","size":33,"sizes":[]},"typography_number_line_height":{"unit":"em","size":1.1999999999999999555910790149937383830547332763671875,"sizes":[]},"typography_title_typography":"custom","typography_title_font_size":{"unit":"px","size":15,"sizes":[]},"typography_title_line_height":{"unit":"em","size":1,"sizes":[]},"_z_index":2,"_css_classes":"animatedcircles","animation_duration":"fast","_animation_delay":2.5,"_background_background":"classic","_background_color":"#FFFFFF","_border_radius":{"unit":"%","top":"50","right":"50","bottom":"50","left":"50","isLinked":true},"_box_shadow_box_shadow_type":"yes","_box_shadow_box_shadow":{"horizontal":0,"vertical":0,"blur":22,"spread":0,"color":"rgba(0, 0, 0, 0.03)"},"_element_width":"auto","_position":"absolute","_offset_x":{"size":59.018000000000000682121026329696178436279296875,"unit":"%"},"_offset_orientation_v":"end","_offset_y":{"unit":"px","size":-55,"sizes":[]},"_offset_y_end":{"size":58,"unit":"px"},"rh_parallax_circle":135},"elements":[],"isInner":false,"widgetType":"counter","elType":"widget"},{"id":"1d96adbc","settings":{"ending_number":2000,"prefix":">","title":"Reviews","number_color":"#FF4911","typography_number_typography":"custom","typography_number_font_size":{"unit":"px","size":33,"sizes":[]},"typography_number_line_height":{"unit":"em","size":1.1999999999999999555910790149937383830547332763671875,"sizes":[]},"typography_title_typography":"custom","typography_title_font_size":{"unit":"px","size":15,"sizes":[]},"typography_title_line_height":{"unit":"em","size":1,"sizes":[]},"_z_index":2,"_css_classes":"animatedcircles","animation_duration":"fast","_animation_delay":1,"_background_background":"classic","_background_color":"#FFFFFF","_border_radius":{"unit":"%","top":"50","right":"50","bottom":"50","left":"50","isLinked":true},"_box_shadow_box_shadow_type":"yes","_box_shadow_box_shadow":{"horizontal":0,"vertical":0,"blur":22,"spread":0,"color":"rgba(0, 0, 0, 0.03)"},"_element_width":"auto","_position":"absolute","_offset_x":{"size":6.4290000000000002700062395888380706310272216796875,"unit":"%"},"_offset_y":{"size":227,"unit":"px"},"_offset_y_end":{"unit":"px","size":-55,"sizes":[]},"rh_parallax_circle":135,"rh_gsap_scale":0.5,"rh_gsap_opacity":1,"rh_gsap_from":"yes"},"elements":[],"isInner":false,"widgetType":"counter","elType":"widget"},{"id":"695d56e1","settings":{"html":"<svg width=\"500\" height=\"500\">\n<circle cx=\"250\" cy=\"250\" r=\"210\" fill=\"transparent\" stroke=\"#ddd\" stroke-width=\"1\"\/>\n<\/svg>","_border_border":"solid","_border_radius":{"unit":"%","top":"","right":"","bottom":"","left":"","isLinked":true},"_element_width":"auto","rh_gsap":"true","rh_gsap_scale":0.5,"rh_gsap_origin":"center center","rh_gsap_st_type":"svg","rh_gsap_from":"yes"},"elements":[],"isInner":false,"widgetType":"html","elType":"widget"},{"id":"289463e9","settings":{"html":"<svg width=\"500\" height=\"500\">\n<circle cx=\"250\" cy=\"250\" r=\"170\" fill=\"transparent\" stroke=\"#ddd\" stroke-width=\"1\"\/>\n<\/svg>","_z_index":1,"_border_border":"solid","_border_radius":{"unit":"%","top":"","right":"","bottom":"","left":"","isLinked":true},"_element_width":"auto","_position":"absolute","_offset_x":{"unit":"px","size":33,"sizes":[]},"_offset_y":{"unit":"px","size":0,"sizes":[]},"rh_gsap":"true","rh_gsap_scale":0.5,"rh_gsap_origin":"center center","rh_gsap_st_type":"svg","rh_gsap_delay":0.200000000000000011102230246251565404236316680908203125,"rh_gsap_from":"yes"},"elements":[],"isInner":false,"widgetType":"html","elType":"widget"},{"id":"10a7afba","settings":{"html":"<svg width=\"500\" height=\"500\">\n<circle cx=\"250\" cy=\"250\" r=\"130\" fill=\"transparent\" stroke=\"#ddd\" stroke-width=\"1\"\/>\n<\/svg>","_z_index":1,"_border_border":"solid","_border_radius":{"unit":"%","top":"","right":"","bottom":"","left":"","isLinked":true},"_element_width":"auto","_position":"absolute","_offset_x":{"unit":"px","size":33,"sizes":[]},"_offset_y":{"unit":"px","size":0,"sizes":[]},"rh_gsap":"true","rh_gsap_scale":0.5,"rh_gsap_origin":"center center","rh_gsap_st_type":"svg","rh_gsap_delay":0.40000000000000002220446049250313080847263336181640625,"rh_gsap_from":"yes"},"elements":[],"isInner":false,"widgetType":"html","elType":"widget"},{"id":"e2a8b5d","settings":{"html":"<svg width=\"500\" height=\"500\">\n<circle cx=\"250\" cy=\"250\" r=\"90\" fill=\"transparent\" stroke=\"#ddd\" stroke-width=\"1\"\/>\n<\/svg>","_z_index":1,"_border_border":"solid","_border_radius":{"unit":"%","top":"","right":"","bottom":"","left":"","isLinked":true},"_element_width":"auto","_position":"absolute","_offset_x":{"unit":"px","size":33,"sizes":[]},"_offset_y":{"unit":"px","size":0,"sizes":[]},"rh_gsap":"true","rh_gsap_scale":0.5,"rh_gsap_origin":"center center","rh_gsap_st_type":"svg","rh_gsap_delay":0.59999999999999997779553950749686919152736663818359375,"rh_gsap_from":"yes"},"elements":[],"isInner":false,"widgetType":"html","elType":"widget"},{"id":"2c438805","settings":{"html":"<svg width=\"500\" height=\"500\">\n<circle cx=\"250\" cy=\"250\" r=\"50\" fill=\"transparent\" stroke=\"#ddd\" stroke-width=\"1\"\/>\n<\/svg>","_z_index":1,"_border_border":"solid","_border_radius":{"unit":"%","top":"","right":"","bottom":"","left":"","isLinked":true},"_element_width":"auto","_position":"absolute","_offset_x":{"unit":"px","size":33,"sizes":[]},"_offset_y":{"unit":"px","size":0,"sizes":[]},"rh_gsap":"true","rh_gsap_scale":0.5,"rh_gsap_origin":"center center","rh_gsap_st_type":"svg","rh_gsap_delay":0.8000000000000000444089209850062616169452667236328125,"rh_gsap_from":"yes"},"elements":[],"isInner":false,"widgetType":"html","elType":"widget"}],"isInner":false,"elType":"column"}],"isInner":false,"elType":"section"},{"id":"2ea308dc","settings":{"background_background":"classic","background_repeat":"no-repeat","background_size":"cover","background_overlay_background":"classic","background_overlay_opacity":{"unit":"px","size":0.7399999999999999911182158029987476766109466552734375,"sizes":[]},"margin":{"unit":"px","top":"-50","right":0,"bottom":"50","left":0,"isLinked":false}},"elements":[{"id":"2423c238","settings":{"_column_size":100,"_inline_size":null,"background_background":"classic","background_image":{"url":"https:\/\/remag.wpsoul.net\/wp-content\/uploads\/2016\/12\/default_bg2-2.jpg","id":770},"background_repeat":"no-repeat","background_size":"cover","background_overlay_background":"classic","background_overlay_color":"#7635F3","background_overlay_opacity":{"unit":"px","size":0.810000000000000053290705182007513940334320068359375,"sizes":[]},"border_radius":{"unit":"px","top":"20","right":"20","bottom":"20","left":"20","isLinked":true},"margin":{"unit":"px","top":"0","right":"0","bottom":"0","left":"0","isLinked":false},"padding":{"unit":"px","top":"50","right":"50","bottom":"50","left":"50","isLinked":true},"animation":"stuckFlipUpOpacity"},"elements":[{"id":"4fcb3c3c","settings":{"title":"WE CREATED SPECIAL SITE WHERE YOU CAN GET","header_size":"div","title_color":"#FFFFFF","typography_typography":"custom","typography_font_weight":"bold","typography_text_transform":"uppercase","align":"center","rh_gsap":"true","rh_gsap_y":15,"rh_gsap_rx":90,"rh_gsap_opacity":1,"rh_gsap_origin":"bottom","rh_gsap_from":"yes","rh_gsap_trigger_field":"circlesvganimation"},"elements":[],"isInner":false,"widgetType":"heading","elType":"widget"},{"id":"6bd6c430","settings":{"title":"<b>Get in Touch<\/b>, and let Us<br>Know how we can help","header_size":"div","typography_typography":"custom","typography_font_size":{"unit":"px","size":40,"sizes":[]},"align":"center","title_color":"#FFFFFF","typography_line_height":{"unit":"em","size":1.3000000000000000444089209850062616169452667236328125,"sizes":[]},"rh_gsap":"true","rh_gsap_y":20,"rh_gsap_rx":-40,"rh_gsap_opacity":1,"rh_gsap_origin":"bottom","rh_gsap_st_type":"text","rh_gsap_text":"lines","rh_gsap_from":"yes","rh_gsap_trigger_field":"circlesvganimation"},"elements":[],"isInner":false,"widgetType":"heading","elType":"widget"},{"id":"7bc484bc","settings":{"text":"Contact Us","align":"center","typography_font_size":{"unit":"px","size":20,"sizes":[]},"background_color":"#61CE70","hover_animation":"grow","_css_classes":"act-rehub-login-popup","rh_gsap":"true","rh_gsap_y":20,"rh_gsap_opacity":1,"rh_gsap_from":"yes","rh_gsap_sc_tr":100},"elements":[],"isInner":false,"widgetType":"button","elType":"widget"}],"isInner":false,"elType":"column"}],"isInner":false,"elType":"section"},{"id":"31493ce5","settings":[],"elements":[{"id":"35de1538","settings":{"_column_size":100,"_inline_size":null},"elements":[{"id":"7ae3a8e3","settings":{"cat":[],"cat_exclude":[],"tag":[],"tag_exclude":[],"ids":[],"image":"1","columns":"4","rh_gsap_y":10,"rh_gsap_opacity":1,"rh_gsap_st_type":"no","rh_gsap_from":"yes","_animation":"stuckMoveUpOpacity","animation_duration":"fast"},"elements":[],"isInner":false,"widgetType":"wpsm_recent_posts_list","elType":"widget"}],"isInner":false,"elType":"column"}],"isInner":false,"elType":"section"}]}