{"version":"0.4","title":"Shop Extended Content","type":"page","content":[{"id":"764ea45b","settings":{"layout":"full_width","background_background":"gradient","background_color":"#7000f4","background_color_b":"#23a1d3","shape_divider_bottom":"tilt","shape_divider_bottom_height":{"unit":"px","size":102,"sizes":[]},"shape_divider_bottom_flip":"yes","padding":{"unit":"px","top":"120","right":"0","bottom":"280","left":"0","isLinked":false},"shape_divider_top":"mountains","shape_divider_top_height":{"unit":"px","size":31,"sizes":[]},"margin":{"unit":"px","top":"","right":0,"bottom":"","left":0,"isLinked":true}},"elements":[{"id":"402013f","settings":{"_column_size":100},"elements":[{"id":"d11df60","settings":{"title":"Life Doesn\u2019t Wait, Neither Should You","align":"center","title_color":"#ffffff","typography_typography":"custom","typography_font_size":{"unit":"px","size":42,"sizes":[]},"_animation":"fadeInUp"},"elements":[],"isInner":false,"widgetType":"heading","elType":"widget"},{"id":"24935444","settings":{"title":"Action OS is an extremely fast interactive system that combines an efficient, <br>streamlined UI with three accessible buttons to provide rapid, flexible operation. <br>Powering on, recording, and setting modes can all be done in the blink of an eye.\n\n","header_size":"div","align":"center","title_color":"#fff9db","typography_typography":"custom","typography_line_height":{"unit":"em","size":1.5,"sizes":[]},"_animation":"fadeInUp"},"elements":[],"isInner":false,"widgetType":"heading","elType":"widget"}],"isInner":false,"elType":"column"}],"isInner":false,"elType":"section"},{"id":"63c5ccd7","settings":{"content_width":{"unit":"px","size":650,"sizes":[]},"margin":{"unit":"px","top":"-200","right":0,"bottom":"0","left":0,"isLinked":false}},"elements":[{"id":"2ec3d62e","settings":{"_column_size":100},"elements":[{"id":"14ce0981","settings":{"youtube_url":"https:\/\/www.youtube.com\/watch?v=c74mtrcHE1M","vimeo_url":"https:\/\/vimeo.com\/235215203","dailymotion_url":"https:\/\/www.dailymotion.com\/video\/x6tqhqb","modestbranding":"yes","lazy_load":"yes","_animation":"fadeInUp","image_overlay":{"id":395,"url":"http:\/\/elementor.wpsoul.com\/wp-content\/uploads\/2019\/06\/placeholder.png"}},"elements":[],"isInner":false,"widgetType":"video","elType":"widget"}],"isInner":false,"elType":"column"}],"isInner":false,"elType":"section"},{"id":"422b28c7","settings":{"gap":"no","custom_height":{"unit":"px","size":500},"content_position":"middle","structure":"20","padding":{"unit":"px","top":"100","right":"0","bottom":"100","left":"0","isLinked":false},"padding_tablet":{"unit":"px","top":"100","right":"25","bottom":"100","left":"25","isLinked":false},"padding_mobile":{"unit":"px","top":"50","right":"20","bottom":"50","left":"20","isLinked":false},"content_width":{"unit":"px","size":1000,"sizes":[]}},"elements":[{"id":"28b6b834","settings":{"_column_size":50,"_inline_size":50,"padding":{"unit":"px","top":"0","right":"100","bottom":"0","left":"0","isLinked":false},"padding_tablet":{"unit":"px","top":"0","right":"0","bottom":"0","left":"0","isLinked":false},"padding_mobile":{"unit":"px","top":"0","right":"0","bottom":"20","left":"0","isLinked":false}},"elements":[{"id":"71b08a85","settings":{"title":"We help you design the life you want.","title_color":"#000000","typography_typography":"custom","typography_font_size":{"unit":"px","size":45},"typography_font_weight":"900","typography_line_height":{"unit":"em","size":1.2},"header_size":"h4"},"elements":[],"isInner":false,"widgetType":"heading","elType":"widget"}],"isInner":false,"elType":"column"},{"id":"52739311","settings":{"_column_size":50,"_inline_size":50,"padding":{"unit":"px","top":"0","right":"0","bottom":"0","left":"0","isLinked":false},"padding_mobile":{"unit":"px","top":"25","right":"0","bottom":"0","left":"0","isLinked":false},"content_position":"center","border_border":"solid","border_width":{"unit":"px","top":"0","right":"0","bottom":"0","left":"2","isLinked":false},"border_color":"#7200b5"},"elements":[{"id":"2497cb14","settings":{"editor":"<p>I am text block. Click edit button to change this text. Lorem ipsum dolor sit amet, consectetur adipiscing elit. Ut elit tellus, luctus nec ullamcorper mattis, pulvinar dapibus leo\u00a0luctus nec ullamcorper mattis<\/p>","align":"left","text_color":"#000000","typography_typography":"custom","typography_font_size":{"unit":"px","size":16},"typography_line_height":{"unit":"em","size":1.9},"_padding":{"unit":"px","top":"0","right":"0","bottom":"0","left":"30","isLinked":false},"_border_border":"solid","_border_width":{"unit":"px","top":"0","right":"0","bottom":"0","left":"0","isLinked":true}},"elements":[],"isInner":false,"widgetType":"text-editor","elType":"widget"}],"isInner":false,"elType":"column"}],"isInner":false,"elType":"section"},{"id":"1ca0e323","settings":[],"elements":[{"id":"3db1ebb4","settings":{"_column_size":100},"elements":[{"id":"10e2e390","settings":{"image":{"id":396,"url":"http:\/\/elementor.wpsoul.com\/wp-content\/uploads\/2019\/06\/djiim.png"}},"elements":[],"isInner":false,"widgetType":"image","elType":"widget"},{"id":"79987f71","settings":{"space":{"unit":"px","size":56,"sizes":[]},"hide_mobile":"hidden-phone"},"elements":[],"isInner":false,"widgetType":"spacer","elType":"widget"}],"isInner":false,"elType":"column"}],"isInner":false,"elType":"section"},{"id":"4a00009f","settings":{"content_width":{"unit":"px","size":1000,"sizes":[]},"structure":"20","background_background":"gradient","background_color":"#efeff7","shape_divider_top":"wave-brush","shape_divider_top_height":{"unit":"px","size":82,"sizes":[]},"shape_divider_top_flip":"yes","shape_divider_bottom_height":{"unit":"px","size":100,"sizes":[]},"padding":{"unit":"px","top":"150","right":"0","bottom":"120","left":"0","isLinked":false},"overflow":"hidden","background_color_b":"#ffffff"},"elements":[{"id":"73c93ec8","settings":{"_column_size":50,"_inline_size":null},"elements":[{"id":"4ad78420","settings":{"title":"Discover more new features","align":"left","typography_typography":"custom","typography_font_family":"Myriad Pro","typography_font_size":{"unit":"px","size":45,"sizes":[]},"typography_font_weight":"900","header_size":"h3","typography_line_height":{"unit":"em","size":1.2,"sizes":[]},"_animation":"fadeInUp"},"elements":[],"isInner":false,"widgetType":"heading","elType":"widget"},{"id":"5874ca7d","settings":[],"elements":[{"id":"502ee955","settings":{"_column_size":100,"_inline_size":null},"elements":[{"id":"461eb73c","settings":{"editor":"<p>Lorem Ipsum is simply dummy text of the printing and typesetting industry. Lorem Ipsum has been the industry's standard dummy text ever since the 1500s, when an unknown printer took a galley of type and scrambled it to make a type specimen book. It has survived not only five centuries.<\/p>","typography_typography":"custom","typography_font_size":{"unit":"px","size":16,"sizes":[]},"typography_line_height":{"unit":"em","size":1.7,"sizes":[]},"_margin":{"unit":"px","top":"0","right":"0","bottom":"5","left":"0","isLinked":false},"_animation":"fadeInUp"},"elements":[],"isInner":false,"widgetType":"text-editor","elType":"widget"},{"id":"6c84c7ab","settings":{"space":{"unit":"px","size":20,"sizes":[]}},"elements":[],"isInner":false,"widgetType":"spacer","elType":"widget"}],"isInner":true,"elType":"column"}],"isInner":true,"elType":"section"},{"id":"7c364ba7","settings":{"text":"Learn More","size":"lg","typography_font_size":{"unit":"px","size":16,"sizes":[]},"background_color":"#8b47d3","border_radius":{"unit":"px","top":"32","right":"32","bottom":"32","left":"32","isLinked":true},"button_box_shadow_box_shadow_type":"yes","button_box_shadow_box_shadow":{"horizontal":0,"vertical":10,"blur":32,"spread":0,"color":"rgba(186,70,206,0.3)"},"typography_typography":"custom","button_background_hover_color":"#e00038","hover_animation":"pop","_animation":"fadeInUp","_animation_delay":300},"elements":[],"isInner":false,"widgetType":"button","elType":"widget"}],"isInner":false,"elType":"column"},{"id":"691ad829","settings":{"_column_size":50,"_inline_size":null},"elements":[{"id":"15b35013","settings":{"html":"<svg width=\"1356\" height=\"1383\" viewBox=\"0 0 1356 1383\" fill=\"none\" xmlns=\"http:\/\/www.w3.org\/2000\/svg\">\r\n<rect width=\"1745\" height=\"1381\" fill=\"black\" fill-opacity=\"0\" transform=\"translate(-390 1)\"><\/rect>\r\n<path d=\"M618.968 656.727C658.134 533.35 498.16 583.483 413.278 623.972C348.341 655.021 421.777 668.669 363.3 699.036C304.823 729.403 369.42 766.935 413.278 792.866C457.136 818.797 570.01 810.949 618.968 656.727Z\" stroke=\"#A8A8AD\"><\/path>\r\n<path d=\"M566.01 670.287C589.977 595.019 492.083 625.603 440.14 650.304C400.403 669.246 445.341 677.572 409.557 696.098C373.773 714.623 413.302 737.52 440.14 753.34C466.979 769.159 536.051 764.372 566.01 670.287Z\" stroke=\"#7D7D85\"><\/path>\r\n<path d=\"M697.725 636.607C759.495 441.841 507.198 520.983 373.329 584.9C270.916 633.914 386.734 655.459 294.509 703.397C202.284 751.334 304.16 810.582 373.329 851.518C442.498 892.453 620.514 880.065 697.725 636.607Z\" stroke=\"#D4D4D6\"><\/path>\r\n<path d=\"M825.367 604.241C923.769 294.633 521.846 420.439 308.584 522.044C145.434 599.959 329.939 634.208 183.019 710.411C36.0985 786.615 198.394 880.798 308.584 945.871C418.774 1010.94 702.364 991.25 825.367 604.241Z\" stroke=\"#D4D4D6\"><\/path>\r\n<path d=\"M974.734 566.188C1116 121.563 538.987 302.233 232.819 448.146C-1.40592 560.039 263.476 609.224 52.5514 718.659C-158.373 828.093 74.625 963.35 232.819 1056.8C391.012 1150.25 798.146 1121.97 974.734 566.188Z\" stroke=\"#E9E9EB\"><\/path>\r\n<path d=\"M1151.26 521.136C1343.19 -83.3362 559.244 162.286 143.278 360.657C-174.945 512.778 184.93 579.645 -101.637 728.422C-388.204 877.2 -71.6474 1061.08 143.278 1188.13C358.203 1315.18 911.343 1276.73 1151.26 521.136Z\" stroke=\"#F4F4F5\"><\/path>\r\n<path d=\"M1317.85 478.584C1557.6 -276.87 578.361 30.1028 58.7756 278.021C-338.717 468.138 110.804 551.706 -247.149 737.645C-605.101 923.583 -209.688 1153.39 58.7756 1312.17C327.24 1470.95 1018.17 1422.9 1317.85 478.584Z\" stroke=\"#F4F4F5\"><\/path>\r\n<\/svg>","_z_index":1,"_position":"absolute","_offset_x":{"size":-14,"unit":"px"},"_offset_y":{"size":-204,"unit":"px"},"rh_parallax_el":"true","rh_parallax_el_dir":"rev","rh_parallax_circle":900,"_offset_orientation_h":"end","hide_tablet":"hidden-tablet","hide_mobile":"hidden-phone"},"elements":[],"isInner":false,"widgetType":"html","elType":"widget"},{"id":"5d6fc216","settings":{"image":{"id":"368","url":"http:\/\/elementor.wpsoul.com\/wp-content\/uploads\/2019\/06\/djiosmo.png"},"image_size":"full","_z_index":2,"_position":"absolute","_offset_x":{"unit":"px","size":0,"sizes":[]},"_offset_y":{"unit":"px","size":-145,"sizes":[]},"rh_infinite_updownright":"infinite","hide_mobile":"hidden-phone"},"elements":[],"isInner":false,"widgetType":"image","elType":"widget"},{"id":"6394dce5","settings":{"image":{"id":"372","url":"http:\/\/elementor.wpsoul.com\/wp-content\/uploads\/2019\/06\/djiback.png"},"image_size":"full","_z_index":2,"_position":"absolute","_offset_x":{"size":149,"unit":"px"},"_offset_y":{"size":247,"unit":"px"},"rh_parallax_el":"true","rh_parallax_el_speed":40},"elements":[],"isInner":false,"widgetType":"image","elType":"widget"}],"isInner":false,"elType":"column"}],"isInner":false,"elType":"section"},{"id":"57929bad","settings":{"background_background":"classic","background_image":{"id":397,"url":"http:\/\/elementor.wpsoul.com\/wp-content\/uploads\/2019\/06\/djibg2.jpg"},"background_position":"top center","background_repeat":"no-repeat","padding":{"unit":"px","top":"350","right":"0","bottom":"0","left":"0","isLinked":false},"content_width":{"unit":"px","size":1000,"sizes":[]},"background_size":"cover"},"elements":[{"id":"77a7ee69","settings":{"_column_size":100},"elements":[{"id":"74476aae","settings":{"title":"OSMO ACTIVE","align":"center","title_color":"#ffffff","typography_typography":"custom","typography_font_size":{"unit":"px","size":135,"sizes":[]},"rh_parallax_el":"true","rh_perspective_textshadow":"1","typography_font_size_mobile":{"unit":"px","size":39,"sizes":[]}},"elements":[],"isInner":false,"widgetType":"heading","elType":"widget"},{"id":"1e313de7","settings":{"space":{"unit":"px","size":70,"sizes":[]}},"elements":[],"isInner":false,"widgetType":"spacer","elType":"widget"},{"id":"57a65ce4","settings":{"title":"Made to Move","header_size":"h5","align":"center","typography_typography":"custom","typography_font_size":{"unit":"px","size":32,"sizes":[]},"typography_font_weight":"normal"},"elements":[],"isInner":false,"widgetType":"heading","elType":"widget"},{"id":"1594a0e","settings":{"title":"After years of providing advanced, reliable stabilization technology to filmmakers <br>around the globe, DJI has gone one step further. RockSteady combines <br>EIS with complex algorithms, delivering stable, shake-free footage <br>no matter how heavy the action gets.","header_size":"div","align":"center","title_color":"#686868","typography_typography":"custom","typography_line_height":{"unit":"em","size":1.5,"sizes":[]}},"elements":[],"isInner":false,"widgetType":"heading","elType":"widget"},{"id":"42c4922c","settings":[],"elements":[],"isInner":false,"widgetType":"spacer","elType":"widget"},{"id":"5ba85e24","settings":{"video_type":"hosted","youtube_url":"https:\/\/www.youtube.com\/watch?v=XHOmBV4js_E","vimeo_url":"https:\/\/vimeo.com\/235215203","dailymotion_url":"https:\/\/www.dailymotion.com\/video\/x6tqhqb","insert_url":"yes","external_url":{"url":"https:\/\/www1.djicdn.com\/assets\/uploads\/367aeda57cc2ddasd\/3f1df242da2cb0aeb81cef1469694eb8.mp4","is_external":"","nofollow":""},"aspect_ratio":"219","image_overlay":{"id":395,"url":"http:\/\/elementor.wpsoul.com\/wp-content\/uploads\/2019\/06\/placeholder.png"}},"elements":[],"isInner":false,"widgetType":"video","elType":"widget"}],"isInner":false,"elType":"column"}],"isInner":false,"elType":"section"},{"id":"791eb83e","settings":{"gap":"no","custom_height":{"unit":"px","size":800},"content_position":"middle","padding":{"unit":"px","top":"50","right":"0","bottom":"150","left":"0","isLinked":false},"padding_tablet":{"unit":"px","top":"100","right":"25","bottom":"100","left":"25","isLinked":false},"padding_mobile":{"unit":"px","top":"50","right":"20","bottom":"50","left":"20","isLinked":false},"content_width":{"unit":"px","size":1000,"sizes":[]}},"elements":[{"id":"6026bcd4","settings":{"_column_size":100},"elements":[{"id":"a6c3452","settings":{"title":"Creative charts","align":"center","title_color":"#000000","typography_typography":"custom","typography_font_size":{"unit":"px","size":45},"typography_font_weight":"600","typography_font_size_tablet":{"unit":"px","size":45},"typography_font_size_mobile":{"unit":"px","size":35},"header_size":"h3","_animation":"fadeInUp"},"elements":[],"isInner":false,"widgetType":"heading","elType":"widget"},{"id":"2d894d08","settings":{"structure":"30","padding":{"unit":"px","top":"15","right":"0","bottom":"0","left":"0","isLinked":false},"padding_tablet":{"unit":"px","top":"0","right":"0","bottom":"0","left":"0","isLinked":true}},"elements":[{"id":"3322ec86","settings":{"_column_size":33,"_inline_size":null,"border_border":"solid","border_width":{"unit":"px","top":"1","right":"1","bottom":"1","left":"1","isLinked":true},"border_color":"#e5e5e5","margin":{"unit":"px","top":"5","right":"5","bottom":"5","left":"5","isLinked":true},"padding":{"unit":"px","top":"55","right":"55","bottom":"55","left":"55","isLinked":true},"margin_mobile":{"unit":"px","top":"0","right":"0","bottom":"0","left":"0","isLinked":true},"padding_tablet":{"unit":"px","top":"25","right":"25","bottom":"25","left":"25","isLinked":true},"padding_mobile":{"unit":"px","top":"15","right":"15","bottom":"15","left":"15","isLinked":true},"animation":"fadeInUp"},"elements":[{"id":"5b6dbb40","settings":{"starting_number":1,"ending_number":70,"suffix":"%","title":"FASTER","number_color":"#bfbfbf","typography_number_typography":"custom","typography_number_font_size":{"unit":"px","size":66},"typography_number_font_weight":"100","title_color":"#000000","typography_title_typography":"custom","typography_title_font_size":{"unit":"px","size":12},"typography_title_font_weight":"600","typography_title_text_transform":"uppercase","typography_title_letter_spacing":{"unit":"px","size":5},"typography_number_font_size_tablet":{"unit":"px","size":75},"typography_title_letter_spacing_tablet":{"unit":"px","size":2}},"elements":[],"isInner":false,"widgetType":"counter","elType":"widget"},{"id":"49432632","settings":{"editor":"<p>I am text block. Click edit button to change this text.\u00a0<\/p>","align":"center","text_color":"#000000","typography_typography":"custom","typography_font_size":{"unit":"px","size":15},"typography_font_weight":"300","typography_line_height":{"unit":"em","size":1.8}},"elements":[],"isInner":false,"widgetType":"text-editor","elType":"widget"}],"isInner":true,"elType":"column"},{"id":"754e154d","settings":{"_column_size":33,"_inline_size":null,"border_border":"solid","border_width":{"unit":"px","top":"1","right":"1","bottom":"1","left":"1","isLinked":true},"border_color":"#e5e5e5","margin":{"unit":"px","top":"5","right":"5","bottom":"5","left":"5","isLinked":true},"padding":{"unit":"px","top":"55","right":"55","bottom":"55","left":"55","isLinked":true},"margin_mobile":{"unit":"px","top":"15","right":"0","bottom":"0","left":"0","isLinked":false},"padding_tablet":{"unit":"px","top":"25","right":"25","bottom":"25","left":"25","isLinked":true},"padding_mobile":{"unit":"px","top":"15","right":"15","bottom":"15","left":"15","isLinked":true},"animation":"fadeInUp","animation_delay":100},"elements":[{"id":"58655","settings":{"starting_number":1,"ending_number":50,"suffix":"%","title":"LESS PRICED","number_color":"#c9c9c9","typography_number_typography":"custom","typography_number_font_size":{"unit":"px","size":66},"typography_number_font_weight":"100","title_color":"#000000","typography_title_typography":"custom","typography_title_font_size":{"unit":"px","size":12},"typography_title_font_weight":"600","typography_title_text_transform":"uppercase","typography_title_letter_spacing":{"unit":"px","size":5},"typography_number_font_size_tablet":{"unit":"px","size":75},"typography_title_letter_spacing_tablet":{"unit":"px","size":2}},"elements":[],"isInner":false,"widgetType":"counter","elType":"widget"},{"id":"1bb6b943","settings":{"editor":"<p>I am text block. Click edit button to change this text.\u00a0<\/p>","align":"center","text_color":"#000000","typography_typography":"custom","typography_font_size":{"unit":"px","size":15},"typography_font_weight":"300","typography_line_height":{"unit":"em","size":1.8}},"elements":[],"isInner":false,"widgetType":"text-editor","elType":"widget"}],"isInner":true,"elType":"column"},{"id":"33000102","settings":{"_column_size":33,"_inline_size":null,"border_border":"solid","border_width":{"unit":"px","top":"1","right":"1","bottom":"1","left":"1","isLinked":true},"border_color":"#e5e5e5","margin":{"unit":"px","top":"5","right":"5","bottom":"5","left":"5","isLinked":true},"padding":{"unit":"px","top":"55","right":"55","bottom":"55","left":"55","isLinked":true},"margin_mobile":{"unit":"px","top":"15","right":"0","bottom":"0","left":"0","isLinked":false},"padding_tablet":{"unit":"px","top":"25","right":"25","bottom":"25","left":"25","isLinked":true},"padding_mobile":{"unit":"px","top":"15","right":"15","bottom":"15","left":"15","isLinked":true},"animation":"fadeInUp","animation_delay":200},"elements":[{"id":"10e869e5","settings":{"starting_number":1,"ending_number":85,"suffix":"%","title":"BETTER CAMERA","number_color":"#c9c9c9","typography_number_typography":"custom","typography_number_font_size":{"unit":"px","size":66},"typography_number_font_weight":"100","title_color":"#000000","typography_title_typography":"custom","typography_title_font_size":{"unit":"px","size":12},"typography_title_font_weight":"600","typography_title_text_transform":"uppercase","typography_title_letter_spacing":{"unit":"px","size":5},"typography_number_font_size_tablet":{"unit":"px","size":75},"typography_title_letter_spacing_tablet":{"unit":"px","size":2}},"elements":[],"isInner":false,"widgetType":"counter","elType":"widget"},{"id":"154f38b4","settings":{"editor":"<p>I am text block. Click edit button to change this text.\u00a0<\/p>","align":"center","text_color":"#000000","typography_typography":"custom","typography_font_size":{"unit":"px","size":15},"typography_font_weight":"300","typography_line_height":{"unit":"em","size":1.8}},"elements":[],"isInner":false,"widgetType":"text-editor","elType":"widget"}],"isInner":true,"elType":"column"}],"isInner":true,"elType":"section"}],"isInner":false,"elType":"column"}],"isInner":false,"elType":"section"},{"id":"6de3f62d","settings":{"background_background":"classic","background_color":"#0c0b0b","padding":{"unit":"px","top":"150","right":"0","bottom":"150","left":"0","isLinked":false},"content_width":{"unit":"px","size":1200,"sizes":[]},"background_image":{"id":"341","url":"http:\/\/elementor.wpsoul.com\/wp-content\/uploads\/2019\/06\/explode.jpg"},"background_position":"center center","background_attachment":"fixed","background_repeat":"no-repeat","shape_divider_top":"triangle","shape_divider_top_width":{"unit":"%","size":100,"sizes":[]},"shape_divider_top_height":{"unit":"px","size":50,"sizes":[]},"rh_parallax_bg_speed":20},"elements":[{"id":"506fa693","settings":{"_column_size":100},"elements":[{"id":"1a0e14b3","settings":{"title":"Life Doesn\u2019t Wait, Neither Should You","align":"center","title_color":"#ffffff","typography_typography":"custom","typography_font_size":{"unit":"px","size":42,"sizes":[]},"_animation":"fadeInUp"},"elements":[],"isInner":false,"widgetType":"heading","elType":"widget"},{"id":"3055a62a","settings":{"title":"Action OS is an extremely fast interactive system that combines an efficient, <br>streamlined UI with three accessible buttons to provide rapid, flexible operation. <br>Powering on, recording, and setting modes can all be done in the blink of an eye.\n\n","header_size":"div","align":"center","title_color":"#fff9db","typography_typography":"custom","typography_line_height":{"unit":"em","size":1.5,"sizes":[]},"_animation":"fadeInUp"},"elements":[],"isInner":false,"widgetType":"heading","elType":"widget"},{"id":"519382bb","settings":{"space":{"unit":"px","size":90,"sizes":[]}},"elements":[],"isInner":false,"widgetType":"spacer","elType":"widget"},{"id":"2e91fef1","settings":{"structure":"30"},"elements":[{"id":"7bfb2c85","settings":{"_column_size":33,"_inline_size":null},"elements":[{"id":"1644605b","settings":{"title":"DESIGN","header_size":"h5","title_color":"#ffffff","typography_typography":"custom","typography_font_size":{"unit":"px","size":25,"sizes":[]},"_margin":{"unit":"px","top":"0","right":"15","bottom":"0","left":"0","isLinked":false},"_element_width":"auto"},"elements":[],"isInner":false,"widgetType":"heading","elType":"widget"},{"id":"241ee4f2","settings":{"color":"#ffffff","width":{"unit":"px","size":80,"sizes":[]},"gap":{"unit":"px","size":14,"sizes":[]},"_element_width":"auto"},"elements":[],"isInner":false,"widgetType":"divider","elType":"widget"},{"id":"6746d2cf","settings":{"title":"Lorem Ipsum Sit Dolores Acvarius Amendies temporadus memorandumus tracideum","header_size":"div","title_color":"#8c8c8c","typography_typography":"custom","typography_line_height":{"unit":"em","size":1.5,"sizes":[]},"_margin":{"unit":"px","top":"15","right":"0","bottom":"0","left":"0","isLinked":false}},"elements":[],"isInner":false,"widgetType":"heading","elType":"widget"},{"id":"73b42271","settings":[],"elements":[],"isInner":false,"widgetType":"spacer","elType":"widget"},{"id":"7b3c1d7","settings":{"title":"FUNCTIONS","header_size":"h5","title_color":"#ffffff","typography_typography":"custom","typography_font_size":{"unit":"px","size":25,"sizes":[]},"_margin":{"unit":"px","top":"0","right":"15","bottom":"0","left":"0","isLinked":false},"_element_width":"auto"},"elements":[],"isInner":false,"widgetType":"heading","elType":"widget"},{"id":"5061aaf8","settings":{"color":"#ffffff","width":{"unit":"px","size":80,"sizes":[]},"gap":{"unit":"px","size":14,"sizes":[]},"_element_width":"auto"},"elements":[],"isInner":false,"widgetType":"divider","elType":"widget"},{"id":"3db42310","settings":{"title":"Lorem Ipsum Sit Dolores Acvarius Amendies temporadus memorandumus tracideum","header_size":"div","title_color":"#8c8c8c","typography_typography":"custom","typography_line_height":{"unit":"em","size":1.5,"sizes":[]},"_margin":{"unit":"px","top":"15","right":"0","bottom":"0","left":"0","isLinked":false}},"elements":[],"isInner":false,"widgetType":"heading","elType":"widget"}],"isInner":true,"elType":"column"},{"id":"155a7ff4","settings":{"_column_size":33,"_inline_size":null},"elements":[{"id":"6e92e8df","settings":{"image":{"id":"358","url":"http:\/\/elementor.wpsoul.com\/wp-content\/uploads\/2019\/06\/djipng.png"},"image_size":"full","rh_infinite_rotate":"infinite","rh_infinite_speed":"25"},"elements":[],"isInner":false,"widgetType":"image","elType":"widget"}],"isInner":true,"elType":"column"},{"id":"522d3cea","settings":{"_column_size":33,"_inline_size":null,"align":"flex-end"},"elements":[{"id":"7d547694","settings":{"color":"#ffffff","width":{"unit":"px","size":80,"sizes":[]},"gap":{"unit":"px","size":14,"sizes":[]},"_element_width":"auto"},"elements":[],"isInner":false,"widgetType":"divider","elType":"widget"},{"id":"31577b0b","settings":{"title":"SUPPORT","header_size":"h5","title_color":"#ffffff","typography_typography":"custom","typography_font_size":{"unit":"px","size":25,"sizes":[]},"_margin":{"unit":"px","top":"0","right":"0","bottom":"0","left":"15","isLinked":false},"_element_width":"auto"},"elements":[],"isInner":false,"widgetType":"heading","elType":"widget"},{"id":"7102de18","settings":{"title":"Lorem Ipsum Sit Dolores Acvarius Amendies temporadus memorandumus tracideum","header_size":"div","align":"right","title_color":"#8c8c8c","typography_typography":"custom","typography_line_height":{"unit":"em","size":1.5,"sizes":[]},"_margin":{"unit":"px","top":"15","right":"0","bottom":"0","left":"0","isLinked":false}},"elements":[],"isInner":false,"widgetType":"heading","elType":"widget"},{"id":"74fc64fd","settings":[],"elements":[],"isInner":false,"widgetType":"spacer","elType":"widget"},{"id":"8ea16b8","settings":{"color":"#ffffff","width":{"unit":"px","size":80,"sizes":[]},"gap":{"unit":"px","size":14,"sizes":[]},"_element_width":"auto"},"elements":[],"isInner":false,"widgetType":"divider","elType":"widget"},{"id":"7b6f126a","settings":{"title":"BATTERY","header_size":"h5","title_color":"#ffffff","typography_typography":"custom","typography_font_size":{"unit":"px","size":25,"sizes":[]},"_margin":{"unit":"px","top":"0","right":"0","bottom":"0","left":"15","isLinked":false},"_element_width":"auto"},"elements":[],"isInner":false,"widgetType":"heading","elType":"widget"},{"id":"506a203e","settings":{"title":"Lorem Ipsum Sit Dolores Acvarius Amendies temporadus memorandumus tracideum","header_size":"div","align":"right","title_color":"#8c8c8c","typography_typography":"custom","typography_line_height":{"unit":"em","size":1.5,"sizes":[]},"_margin":{"unit":"px","top":"15","right":"0","bottom":"0","left":"0","isLinked":false}},"elements":[],"isInner":false,"widgetType":"heading","elType":"widget"}],"isInner":true,"elType":"column"}],"isInner":true,"elType":"section"}],"isInner":false,"elType":"column"}],"isInner":false,"elType":"section"}]}