{"version":"0.4","title":"Featured Circles","type":"section","content":[{"id":"89c1a68","settings":{"gap":"wide","content_position":"middle","structure":"20","background_background":"classic","background_color":"#F3F5FF","padding":{"unit":"px","top":"100","right":"0","bottom":"100","left":"0","isLinked":false},"_element_id":"circlesvganimation"},"elements":[{"id":"59870a86","settings":{"_column_size":50,"_inline_size":null,"space_between_widgets":30},"elements":[{"id":"5f0aba75","settings":{"title":"WE CREATED SPECIAL SITE WHERE YOU CAN GET","header_size":"div","title_color":"#7635F3","typography_typography":"custom","typography_font_weight":"bold","typography_text_transform":"uppercase","rh_gsap":"true","rh_gsap_y":15,"rh_gsap_rx":90,"rh_gsap_opacity":1,"rh_gsap_origin":"bottom","rh_gsap_from":"yes","rh_gsap_sc_tr":66},"elements":[],"isInner":false,"widgetType":"heading","elType":"widget"},{"id":"5621317f","settings":{"title":"<b>Best reviews, media, video<\/b>, <br>Comparisons and News","header_size":"div","typography_typography":"custom","typography_font_size":{"unit":"px","size":40,"sizes":[]},"typography_line_height":{"unit":"em","size":1.3000000000000000444089209850062616169452667236328125,"sizes":[]},"rh_gsap":"true","rh_gsap_y":20,"rh_gsap_rx":-40,"rh_gsap_opacity":1,"rh_gsap_origin":"bottom","rh_gsap_st_type":"text","rh_gsap_text":"lines","rh_gsap_from":"yes","rh_gsap_sc_tr":66},"elements":[],"isInner":false,"widgetType":"heading","elType":"widget"},{"id":"677af444","settings":{"title":"Health and wellness are important aspects that many of us spend a lot of time thinking about. Many people think of health and wellness and think only of diet and exercise","header_size":"div","typography_typography":"custom","typography_line_height":{"unit":"em","size":1.5,"sizes":[]},"rh_gsap":"true","rh_gsap_y":20,"rh_gsap_rx":-40,"rh_gsap_opacity":1,"rh_gsap_origin":"bottom","rh_gsap_st_type":"text","rh_gsap_text":"lines","rh_gsap_from":"yes"},"elements":[],"isInner":false,"widgetType":"heading","elType":"widget"},{"id":"ac30fdd","settings":{"text":"Register","size":"md","typography_typography":"custom","typography_font_size":{"unit":"px","size":20,"sizes":[]},"background_color":"#7635F3","hover_animation":"grow","_css_classes":"act-rehub-login-popup","rh_gsap":"true","rh_gsap_y":20,"rh_gsap_opacity":1,"rh_gsap_from":"yes","rh_gsap_sc_tr":75},"elements":[],"isInner":false,"widgetType":"button","elType":"widget"}],"isInner":false,"elType":"column"},{"id":"3dd94dbd","settings":{"_column_size":50,"_inline_size":null,"align":"center"},"elements":[{"id":"49a85756","settings":{"ending_number":3,"suffix":"K","title":"Articles","number_color":"#F9A61C","typography_number_typography":"custom","typography_number_font_size":{"unit":"px","size":33,"sizes":[]},"typography_number_line_height":{"unit":"em","size":1.1999999999999999555910790149937383830547332763671875,"sizes":[]},"typography_title_typography":"custom","typography_title_font_size":{"unit":"px","size":15,"sizes":[]},"typography_title_line_height":{"unit":"em","size":1,"sizes":[]},"_z_index":2,"_css_classes":"animatedcircles","animation_duration":"fast","_animation_delay":2,"_background_background":"classic","_background_color":"#FFFFFF","_border_radius":{"unit":"%","top":"50","right":"50","bottom":"50","left":"50","isLinked":true},"_box_shadow_box_shadow_type":"yes","_box_shadow_box_shadow":{"horizontal":0,"vertical":0,"blur":22,"spread":0,"color":"rgba(0, 0, 0, 0.03)"},"_element_width":"auto","_position":"absolute","_offset_orientation_h":"end","_offset_x":{"unit":"%","size":"","sizes":[]},"_offset_x_end":{"size":8,"unit":"px"},"_offset_y":{"size":125,"unit":"px"},"rh_parallax_circle":135},"elements":[],"isInner":false,"widgetType":"counter","elType":"widget"},{"id":"18470587","settings":{"suffix":"k","title":"Active Users","number_color":"#7635F3","typography_number_typography":"custom","typography_number_font_size":{"unit":"px","size":33,"sizes":[]},"typography_number_line_height":{"unit":"em","size":1.1999999999999999555910790149937383830547332763671875,"sizes":[]},"typography_title_typography":"custom","typography_title_font_size":{"unit":"px","size":15,"sizes":[]},"typography_title_line_height":{"unit":"em","size":1,"sizes":[]},"_z_index":2,"_css_classes":"animatedcircles","animation_duration":"fast","_animation_delay":1.5,"_background_background":"classic","_background_color":"#FFFFFF","_border_radius":{"unit":"%","top":"50","right":"50","bottom":"50","left":"50","isLinked":true},"_box_shadow_box_shadow_type":"yes","_box_shadow_box_shadow":{"horizontal":0,"vertical":0,"blur":22,"spread":0,"color":"rgba(0, 0, 0, 0.03)"},"_element_width":"auto","_position":"absolute","_offset_x":{"size":39.731999999999999317878973670303821563720703125,"unit":"%"},"_offset_y":{"size":-12,"unit":"px"},"rh_parallax_circle":135,"rh_gsap":"true","rh_gsap_scale":0.299999999999999988897769753748434595763683319091796875,"rh_gsap_opacity":1,"rh_gsap_st_type":"class","rh_gsap_stagger":"animatedcircles","rh_gsap_stdelay":0.299999999999999988897769753748434595763683319091796875,"rh_gsap_from":"yes"},"elements":[],"isInner":false,"widgetType":"counter","elType":"widget"},{"id":"bcad70b","settings":{"ending_number":90,"prefix":">","title":"Authors","number_color":"#23A455","typography_number_typography":"custom","typography_number_font_size":{"unit":"px","size":33,"sizes":[]},"typography_number_line_height":{"unit":"em","size":1.1999999999999999555910790149937383830547332763671875,"sizes":[]},"typography_title_typography":"custom","typography_title_font_size":{"unit":"px","size":15,"sizes":[]},"typography_title_line_height":{"unit":"em","size":1,"sizes":[]},"_z_index":2,"_css_classes":"animatedcircles","animation_duration":"fast","_animation_delay":2.5,"_background_background":"classic","_background_color":"#FFFFFF","_border_radius":{"unit":"%","top":"50","right":"50","bottom":"50","left":"50","isLinked":true},"_box_shadow_box_shadow_type":"yes","_box_shadow_box_shadow":{"horizontal":0,"vertical":0,"blur":22,"spread":0,"color":"rgba(0, 0, 0, 0.03)"},"_element_width":"auto","_position":"absolute","_offset_x":{"size":59.018000000000000682121026329696178436279296875,"unit":"%"},"_offset_orientation_v":"end","_offset_y":{"unit":"px","size":-55,"sizes":[]},"_offset_y_end":{"size":58,"unit":"px"},"rh_parallax_circle":135},"elements":[],"isInner":false,"widgetType":"counter","elType":"widget"},{"id":"7ced6852","settings":{"ending_number":2000,"prefix":">","title":"Reviews","number_color":"#FF4911","typography_number_typography":"custom","typography_number_font_size":{"unit":"px","size":33,"sizes":[]},"typography_number_line_height":{"unit":"em","size":1.1999999999999999555910790149937383830547332763671875,"sizes":[]},"typography_title_typography":"custom","typography_title_font_size":{"unit":"px","size":15,"sizes":[]},"typography_title_line_height":{"unit":"em","size":1,"sizes":[]},"_z_index":2,"_css_classes":"animatedcircles","animation_duration":"fast","_animation_delay":1,"_background_background":"classic","_background_color":"#FFFFFF","_border_radius":{"unit":"%","top":"50","right":"50","bottom":"50","left":"50","isLinked":true},"_box_shadow_box_shadow_type":"yes","_box_shadow_box_shadow":{"horizontal":0,"vertical":0,"blur":22,"spread":0,"color":"rgba(0, 0, 0, 0.03)"},"_element_width":"auto","_position":"absolute","_offset_x":{"size":6.4290000000000002700062395888380706310272216796875,"unit":"%"},"_offset_y":{"size":227,"unit":"px"},"_offset_y_end":{"unit":"px","size":-55,"sizes":[]},"rh_parallax_circle":135,"rh_gsap_scale":0.5,"rh_gsap_opacity":1,"rh_gsap_from":"yes"},"elements":[],"isInner":false,"widgetType":"counter","elType":"widget"},{"id":"14c3889c","settings":{"html":"<svg width=\"500\" height=\"500\">\n<circle cx=\"250\" cy=\"250\" r=\"210\" fill=\"transparent\" stroke=\"#ddd\" stroke-width=\"1\"\/>\n<\/svg>","_border_border":"solid","_border_radius":{"unit":"%","top":"","right":"","bottom":"","left":"","isLinked":true},"_element_width":"auto","rh_gsap":"true","rh_gsap_scale":0.5,"rh_gsap_origin":"center center","rh_gsap_st_type":"svg","rh_gsap_from":"yes"},"elements":[],"isInner":false,"widgetType":"html","elType":"widget"},{"id":"2c0c3ac0","settings":{"html":"<svg width=\"500\" height=\"500\">\n<circle cx=\"250\" cy=\"250\" r=\"170\" fill=\"transparent\" stroke=\"#ddd\" stroke-width=\"1\"\/>\n<\/svg>","_z_index":1,"_border_border":"solid","_border_radius":{"unit":"%","top":"","right":"","bottom":"","left":"","isLinked":true},"_element_width":"auto","_position":"absolute","_offset_x":{"unit":"px","size":33,"sizes":[]},"_offset_y":{"unit":"px","size":0,"sizes":[]},"rh_gsap":"true","rh_gsap_scale":0.5,"rh_gsap_origin":"center center","rh_gsap_st_type":"svg","rh_gsap_delay":0.200000000000000011102230246251565404236316680908203125,"rh_gsap_from":"yes"},"elements":[],"isInner":false,"widgetType":"html","elType":"widget"},{"id":"1d5f6417","settings":{"html":"<svg width=\"500\" height=\"500\">\n<circle cx=\"250\" cy=\"250\" r=\"130\" fill=\"transparent\" stroke=\"#ddd\" stroke-width=\"1\"\/>\n<\/svg>","_z_index":1,"_border_border":"solid","_border_radius":{"unit":"%","top":"","right":"","bottom":"","left":"","isLinked":true},"_element_width":"auto","_position":"absolute","_offset_x":{"unit":"px","size":33,"sizes":[]},"_offset_y":{"unit":"px","size":0,"sizes":[]},"rh_gsap":"true","rh_gsap_scale":0.5,"rh_gsap_origin":"center center","rh_gsap_st_type":"svg","rh_gsap_delay":0.40000000000000002220446049250313080847263336181640625,"rh_gsap_from":"yes"},"elements":[],"isInner":false,"widgetType":"html","elType":"widget"},{"id":"796490bd","settings":{"html":"<svg width=\"500\" height=\"500\">\n<circle cx=\"250\" cy=\"250\" r=\"90\" fill=\"transparent\" stroke=\"#ddd\" stroke-width=\"1\"\/>\n<\/svg>","_z_index":1,"_border_border":"solid","_border_radius":{"unit":"%","top":"","right":"","bottom":"","left":"","isLinked":true},"_element_width":"auto","_position":"absolute","_offset_x":{"unit":"px","size":33,"sizes":[]},"_offset_y":{"unit":"px","size":0,"sizes":[]},"rh_gsap":"true","rh_gsap_scale":0.5,"rh_gsap_origin":"center center","rh_gsap_st_type":"svg","rh_gsap_delay":0.59999999999999997779553950749686919152736663818359375,"rh_gsap_from":"yes"},"elements":[],"isInner":false,"widgetType":"html","elType":"widget"},{"id":"15018ac5","settings":{"html":"<svg width=\"500\" height=\"500\">\n<circle cx=\"250\" cy=\"250\" r=\"50\" fill=\"transparent\" stroke=\"#ddd\" stroke-width=\"1\"\/>\n<\/svg>","_z_index":1,"_border_border":"solid","_border_radius":{"unit":"%","top":"","right":"","bottom":"","left":"","isLinked":true},"_element_width":"auto","_position":"absolute","_offset_x":{"unit":"px","size":33,"sizes":[]},"_offset_y":{"unit":"px","size":0,"sizes":[]},"rh_gsap":"true","rh_gsap_scale":0.5,"rh_gsap_origin":"center center","rh_gsap_st_type":"svg","rh_gsap_delay":0.8000000000000000444089209850062616169452667236328125,"rh_gsap_from":"yes"},"elements":[],"isInner":false,"widgetType":"html","elType":"widget"}],"isInner":false,"elType":"column"}],"isInner":false,"elType":"section"}]}