{"version":"0.4","title":"Home Page Review","type":"page","content":[{"id":"dd600e","settings":{"content_position":"middle","structure":"21","background_background":"classic","background_color":"#EDF0FE","background_color_b":"#296BEF33","shape_divider_bottom":"waves","shape_divider_bottom_color":"#FFFFFF","shape_divider_bottom_width":{"unit":"%","size":115,"sizes":[]},"shape_divider_bottom_height":{"unit":"px","size":57,"sizes":[]},"shape_divider_bottom_flip":"yes","shape_divider_bottom_negative":"yes","gap":"wider","padding":{"unit":"px","top":"50","right":"0","bottom":"150","left":"0","isLinked":false},"margin":{"unit":"px","top":"0","right":0,"bottom":"120","left":0,"isLinked":false},"margin_tablet":{"unit":"px","top":"0","right":0,"bottom":"0","left":0,"isLinked":true},"padding_tablet":{"unit":"px","top":"0","right":"0","bottom":"0","left":"0","isLinked":false},"background_image":{"url":"https:\/\/reviewit.wpsoul.net\/wp-content\/uploads\/2020\/11\/bgmints.png","id":1065},"background_position":"bottom left","background_position_tablet":"initial","background_position_mobile":"top center","background_ypos":{"unit":"px","size":344,"sizes":[]},"background_ypos_tablet":{"unit":"px","size":210,"sizes":[]},"background_repeat":"no-repeat"},"elements":[{"id":"1ebc2294","settings":{"_column_size":33,"_inline_size":null,"space_between_widgets":0,"padding":{"unit":"px","top":"50","right":"0","bottom":"0","left":"0","isLinked":false},"_inline_size_tablet":50,"padding_tablet":{"unit":"px","top":"15","right":"0","bottom":"15","left":"15","isLinked":false}},"elements":[{"id":"69643677","settings":{"title":"Choose From<br>The  Best","typography_typography":"custom","typography_font_size":{"unit":"px","size":55,"sizes":[]},"rh_gsap_multi":[],"typography_font_size_mobile":{"unit":"px","size":40,"sizes":[]},"title_color":"#262578","typography_font_size_tablet":{"unit":"px","size":40,"sizes":[]},"animation_duration":"slow","rh_gsap_y":20,"rh_gsap_rx":-30,"rh_gsap_opacity":1,"rh_gsap_trigger_type":"load","rh_gsap_st_type":"text","rh_gsap_text":"lines","rh_gsap":"true","rh_gsap_duration":0.6999999999999999555910790149937383830547332763671875},"elements":[],"isInner":false,"widgetType":"heading","elType":"widget"},{"id":"662d106a","settings":{"width":{"unit":"px","size":225,"sizes":[]},"text":"Divider","color":"#EA0020","weight":{"unit":"px","size":7,"sizes":[]},"gap":{"unit":"px","size":2,"sizes":[]},"rh_gsap_multi":[],"width_tablet":{"unit":"%","size":49,"sizes":[]},"rh_gsap":"true","rh_gsap_width":"1","rh_gsap_duration":2,"rh_gsap_delay":1,"rh_gsap_trigger_type":"load","_css_classes":"prehidden"},"elements":[],"isInner":false,"widgetType":"divider","elType":"widget"},{"id":"6c166b79","settings":{"title":"Reviewly lists for products and services to help<br>you get through these challenging times","header_size":"div","typography_typography":"custom","typography_font_size":{"unit":"px","size":17,"sizes":[]},"typography_line_height":{"unit":"em","size":1.399999999999999911182158029987476766109466552734375,"sizes":[]},"_margin":{"unit":"px","top":"24","right":"0","bottom":"0","left":"0","isLinked":false},"rh_gsap_multi":[],"typography_font_size_tablet":{"unit":"px","size":15,"sizes":[]},"animation_duration":"slow","_animation_delay":300,"rh_gsap":"true","rh_gsap_y":15,"rh_gsap_rx":-30,"rh_gsap_opacity":1,"rh_gsap_duration":0.59999999999999997779553950749686919152736663818359375,"rh_gsap_delay":0.40000000000000002220446049250313080847263336181640625,"rh_gsap_trigger_type":"load","rh_gsap_st_type":"text","rh_gsap_text":"lines"},"elements":[],"isInner":false,"widgetType":"heading","elType":"widget"},{"id":"6b814a9e","settings":{"placeholder":"Search Product","label":"Search Now","rh_gsap_multi":[],"_margin":{"unit":"px","top":"45","right":"0","bottom":"0","left":"0","isLinked":false},"_animation_delay":600,"rh_gsap":"true","rh_gsap_y":15,"rh_gsap_opacity":1,"rh_gsap_duration":0.59999999999999997779553950749686919152736663818359375,"rh_gsap_delay":0.59999999999999997779553950749686919152736663818359375,"rh_gsap_trigger_type":"load"},"elements":[],"isInner":false,"widgetType":"wpsm_searchbox","elType":"widget"},{"id":"41a2ee81","settings":{"html":"<div class=\"rhhidden customcsshere\"><\/div>","rh_css":".custom_search_box form{display:flex!important;overflow:visible;}\n.custom_search_box.flat_style_form input[type=\"text\"]{width:auto;padding-right:20px;margin-right:10px;box-shadow: 0px 1px 2px 0px rgba(1, 0, 138, 0.16); background:white; border-radius:3px;font-size:14px;}\n.custom_search_box.flat_style_form button[type=\"submit\"]{position:static; width:150px;height:50px;box-shadow: 1px 20px 11px -6px #CEDFFF !important;font-weight:normal; font-size:15px !important;padding:0;border-radius:3px !important;margin: 0 !important;} ","rh_gsap_multi":[]},"elements":[],"isInner":false,"widgetType":"html","elType":"widget"}],"isInner":false,"elType":"column"},{"id":"21a79cdb","settings":{"_column_size":66,"_inline_size":null,"_inline_size_tablet":50,"padding_tablet":{"unit":"px","top":"10","right":"10","bottom":"10","left":"10","isLinked":true}},"elements":[{"id":"3f9f956","settings":{"space":{"unit":"px","size":290,"sizes":[]},"rh_gsap_multi":[]},"elements":[],"isInner":false,"widgetType":"spacer","elType":"widget"},{"id":"eeb267e","settings":{"speed":1,"tp_bm_link_url":"#","_margin":{"unit":"px","top":"0","right":"0","bottom":"0","left":"25","isLinked":false},"_position":"absolute","rh_gsap_multi":[],"_offset_y":{"size":24,"unit":"px"},"max_width":{"unit":"%","size":103,"sizes":[]},"_offset_orientation_h":"end","_offset_x_end":{"size":-40,"unit":"px"},"max_width_tablet":{"unit":"%","size":105,"sizes":[]},"_offset_x_end_tablet":{"size":2,"unit":"px"},"_offset_y_tablet":{"size":112,"unit":"px"},"json_code_url":"url","content_parse_json_url":{"url":"https:\/\/assets4.lottiefiles.com\/private_files\/lf30_nlhswxdd.json","is_external":"","nofollow":"","custom_attributes":""}},"elements":[],"isInner":false,"widgetType":"rh_lottie","elType":"widget"},{"id":"22b5aa22","settings":{"image":{"url":"https:\/\/reviewit.wpsoul.net\/wp-content\/uploads\/2020\/10\/bullhorn.png","id":845},"image_size":"full","_element_width":"auto","_position":"absolute","_offset_x":{"size":178,"unit":"px"},"_offset_y":{"size":87,"unit":"px"},"rh_gsap_multi":[],"rh_gsap":"true","rh_gsap_x":20,"rh_gsap_y":20,"rh_gsap_r":20,"rh_gsap_opacity":1,"rh_gsap_delay":2.399999999999999911182158029987476766109466552734375,"rh_gsap_ease":"back-out","rh_gsap_trigger_type":"load","rh_parallax_circle":100,"rh_gsap_origin":"bottom","_offset_x_tablet":{"size":24,"unit":"px"},"_offset_y_tablet":{"size":11,"unit":"px"},"rh_parallax_el_strength":30,"rh_parallax_el_dir":""},"elements":[],"isInner":false,"widgetType":"image","elType":"widget"},{"id":"6f7492fc","settings":{"image":{"url":"https:\/\/reviewit.wpsoul.net\/wp-content\/uploads\/2020\/10\/magnify.png","id":846},"image_size":"full","_element_width":"auto","_position":"absolute","_offset_x":{"size":621,"unit":"px"},"_offset_y":{"size":-21,"unit":"px"},"rh_gsap_multi":[],"rh_gsap":"true","rh_gsap_x":-20,"rh_gsap_y":20,"rh_gsap_r":-40,"rh_gsap_opacity":1,"rh_gsap_delay":1.3000000000000000444089209850062616169452667236328125,"rh_gsap_ease":"back-out","rh_gsap_trigger_type":"load","rh_gsap_origin":"bottom","rh_gsap_infinite":"yes","_offset_x_tablet":{"size":241,"unit":"px"},"_offset_y_tablet":{"size":1,"unit":"px"},"rh_parallax_el":"true","rh_parallax_el_strength":190,"_offset_orientation_h":"end","_offset_x_end":{"unit":"px","size":-151.400000000000005684341886080801486968994140625,"sizes":[]}},"elements":[],"isInner":false,"widgetType":"image","elType":"widget"}],"isInner":false,"elType":"column"}],"isInner":false,"elType":"section"},{"id":"603c0d26","settings":{"margin":{"unit":"px","top":"70","right":0,"bottom":"0","left":0,"isLinked":false}},"elements":[{"id":"4b8ffb2a","settings":{"_column_size":100,"_inline_size":null,"align":"center","space_between_widgets":5},"elements":[{"id":"7cb8ba86","settings":{"title":"Trusted by More Than 100,000+ Contractors","header_size":"div","align":"center","rh_gsap_multi":[],"__globals__":{"typography_typography":""},"typography_typography":"custom","typography_font_size":{"unit":"px","size":25,"sizes":[]},"typography_font_weight":"bold","_margin":{"unit":"px","top":"0","right":"0","bottom":"0","left":"0","isLinked":false},"title_color":"#262578"},"elements":[],"isInner":false,"widgetType":"heading","elType":"widget"},{"id":"7b96f564","settings":{"width":{"unit":"px","size":240,"sizes":[]},"text":"Divider","color":"#EA0020","weight":{"unit":"px","size":2,"sizes":[]},"gap":{"unit":"px","size":2,"sizes":[]},"rh_gsap_multi":[],"width_tablet":{"unit":"%","size":49,"sizes":[]},"rh_gsap":"true","rh_gsap_width":"1","rh_gsap_duration":2,"align":"center","pattern_height":{"unit":"px","size":11.199999999999999289457264239899814128875732421875,"sizes":[]},"pattern_size":{"unit":"px","size":15.9000000000000003552713678800500929355621337890625,"sizes":[]},"_margin":{"unit":"px","top":"0","right":"0","bottom":"25","left":"0","isLinked":false},"_element_width":"auto","rh_gsap_delay":2.29999999999999982236431605997495353221893310546875,"rh_gsap_trigger_type":"load"},"elements":[],"isInner":false,"widgetType":"divider","elType":"widget"},{"id":"dc57e4b","settings":{"structure":"60","margin":{"unit":"px","top":"20","right":0,"bottom":"60","left":0,"isLinked":false}},"elements":[{"id":"6f1a82ff","settings":{"_column_size":16,"_inline_size":null},"elements":[{"id":"328c28f2","settings":{"image":{"id":855,"url":"https:\/\/reviewit.wpsoul.net\/wp-content\/uploads\/2020\/10\/worklogo.png"},"title_text":"","description_text":"","image_space":{"unit":"px","size":6,"sizes":[]},"image_size":{"unit":"%","size":100,"sizes":[]},"title_color":"#023571","title_typography_typography":"custom","title_typography_font_size":{"unit":"px","size":16,"sizes":[]},"title_typography_line_height":{"unit":"px","size":20,"sizes":[]},"_padding":{"unit":"px","top":"20","right":"0","bottom":"10","left":"0","isLinked":false},"_border_border":"solid","_border_width":{"unit":"px","top":"1","right":"1","bottom":"1","left":"1","isLinked":true},"_border_color":"#CEDFFF","_border_radius":{"unit":"px","top":"5","right":"5","bottom":"5","left":"5","isLinked":true},"_box_shadow_box_shadow_type":"yes","_box_shadow_box_shadow":{"horizontal":0,"vertical":0,"blur":10,"spread":0,"color":"#CEDFFF"},"_box_shadow_hover_box_shadow_type":"yes","_box_shadow_hover_box_shadow":{"horizontal":0,"vertical":8,"blur":18,"spread":0,"color":"#CEDFFF"},"rh_gsap_multi":[],"link":{"url":"#","is_external":"","nofollow":"","custom_attributes":""},"title_size":"div","hover_animation":"push","content_vertical_alignment":"bottom","title_bottom_space":{"unit":"px","size":20,"sizes":[]},"title_typography_font_weight":"bold","rh_gsap_y":20,"rh_gsap_opacity":1,"rh_gsap_duration":0.8000000000000000444089209850062616169452667236328125,"rh_gsap_st_type":"no","rh_gsap_stagger":"brandstagger","_css_classes":"brandstagger","rh_gsap_trigger_type":"batch","rh_gsap_trigger_field":"brandstagger"},"elements":[],"isInner":false,"widgetType":"image-box","elType":"widget"}],"isInner":true,"elType":"column"},{"id":"413d2186","settings":{"_column_size":16,"_inline_size":null},"elements":[{"id":"2ad20513","settings":{"image":{"id":857,"url":"https:\/\/reviewit.wpsoul.net\/wp-content\/uploads\/2020\/10\/ubr.png"},"title_text":"","description_text":"","image_space":{"unit":"px","size":8,"sizes":[]},"image_size":{"unit":"%","size":100,"sizes":[]},"title_color":"#023571","title_typography_typography":"custom","title_typography_font_size":{"unit":"px","size":16,"sizes":[]},"title_typography_line_height":{"unit":"px","size":20,"sizes":[]},"_padding":{"unit":"px","top":"20","right":"0","bottom":"10","left":"0","isLinked":false},"_border_border":"solid","_border_width":{"unit":"px","top":"1","right":"1","bottom":"1","left":"1","isLinked":true},"_border_color":"#CEDFFF","_border_radius":{"unit":"px","top":"5","right":"5","bottom":"5","left":"5","isLinked":true},"_box_shadow_box_shadow_type":"yes","_box_shadow_box_shadow":{"horizontal":0,"vertical":0,"blur":10,"spread":0,"color":"#CEDFFF"},"_box_shadow_hover_box_shadow_type":"yes","_box_shadow_hover_box_shadow":{"horizontal":0,"vertical":8,"blur":18,"spread":0,"color":"#CEDFFF"},"rh_gsap_multi":[],"link":{"url":"#","is_external":"","nofollow":"","custom_attributes":""},"hover_animation":"push","content_vertical_alignment":"bottom","title_bottom_space":{"unit":"px","size":20,"sizes":[]},"title_typography_font_weight":"bold","_css_classes":"brandstagger"},"elements":[],"isInner":false,"widgetType":"image-box","elType":"widget"}],"isInner":true,"elType":"column"},{"id":"45322e64","settings":{"_column_size":16,"_inline_size":null},"elements":[{"id":"34ee3387","settings":{"image":{"id":859,"url":"https:\/\/reviewit.wpsoul.net\/wp-content\/uploads\/2020\/10\/syk.png"},"title_text":"","description_text":"","image_space":{"unit":"px","size":6,"sizes":[]},"image_size":{"unit":"%","size":100,"sizes":[]},"title_color":"#023571","title_typography_typography":"custom","title_typography_font_size":{"unit":"px","size":16,"sizes":[]},"title_typography_line_height":{"unit":"px","size":20,"sizes":[]},"_padding":{"unit":"px","top":"20","right":"0","bottom":"10","left":"0","isLinked":false},"_border_border":"solid","_border_width":{"unit":"px","top":"1","right":"1","bottom":"1","left":"1","isLinked":true},"_border_color":"#CEDFFF","_border_radius":{"unit":"px","top":"5","right":"5","bottom":"5","left":"5","isLinked":true},"_box_shadow_box_shadow_type":"yes","_box_shadow_box_shadow":{"horizontal":0,"vertical":0,"blur":10,"spread":0,"color":"#CEDFFF"},"_box_shadow_hover_box_shadow_type":"yes","_box_shadow_hover_box_shadow":{"horizontal":0,"vertical":8,"blur":18,"spread":0,"color":"#CEDFFF"},"rh_gsap_multi":[],"link":{"url":"#","is_external":"","nofollow":"","custom_attributes":""},"hover_animation":"push","content_vertical_alignment":"bottom","title_bottom_space":{"unit":"px","size":20,"sizes":[]},"title_typography_font_weight":"bold","_css_classes":"brandstagger"},"elements":[],"isInner":false,"widgetType":"image-box","elType":"widget"}],"isInner":true,"elType":"column"},{"id":"6d5c9746","settings":{"_column_size":16,"_inline_size":null},"elements":[{"id":"26834a32","settings":{"image":{"id":858,"url":"https:\/\/reviewit.wpsoul.net\/wp-content\/uploads\/2020\/10\/lyf.png"},"title_text":"","description_text":"","image_space":{"unit":"px","size":0,"sizes":[]},"image_size":{"unit":"%","size":100,"sizes":[]},"title_color":"#023571","title_typography_typography":"custom","title_typography_font_size":{"unit":"px","size":16,"sizes":[]},"title_typography_line_height":{"unit":"px","size":20,"sizes":[]},"_padding":{"unit":"px","top":"20","right":"0","bottom":"10","left":"0","isLinked":false},"_border_border":"solid","_border_width":{"unit":"px","top":"1","right":"1","bottom":"1","left":"1","isLinked":true},"_border_color":"#CEDFFF","_border_radius":{"unit":"px","top":"5","right":"5","bottom":"5","left":"5","isLinked":true},"_box_shadow_box_shadow_type":"yes","_box_shadow_box_shadow":{"horizontal":0,"vertical":0,"blur":10,"spread":0,"color":"#CEDFFF"},"_box_shadow_hover_box_shadow_type":"yes","_box_shadow_hover_box_shadow":{"horizontal":0,"vertical":8,"blur":18,"spread":0,"color":"#CEDFFF"},"rh_gsap_multi":[],"link":{"url":"#","is_external":"","nofollow":"","custom_attributes":""},"hover_animation":"push","content_vertical_alignment":"bottom","title_bottom_space":{"unit":"px","size":20,"sizes":[]},"title_typography_font_weight":"bold","_css_classes":"brandstagger"},"elements":[],"isInner":false,"widgetType":"image-box","elType":"widget"}],"isInner":true,"elType":"column"},{"id":"54ed22d1","settings":{"_column_size":16,"_inline_size":null},"elements":[{"id":"60417d09","settings":{"image":{"id":861,"url":"https:\/\/reviewit.wpsoul.net\/wp-content\/uploads\/2020\/10\/zap.png"},"title_text":"","description_text":"","image_space":{"unit":"px","size":2,"sizes":[]},"image_size":{"unit":"%","size":100,"sizes":[]},"title_color":"#023571","title_typography_typography":"custom","title_typography_font_size":{"unit":"px","size":16,"sizes":[]},"title_typography_line_height":{"unit":"px","size":20,"sizes":[]},"_padding":{"unit":"px","top":"20","right":"0","bottom":"10","left":"0","isLinked":false},"_border_border":"solid","_border_width":{"unit":"px","top":"1","right":"1","bottom":"1","left":"1","isLinked":true},"_border_color":"#CEDFFF","_border_radius":{"unit":"px","top":"5","right":"5","bottom":"5","left":"5","isLinked":true},"_box_shadow_box_shadow_type":"yes","_box_shadow_box_shadow":{"horizontal":0,"vertical":0,"blur":10,"spread":0,"color":"#CEDFFF"},"_box_shadow_hover_box_shadow_type":"yes","_box_shadow_hover_box_shadow":{"horizontal":0,"vertical":8,"blur":18,"spread":0,"color":"#CEDFFF"},"rh_gsap_multi":[],"link":{"url":"#","is_external":"","nofollow":"","custom_attributes":""},"hover_animation":"push","content_vertical_alignment":"bottom","title_bottom_space":{"unit":"px","size":20,"sizes":[]},"title_typography_font_weight":"bold","_css_classes":"brandstagger"},"elements":[],"isInner":false,"widgetType":"image-box","elType":"widget"}],"isInner":true,"elType":"column"},{"id":"333e98fd","settings":{"_column_size":16,"_inline_size":null},"elements":[{"id":"27a37535","settings":{"image":{"id":862,"url":"https:\/\/reviewit.wpsoul.net\/wp-content\/uploads\/2020\/10\/Mailchimp.png"},"title_text":"","description_text":"","image_space":{"unit":"px","size":0,"sizes":[]},"image_size":{"unit":"%","size":100,"sizes":[]},"title_color":"#023571","title_typography_typography":"custom","title_typography_font_size":{"unit":"px","size":16,"sizes":[]},"title_typography_line_height":{"unit":"px","size":20,"sizes":[]},"_padding":{"unit":"px","top":"20","right":"0","bottom":"10","left":"0","isLinked":false},"_border_border":"solid","_border_width":{"unit":"px","top":"1","right":"1","bottom":"1","left":"1","isLinked":true},"_border_color":"#CEDFFF","_border_radius":{"unit":"px","top":"5","right":"5","bottom":"5","left":"5","isLinked":true},"_box_shadow_box_shadow_type":"yes","_box_shadow_box_shadow":{"horizontal":0,"vertical":0,"blur":10,"spread":0,"color":"#CEDFFF"},"_box_shadow_hover_box_shadow_type":"yes","_box_shadow_hover_box_shadow":{"horizontal":0,"vertical":8,"blur":18,"spread":0,"color":"#CEDFFF"},"rh_gsap_multi":[],"link":{"url":"#","is_external":"","nofollow":"","custom_attributes":""},"hover_animation":"push","content_vertical_alignment":"bottom","title_bottom_space":{"unit":"px","size":20,"sizes":[]},"title_typography_font_weight":"bold","_css_classes":"brandstagger"},"elements":[],"isInner":false,"widgetType":"image-box","elType":"widget"}],"isInner":true,"elType":"column"}],"isInner":true,"elType":"section"},{"id":"3efb8bd7","settings":{"image":{"url":"https:\/\/reviewit.wpsoul.net\/wp-content\/uploads\/2020\/10\/logos.jpg","id":783},"image_size":"full","rh_gsap_multi":[],"_css_classes":"rhhidden"},"elements":[],"isInner":false,"widgetType":"image","elType":"widget"},{"id":"469fb6ba","settings":{"text":"Divider","color":"#E8E8EC","rh_gsap_multi":[],"align":"center","gap":{"unit":"px","size":75,"sizes":[]},"gap_tablet":{"unit":"px","size":50,"sizes":[]}},"elements":[],"isInner":false,"widgetType":"divider","elType":"widget"}],"isInner":false,"elType":"column"}],"isInner":false,"elType":"section"},{"id":"7fd9751a","settings":{"margin":{"unit":"px","top":"0","right":0,"bottom":"50","left":0,"isLinked":false},"margin_tablet":{"unit":"px","top":"0","right":0,"bottom":"0","left":0,"isLinked":true}},"elements":[{"id":"2e33c0cc","settings":{"_column_size":100,"_inline_size":null},"elements":[{"id":"f4abac6","settings":{"title":"Top Review Category","header_size":"div","align":"center","rh_gsap_multi":[],"__globals__":{"typography_typography":""},"title_color":"#296BEF","typography_typography":"custom","typography_font_size":{"unit":"px","size":17,"sizes":[]},"typography_text_transform":"uppercase","typography_font_weight":"bold","animation_duration":"slow","rh_gsap":"true","rh_gsap_y":15,"rh_gsap_rx":-30,"rh_gsap_opacity":1,"rh_gsap_duration":0.5},"elements":[],"isInner":false,"widgetType":"heading","elType":"widget"},{"id":"7ab402a6","settings":{"title":"The Best Product Category","align":"center","typography_typography":"custom","typography_font_size":{"unit":"px","size":36,"sizes":[]},"rh_gsap_multi":[],"title_color":"#262578","animation_duration":"slow","rh_gsap":"true","rh_gsap_y":15,"rh_gsap_rx":-30,"rh_gsap_opacity":1,"rh_gsap_duration":0.5,"rh_gsap_delay":0.299999999999999988897769753748434595763683319091796875,"typography_font_size_mobile":{"unit":"px","size":30,"sizes":[]}},"elements":[],"isInner":false,"widgetType":"heading","elType":"widget"},{"id":"ad41642","settings":{"structure":"60","margin":{"unit":"px","top":"20","right":0,"bottom":"60","left":0,"isLinked":false}},"elements":[{"id":"5c916712","settings":{"_column_size":16,"_inline_size":null},"elements":[{"id":"e95db5e","settings":{"image":{"id":795,"url":"https:\/\/reviewit.wpsoul.net\/wp-content\/uploads\/2020\/10\/badicon.jpg.png"},"title_text":"Bedroom <br>& Kitchen","description_text":"","image_space":{"unit":"px","size":20,"sizes":[]},"image_size":{"unit":"%","size":100,"sizes":[]},"title_color":"#023571","title_typography_typography":"custom","title_typography_font_size":{"unit":"px","size":16,"sizes":[]},"title_typography_line_height":{"unit":"px","size":20,"sizes":[]},"_padding":{"unit":"px","top":"20","right":"0","bottom":"10","left":"0","isLinked":false},"_border_border":"solid","_border_width":{"unit":"px","top":"1","right":"1","bottom":"1","left":"1","isLinked":true},"_border_color":"#CEDFFF","_border_radius":{"unit":"px","top":"5","right":"5","bottom":"5","left":"5","isLinked":true},"_box_shadow_box_shadow_type":"yes","_box_shadow_box_shadow":{"horizontal":0,"vertical":0,"blur":10,"spread":0,"color":"#CEDFFF"},"_box_shadow_hover_box_shadow_type":"yes","_box_shadow_hover_box_shadow":{"horizontal":0,"vertical":8,"blur":18,"spread":0,"color":"#CEDFFF"},"rh_gsap_multi":[],"link":{"url":"\/category\/house\/","is_external":"","nofollow":"","custom_attributes":""},"title_size":"div","hover_animation":"push","content_vertical_alignment":"bottom","title_bottom_space":{"unit":"px","size":20,"sizes":[]},"title_typography_font_weight":"bold","rh_gsap":"true","rh_gsap_y":20,"rh_gsap_opacity":1,"rh_gsap_duration":0.8000000000000000444089209850062616169452667236328125,"rh_gsap_st_type":"no","_css_classes":"categorystagger","rh_gsap_trigger_type":"batch","rh_gsap_trigger_field":"categorystagger"},"elements":[],"isInner":false,"widgetType":"image-box","elType":"widget"}],"isInner":true,"elType":"column"},{"id":"4fbb127e","settings":{"_column_size":16,"_inline_size":null},"elements":[{"id":"6efb0183","settings":{"image":{"id":796,"url":"https:\/\/reviewit.wpsoul.net\/wp-content\/uploads\/2020\/10\/compicon.png"},"title_text":"Computers <br>& Electronics","description_text":"","image_space":{"unit":"px","size":20,"sizes":[]},"image_size":{"unit":"%","size":100,"sizes":[]},"title_color":"#023571","title_typography_typography":"custom","title_typography_font_size":{"unit":"px","size":16,"sizes":[]},"title_typography_line_height":{"unit":"px","size":20,"sizes":[]},"_padding":{"unit":"px","top":"20","right":"0","bottom":"10","left":"0","isLinked":false},"_border_border":"solid","_border_width":{"unit":"px","top":"1","right":"1","bottom":"1","left":"1","isLinked":true},"_border_color":"#CEDFFF","_border_radius":{"unit":"px","top":"5","right":"5","bottom":"5","left":"5","isLinked":true},"_box_shadow_box_shadow_type":"yes","_box_shadow_box_shadow":{"horizontal":0,"vertical":0,"blur":10,"spread":0,"color":"#CEDFFF"},"_box_shadow_hover_box_shadow_type":"yes","_box_shadow_hover_box_shadow":{"horizontal":0,"vertical":8,"blur":18,"spread":0,"color":"#CEDFFF"},"rh_gsap_multi":[],"link":{"url":"\/category\/laptops\/","is_external":"","nofollow":"","custom_attributes":""},"hover_animation":"push","content_vertical_alignment":"bottom","title_bottom_space":{"unit":"px","size":20,"sizes":[]},"title_typography_font_weight":"bold","_css_classes":"categorystagger"},"elements":[],"isInner":false,"widgetType":"image-box","elType":"widget"}],"isInner":true,"elType":"column"},{"id":"29496fc4","settings":{"_column_size":16,"_inline_size":null},"elements":[{"id":"207e3440","settings":{"image":{"id":797,"url":"https:\/\/reviewit.wpsoul.net\/wp-content\/uploads\/2020\/10\/familyicon.png"},"title_text":"Family <br>& Kids","description_text":"","image_space":{"unit":"px","size":20,"sizes":[]},"image_size":{"unit":"%","size":100,"sizes":[]},"title_color":"#023571","title_typography_typography":"custom","title_typography_font_size":{"unit":"px","size":16,"sizes":[]},"title_typography_line_height":{"unit":"px","size":20,"sizes":[]},"_padding":{"unit":"px","top":"20","right":"0","bottom":"10","left":"0","isLinked":false},"_border_border":"solid","_border_width":{"unit":"px","top":"1","right":"1","bottom":"1","left":"1","isLinked":true},"_border_color":"#CEDFFF","_border_radius":{"unit":"px","top":"5","right":"5","bottom":"5","left":"5","isLinked":true},"_box_shadow_box_shadow_type":"yes","_box_shadow_box_shadow":{"horizontal":0,"vertical":0,"blur":10,"spread":0,"color":"#CEDFFF"},"_box_shadow_hover_box_shadow_type":"yes","_box_shadow_hover_box_shadow":{"horizontal":0,"vertical":8,"blur":18,"spread":0,"color":"#CEDFFF"},"rh_gsap_multi":[],"link":{"url":"\/category\/gadgets\/","is_external":"","nofollow":"","custom_attributes":""},"hover_animation":"push","content_vertical_alignment":"bottom","title_bottom_space":{"unit":"px","size":20,"sizes":[]},"title_typography_font_weight":"bold","_css_classes":"categorystagger"},"elements":[],"isInner":false,"widgetType":"image-box","elType":"widget"}],"isInner":true,"elType":"column"},{"id":"22113e89","settings":{"_column_size":16,"_inline_size":null},"elements":[{"id":"56a9d520","settings":{"image":{"id":798,"url":"https:\/\/reviewit.wpsoul.net\/wp-content\/uploads\/2020\/10\/foodicon.png"},"title_text":"Restaurant <br>& Food","description_text":"","image_space":{"unit":"px","size":20,"sizes":[]},"image_size":{"unit":"%","size":100,"sizes":[]},"title_color":"#023571","title_typography_typography":"custom","title_typography_font_size":{"unit":"px","size":16,"sizes":[]},"title_typography_line_height":{"unit":"px","size":20,"sizes":[]},"_padding":{"unit":"px","top":"20","right":"0","bottom":"10","left":"0","isLinked":false},"_border_border":"solid","_border_width":{"unit":"px","top":"1","right":"1","bottom":"1","left":"1","isLinked":true},"_border_color":"#CEDFFF","_border_radius":{"unit":"px","top":"5","right":"5","bottom":"5","left":"5","isLinked":true},"_box_shadow_box_shadow_type":"yes","_box_shadow_box_shadow":{"horizontal":0,"vertical":0,"blur":10,"spread":0,"color":"#CEDFFF"},"_box_shadow_hover_box_shadow_type":"yes","_box_shadow_hover_box_shadow":{"horizontal":0,"vertical":8,"blur":18,"spread":0,"color":"#CEDFFF"},"rh_gsap_multi":[],"link":{"url":"\/category\/house\/","is_external":"","nofollow":"","custom_attributes":""},"hover_animation":"push","content_vertical_alignment":"bottom","title_bottom_space":{"unit":"px","size":20,"sizes":[]},"title_typography_font_weight":"bold","_css_classes":"categorystagger"},"elements":[],"isInner":false,"widgetType":"image-box","elType":"widget"}],"isInner":true,"elType":"column"},{"id":"56ffa10f","settings":{"_column_size":16,"_inline_size":null},"elements":[{"id":"429197d8","settings":{"image":{"id":800,"url":"https:\/\/reviewit.wpsoul.net\/wp-content\/uploads\/2020\/10\/sporticon.png"},"title_text":"Fitness <br>& Sports","description_text":"","image_space":{"unit":"px","size":20,"sizes":[]},"image_size":{"unit":"%","size":100,"sizes":[]},"title_color":"#023571","title_typography_typography":"custom","title_typography_font_size":{"unit":"px","size":16,"sizes":[]},"title_typography_line_height":{"unit":"px","size":20,"sizes":[]},"_padding":{"unit":"px","top":"20","right":"0","bottom":"10","left":"0","isLinked":false},"_border_border":"solid","_border_width":{"unit":"px","top":"1","right":"1","bottom":"1","left":"1","isLinked":true},"_border_color":"#CEDFFF","_border_radius":{"unit":"px","top":"5","right":"5","bottom":"5","left":"5","isLinked":true},"_box_shadow_box_shadow_type":"yes","_box_shadow_box_shadow":{"horizontal":0,"vertical":0,"blur":10,"spread":0,"color":"#CEDFFF"},"_box_shadow_hover_box_shadow_type":"yes","_box_shadow_hover_box_shadow":{"horizontal":0,"vertical":8,"blur":18,"spread":0,"color":"#CEDFFF"},"rh_gsap_multi":[],"link":{"url":"\/category\/gadgets\/","is_external":"","nofollow":"","custom_attributes":""},"hover_animation":"push","content_vertical_alignment":"bottom","title_bottom_space":{"unit":"px","size":20,"sizes":[]},"title_typography_font_weight":"bold","_css_classes":"categorystagger"},"elements":[],"isInner":false,"widgetType":"image-box","elType":"widget"}],"isInner":true,"elType":"column"},{"id":"4fcdac18","settings":{"_column_size":16,"_inline_size":null},"elements":[{"id":"20e8ba29","settings":{"image":{"id":799,"url":"https:\/\/reviewit.wpsoul.net\/wp-content\/uploads\/2020\/10\/houseicon.png"},"title_text":"Home <br>& Garden","description_text":"","image_space":{"unit":"px","size":20,"sizes":[]},"image_size":{"unit":"%","size":100,"sizes":[]},"title_color":"#023571","title_typography_typography":"custom","title_typography_font_size":{"unit":"px","size":16,"sizes":[]},"title_typography_line_height":{"unit":"px","size":20,"sizes":[]},"_padding":{"unit":"px","top":"20","right":"0","bottom":"10","left":"0","isLinked":false},"_border_border":"solid","_border_width":{"unit":"px","top":"1","right":"1","bottom":"1","left":"1","isLinked":true},"_border_color":"#CEDFFF","_border_radius":{"unit":"px","top":"5","right":"5","bottom":"5","left":"5","isLinked":true},"_box_shadow_box_shadow_type":"yes","_box_shadow_box_shadow":{"horizontal":0,"vertical":0,"blur":10,"spread":0,"color":"#CEDFFF"},"_box_shadow_hover_box_shadow_type":"yes","_box_shadow_hover_box_shadow":{"horizontal":0,"vertical":8,"blur":18,"spread":0,"color":"#CEDFFF"},"rh_gsap_multi":[],"link":{"url":"\/category\/house\/","is_external":"","nofollow":"","custom_attributes":""},"hover_animation":"push","content_vertical_alignment":"bottom","title_bottom_space":{"unit":"px","size":20,"sizes":[]},"title_typography_font_weight":"bold","_css_classes":"categorystagger"},"elements":[],"isInner":false,"widgetType":"image-box","elType":"widget"}],"isInner":true,"elType":"column"}],"isInner":true,"elType":"section"},{"id":"7fd92c2b","settings":{"text":"View All Category","align":"center","button_box_shadow_box_shadow_type":"yes","button_box_shadow_box_shadow":{"horizontal":1,"vertical":20,"blur":11,"spread":-6,"color":"#CEDFFF"},"rh_gsap_multi":[],"background_color":"#296BEF","rh_gsap":"true","rh_gsap_y":20,"rh_gsap_opacity":1,"rh_gsap_duration":0.59999999999999997779553950749686919152736663818359375,"link":{"url":"\/category-archive","is_external":"","nofollow":"","custom_attributes":""}},"elements":[],"isInner":false,"widgetType":"button","elType":"widget"}],"isInner":false,"elType":"column"}],"isInner":false,"elType":"section"},{"id":"5f27b1f6","settings":{"structure":"20","background_background":"gradient","background_color":"#ECF6FE","background_color_stop":{"unit":"%","size":1,"sizes":[]},"background_color_b":"#FFFFFF","shape_divider_top":"curve","padding":{"unit":"px","top":"180","right":"0","bottom":"0","left":"0","isLinked":false},"shape_divider_top_width":{"unit":"%","size":150,"sizes":[]},"shape_divider_top_height":{"unit":"px","size":125,"sizes":[]},"margin":{"unit":"px","top":"0","right":0,"bottom":"50","left":0,"isLinked":false}},"elements":[{"id":"3ec265d2","settings":{"_column_size":50,"_inline_size":null},"elements":[{"id":"3bb70ee6","settings":{"title":"How Its Work","header_size":"div","rh_gsap_multi":[],"__globals__":{"typography_typography":""},"title_color":"#296BEF","typography_typography":"custom","typography_font_size":{"unit":"px","size":17,"sizes":[]},"typography_text_transform":"uppercase","rh_gsap":"true","rh_gsap_y":15,"rh_gsap_opacity":1,"typography_font_weight":"bold","animation_duration":"slow","rh_gsap_rx":-30,"rh_gsap_duration":0.5},"elements":[],"isInner":false,"widgetType":"heading","elType":"widget"},{"id":"74fd0f6b","settings":{"title":"How We Make The Best <br>Product Reviews","align":"left","typography_typography":"custom","typography_font_size":{"unit":"px","size":36,"sizes":[]},"rh_gsap_multi":[],"typography_line_height":{"unit":"em","size":1.1999999999999999555910790149937383830547332763671875,"sizes":[]},"title_color":"#262578","rh_gsap":"true","rh_gsap_y":15,"rh_gsap_opacity":1,"rh_gsap_st_type":"text","rh_gsap_text":"lines","typography_font_size_mobile":{"unit":"px","size":30,"sizes":[]}},"elements":[],"isInner":false,"widgetType":"heading","elType":"widget"},{"id":"10c2aeae","settings":{"title":"Lorem ipsum is simply dummy text of the printing <br>and typesetting industry. Lorem ipsum has been the<br>industry's standard dummy text ever since the 1500s.","header_size":"div","typography_typography":"custom","typography_font_size":{"unit":"px","size":16,"sizes":[]},"typography_line_height":{"unit":"em","size":1.600000000000000088817841970012523233890533447265625,"sizes":[]},"rh_gsap_multi":[],"rh_gsap":"true","rh_gsap_y":15,"rh_gsap_opacity":1,"rh_gsap_st_type":"text","rh_gsap_text":"lines","typography_font_size_mobile":{"unit":"px","size":14,"sizes":[]}},"elements":[],"isInner":false,"widgetType":"heading","elType":"widget"},{"id":"5382d8f","settings":{"image":{"url":"https:\/\/reviewit.wpsoul.net\/wp-content\/uploads\/2020\/11\/research.png","id":1270},"image_size":"full","_margin":{"unit":"px","top":"80","right":"0","bottom":"0","left":"0","isLinked":false},"rh_gsap_multi":[]},"elements":[],"isInner":false,"widgetType":"image","elType":"widget"},{"id":"6cf9afdb","settings":{"html":"<svg \n xmlns=\"http:\/\/www.w3.org\/2000\/svg\"\n xmlns:xlink=\"http:\/\/www.w3.org\/1999\/xlink\"\n width=\"170px\" height=\"88px\">\n<path fill-rule=\"evenodd\"  fill=\"rgb(41, 107, 239)\"\n d=\"M142.257,72.696 L23.900,72.696 L0.500,87.875 L0.500,23.400 C0.500,10.436 12.543,-0.001 27.410,-0.001 L142.226,-0.001 C157.093,-0.001 169.136,10.498 169.136,23.400 L169.136,49.233 C169.167,62.198 157.124,72.696 142.257,72.696 Z\"\/>\n<path fill-rule=\"evenodd\"  fill=\"rgb(165, 221, 244)\"\n d=\"M50.323,37.735 C53.392,30.324 49.873,21.828 42.462,18.758 C35.052,15.689 26.556,19.207 23.487,26.619 C20.417,34.030 23.936,42.525 31.347,45.595 C38.757,48.664 47.253,45.145 50.323,37.735 Z\"\/>\n<path fill-rule=\"evenodd\"  fill=\"rgb(2, 84, 169)\"\n d=\"M70.528,17.643 L151.492,17.643 C152.743,17.643 153.754,18.654 153.754,19.905 L153.754,23.415 C153.754,24.666 152.743,25.677 151.492,25.677 L70.528,25.677 C69.277,25.677 68.266,24.666 68.266,23.415 L68.266,19.905 C68.266,18.654 69.277,17.643 70.528,17.643 Z\"\/>\n<path fill-rule=\"evenodd\"  fill=\"rgb(2, 84, 169)\"\n d=\"M70.528,32.182 L151.492,32.182 C152.743,32.182 153.754,33.194 153.754,34.445 L153.754,37.955 C153.754,39.206 152.743,40.216 151.492,40.216 L70.528,40.216 C69.277,40.216 68.266,39.206 68.266,37.955 L68.266,34.445 C68.266,33.194 69.277,32.182 70.528,32.182 Z\"\/>\n<path fill-rule=\"evenodd\"  fill=\"rgb(2, 84, 169)\"\n d=\"M70.528,46.690 L117.438,46.690 C118.688,46.690 119.700,47.702 119.700,48.953 L119.700,52.463 C119.700,53.714 118.688,54.724 117.438,54.724 L70.528,54.724 C69.277,54.724 68.266,53.714 68.266,52.463 L68.266,48.953 C68.266,47.702 69.277,46.690 70.528,46.690 Z\"\/>\n<\/svg>","_z_index":3,"_element_width":"auto","_position":"absolute","_offset_orientation_h":"end","_offset_x":{"unit":"px","size":438,"sizes":[]},"_offset_x_end":{"size":155,"unit":"px"},"_offset_orientation_v":"end","_offset_y_end":{"size":277,"unit":"px"},"rh_gsap_multi":[{"_id":"bd1836d"}],"rh_gsap":"true","rh_gsap_y":30,"rh_gsap_opacity":1,"rh_gsap_origin":"top","rh_gsap_duration":0.59999999999999997779553950749686919152736663818359375,"rh_gsap_delay":1,"rh_gsap_st_type":"svg","_offset_x_end_mobile":{"size":8,"unit":"px"},"_offset_y_end_mobile":{"size":222.65600000000000591171556152403354644775390625,"unit":"px"},"_offset_x_end_tablet":{"size":-16,"unit":"px"},"_offset_y_end_tablet":{"size":225.09399999999999408828443847596645355224609375,"unit":"px"}},"elements":[],"isInner":false,"widgetType":"html","elType":"widget"},{"id":"5eaaaa0e","settings":{"html":"<svg \n xmlns=\"http:\/\/www.w3.org\/2000\/svg\"\n xmlns:xlink=\"http:\/\/www.w3.org\/1999\/xlink\"\n width=\"106px\" height=\"100px\">\n<path fill-rule=\"evenodd\"  fill=\"rgb(41, 107, 239)\"\n d=\"M30.411,82.747 L78.771,82.747 L105.104,99.907 L105.104,27.226 C105.104,12.624 91.532,0.799 74.793,0.799 L30.411,0.799 C13.672,0.799 0.100,12.624 0.100,27.226 L0.100,56.320 C0.100,71.000 13.672,82.747 30.411,82.747 Z\"\/>\n<path fill-rule=\"evenodd\"  fill=\"rgb(255, 255, 255)\"\n d=\"M46.167,42.343 C46.260,39.301 46.354,36.274 46.401,33.232 C46.395,32.259 46.783,31.325 47.477,30.642 C49.920,28.451 52.159,26.044 54.169,23.451 C54.800,22.456 55.278,21.373 55.589,20.237 C55.596,19.195 56.078,18.212 56.900,17.570 C57.410,17.217 58.011,17.017 58.631,16.992 C60.046,16.900 61.283,17.939 61.439,19.348 C61.869,21.401 61.927,23.514 61.611,25.588 C61.224,27.189 60.559,28.710 59.645,30.081 L67.819,30.190 C69.864,30.228 71.528,31.845 71.626,33.887 C71.428,34.995 70.740,35.952 69.754,36.492 C70.882,37.074 71.545,38.280 71.432,39.544 C71.319,40.808 70.452,41.877 69.239,42.249 C70.448,42.744 71.250,43.907 71.283,45.213 C71.235,46.823 70.050,48.172 68.459,48.427 C69.551,49.078 70.198,50.276 70.144,51.546 C69.998,52.810 69.215,53.911 68.069,54.464 C67.516,54.756 66.901,54.911 66.275,54.916 C60.144,54.822 54.029,54.651 47.898,54.448 C46.338,54.448 45.855,53.418 45.902,51.984 C46.026,48.770 46.089,45.556 46.167,42.343 Z\"\/>\n<path fill-rule=\"evenodd\"  fill=\"rgb(255, 255, 255)\"\n d=\"M44.092,43.263 C43.998,46.726 43.936,50.174 43.811,53.637 C43.811,55.665 43.171,56.195 41.128,56.164 C39.084,56.133 37.368,56.055 35.481,56.023 C34.807,56.126 34.126,55.896 33.652,55.406 C33.178,54.917 32.970,54.229 33.094,53.559 C33.292,46.466 33.479,39.373 33.655,32.280 C33.574,31.632 33.788,30.980 34.238,30.506 C34.689,30.032 35.328,29.784 35.980,29.831 C38.039,29.831 40.098,29.831 42.220,30.002 C43.780,30.112 44.498,31.110 44.451,32.718 C44.248,36.243 44.186,39.800 44.092,43.263 Z\"\/>\n<\/svg>","_z_index":4,"_element_width":"auto","_position":"absolute","_offset_x":{"size":65,"unit":"px"},"_offset_x_end":{"unit":"px","size":8,"sizes":[]},"_offset_orientation_v":"end","_offset_y_end":{"size":285,"unit":"px"},"rh_gsap_multi":[{"_id":"bd1836d"}],"rh_gsap":"true","rh_gsap_y":30,"rh_gsap_opacity":1,"rh_gsap_origin":"top","rh_gsap_duration":0.6999999999999999555910790149937383830547332763671875,"rh_gsap_st_type":"svg","rh_gsap_delay":0.59999999999999997779553950749686919152736663818359375,"_offset_x_mobile":{"size":1,"unit":"px"},"_offset_y_end_mobile":{"size":237.359000000000008867573342286050319671630859375,"unit":"px"},"_offset_x_tablet":{"size":-2,"unit":"px"},"_offset_y_end_tablet":{"size":271.09399999999999408828443847596645355224609375,"unit":"px"}},"elements":[],"isInner":false,"widgetType":"html","elType":"widget"}],"isInner":false,"elType":"column"},{"id":"481bf4dc","settings":{"_column_size":50,"_inline_size":null},"elements":[{"id":"5d9e090d","settings":{"structure":"20","animation":"stuckMoveUpOpacity","animation_duration":"fast","margin":{"unit":"px","top":"","right":0,"bottom":"","left":0,"isLinked":true},"margin_mobile":{"unit":"px","top":"0","right":0,"bottom":"25","left":0,"isLinked":false}},"elements":[{"id":"2c196f5","settings":{"_column_size":50,"_inline_size":25,"align":"center","padding":{"unit":"px","top":"0","right":"0","bottom":"0","left":"0","isLinked":true}},"elements":[{"id":"7f17ef59","settings":{"shape":"checkmark","borderwidth":4,"bordercolor":"#296BEF","filltype":"3","areawidth":{"unit":"px","size":70,"sizes":[]},"areaheight":{"unit":"px","size":70,"sizes":[]},"_element_width":"auto","rh_gsap":"true","rh_gsap_st_type":"svg","rh_gsap_multi":[]},"elements":[],"isInner":false,"widgetType":"wpsm-svgshape","elType":"widget"},{"id":"68de9a05","settings":{"space":{"unit":"px","size":1,"sizes":[]},"rh_gsap_multi":[]},"elements":[],"isInner":false,"widgetType":"spacer","elType":"widget"},{"id":"76cc7418","settings":{"shape":"4","borderwidth":2,"bordercolor":"#296BEF","filltype":"3","svgwidth":{"unit":"px","size":50,"sizes":[]},"areawidth":{"unit":"px","size":50,"sizes":[]},"areaheight":{"unit":"px","size":5,"sizes":[]},"_margin":{"unit":"px","top":"-10","right":"0","bottom":"25","left":"0","isLinked":false},"rh_make_rotate":90,"rh_gsap":"true","rh_gsap_opacity":1,"rh_gsap_st_type":"svg","rh_gsap_multi":[],"_element_width":"auto"},"elements":[],"isInner":false,"widgetType":"wpsm-svgshape","elType":"widget"}],"isInner":true,"elType":"column"},{"id":"1f80e247","settings":{"_column_size":50,"_inline_size":75,"padding":{"unit":"px","top":"0","right":"0","bottom":"0","left":"0","isLinked":true}},"elements":[{"id":"51d4754f","settings":{"title":"Market Research","header_size":"div","typography_typography":"custom","typography_font_size":{"unit":"px","size":21,"sizes":[]},"typography_font_weight":"bold","rh_gsap_multi":[],"_css_classes":"researchstagger","align_mobile":"center","rh_gsap_y":10,"rh_gsap_opacity":1,"rh_gsap_duration":0.6999999999999999555910790149937383830547332763671875},"elements":[],"isInner":false,"widgetType":"heading","elType":"widget"},{"id":"28bc7ae4","settings":{"title":"Lorem Ipsum is simply dummy text of the printing and typesetting industry.","header_size":"div","typography_typography":"custom","typography_line_height":{"unit":"em","size":1.5,"sizes":[]},"rh_gsap_multi":[],"_css_classes":"researchstagger","align_mobile":"center"},"elements":[],"isInner":false,"widgetType":"heading","elType":"widget"}],"isInner":true,"elType":"column"}],"isInner":true,"elType":"section"},{"id":"246445e8","settings":{"structure":"20","margin":{"unit":"px","top":"","right":0,"bottom":"","left":0,"isLinked":true},"animation":"stuckMoveUpOpacity","animation_duration":"fast","margin_mobile":{"unit":"px","top":"0","right":0,"bottom":"25","left":0,"isLinked":false}},"elements":[{"id":"28769dd","settings":{"_column_size":50,"_inline_size":25,"align":"center","padding":{"unit":"px","top":"0","right":"0","bottom":"0","left":"0","isLinked":true}},"elements":[{"id":"1d6885b2","settings":{"shape":"checkmark","borderwidth":4,"bordercolor":"#296BEF","filltype":"3","areawidth":{"unit":"px","size":70,"sizes":[]},"areaheight":{"unit":"px","size":70,"sizes":[]},"_element_width":"auto","rh_gsap_multi":[],"rh_gsap":"true","rh_gsap_st_type":"svg"},"elements":[],"isInner":false,"widgetType":"wpsm-svgshape","elType":"widget"},{"id":"7ae3aca","settings":{"space":{"unit":"px","size":1,"sizes":[]},"rh_gsap_multi":[]},"elements":[],"isInner":false,"widgetType":"spacer","elType":"widget"},{"id":"2af7d8d1","settings":{"shape":"4","borderwidth":2,"bordercolor":"#296BEF","filltype":"3","svgwidth":{"unit":"px","size":50,"sizes":[]},"areawidth":{"unit":"px","size":50,"sizes":[]},"areaheight":{"unit":"px","size":5,"sizes":[]},"_margin":{"unit":"px","top":"-10","right":"0","bottom":"25","left":"0","isLinked":false},"rh_make_rotate":90,"rh_gsap":"true","rh_gsap_opacity":1,"rh_gsap_st_type":"svg","rh_gsap_multi":[],"_element_width":"auto"},"elements":[],"isInner":false,"widgetType":"wpsm-svgshape","elType":"widget"}],"isInner":true,"elType":"column"},{"id":"a16f1b4","settings":{"_column_size":50,"_inline_size":75,"padding":{"unit":"px","top":"0","right":"0","bottom":"0","left":"0","isLinked":true}},"elements":[{"id":"9354a43","settings":{"title":"Identifying key features","header_size":"div","typography_typography":"custom","typography_font_size":{"unit":"px","size":21,"sizes":[]},"typography_font_weight":"bold","rh_gsap_multi":[],"_css_classes":"researchstagger","align_mobile":"center"},"elements":[],"isInner":false,"widgetType":"heading","elType":"widget"},{"id":"78dd4a0e","settings":{"title":"Lorem Ipsum is simply dummy text of the printing and typesetting industry.","header_size":"div","typography_typography":"custom","typography_line_height":{"unit":"em","size":1.5,"sizes":[]},"rh_gsap_multi":[],"_css_classes":"researchstagger","align_mobile":"center"},"elements":[],"isInner":false,"widgetType":"heading","elType":"widget"}],"isInner":true,"elType":"column"}],"isInner":true,"elType":"section"},{"id":"1d10ed6f","settings":{"structure":"20","margin":{"unit":"px","top":"","right":0,"bottom":"","left":0,"isLinked":true},"animation":"stuckMoveUpOpacity","animation_duration":"fast","margin_mobile":{"unit":"px","top":"0","right":0,"bottom":"25","left":0,"isLinked":false}},"elements":[{"id":"59f6b56b","settings":{"_column_size":50,"_inline_size":25,"align":"center","padding":{"unit":"px","top":"0","right":"0","bottom":"0","left":"0","isLinked":true}},"elements":[{"id":"6c8ed096","settings":{"shape":"checkmark","borderwidth":4,"bordercolor":"#296BEF","filltype":"3","areawidth":{"unit":"px","size":70,"sizes":[]},"areaheight":{"unit":"px","size":70,"sizes":[]},"_element_width":"auto","rh_gsap_multi":[],"rh_gsap":"true","rh_gsap_st_type":"svg"},"elements":[],"isInner":false,"widgetType":"wpsm-svgshape","elType":"widget"},{"id":"7725a9d7","settings":{"space":{"unit":"px","size":1,"sizes":[]},"rh_gsap_multi":[]},"elements":[],"isInner":false,"widgetType":"spacer","elType":"widget"},{"id":"5e7710b9","settings":{"shape":"4","borderwidth":2,"bordercolor":"#296BEF","filltype":"3","svgwidth":{"unit":"px","size":50,"sizes":[]},"areawidth":{"unit":"px","size":50,"sizes":[]},"areaheight":{"unit":"px","size":5,"sizes":[]},"_margin":{"unit":"px","top":"-10","right":"0","bottom":"25","left":"0","isLinked":false},"rh_make_rotate":90,"rh_gsap":"true","rh_gsap_opacity":1,"rh_gsap_st_type":"svg","rh_gsap_multi":[],"_element_width":"auto"},"elements":[],"isInner":false,"widgetType":"wpsm-svgshape","elType":"widget"}],"isInner":true,"elType":"column"},{"id":"58a691bb","settings":{"_column_size":50,"_inline_size":75,"padding":{"unit":"px","top":"0","right":"0","bottom":"0","left":"0","isLinked":true}},"elements":[{"id":"3560a36e","settings":{"title":"Selecting products","header_size":"div","typography_typography":"custom","typography_font_size":{"unit":"px","size":21,"sizes":[]},"typography_font_weight":"bold","rh_gsap_multi":[],"_css_classes":"researchstagger","align_mobile":"center"},"elements":[],"isInner":false,"widgetType":"heading","elType":"widget"},{"id":"48af18b1","settings":{"title":"Lorem Ipsum is simply dummy text of the printing and typesetting industry.","header_size":"div","typography_typography":"custom","typography_line_height":{"unit":"em","size":1.5,"sizes":[]},"rh_gsap_multi":[],"_css_classes":"researchstagger","align_mobile":"center"},"elements":[],"isInner":false,"widgetType":"heading","elType":"widget"}],"isInner":true,"elType":"column"}],"isInner":true,"elType":"section"},{"id":"282ef6df","settings":{"structure":"20","margin":{"unit":"px","top":"","right":0,"bottom":"","left":0,"isLinked":true},"animation":"stuckMoveUpOpacity","animation_duration":"fast","margin_mobile":{"unit":"px","top":"0","right":0,"bottom":"25","left":0,"isLinked":false}},"elements":[{"id":"713067f3","settings":{"_column_size":50,"_inline_size":25,"align":"center","padding":{"unit":"px","top":"0","right":"0","bottom":"0","left":"0","isLinked":true}},"elements":[{"id":"1cfe9e27","settings":{"shape":"checkmark","borderwidth":4,"bordercolor":"#296BEF","filltype":"3","areawidth":{"unit":"px","size":70,"sizes":[]},"areaheight":{"unit":"px","size":70,"sizes":[]},"_element_width":"auto","rh_gsap_multi":[],"rh_gsap":"true","rh_gsap_st_type":"svg"},"elements":[],"isInner":false,"widgetType":"wpsm-svgshape","elType":"widget"},{"id":"f6f3630","settings":{"space":{"unit":"px","size":1,"sizes":[]},"rh_gsap_multi":[]},"elements":[],"isInner":false,"widgetType":"spacer","elType":"widget"},{"id":"4204fb87","settings":{"shape":"4","borderwidth":2,"bordercolor":"#296BEF","filltype":"3","svgwidth":{"unit":"px","size":50,"sizes":[]},"areawidth":{"unit":"px","size":50,"sizes":[]},"areaheight":{"unit":"px","size":5,"sizes":[]},"_margin":{"unit":"px","top":"-10","right":"0","bottom":"25","left":"0","isLinked":false},"rh_make_rotate":90,"rh_gsap":"true","rh_gsap_opacity":1,"rh_gsap_st_type":"svg","rh_gsap_multi":[],"_element_width":"auto"},"elements":[],"isInner":false,"widgetType":"wpsm-svgshape","elType":"widget"}],"isInner":true,"elType":"column"},{"id":"2e07aaae","settings":{"_column_size":50,"_inline_size":75,"padding":{"unit":"px","top":"0","right":"0","bottom":"0","left":"0","isLinked":true}},"elements":[{"id":"996c39b","settings":{"title":"Analyzing reviews","header_size":"div","typography_typography":"custom","typography_font_size":{"unit":"px","size":21,"sizes":[]},"typography_font_weight":"bold","rh_gsap_multi":[],"_css_classes":"researchstagger","align_mobile":"center"},"elements":[],"isInner":false,"widgetType":"heading","elType":"widget"},{"id":"34659c25","settings":{"title":"Lorem Ipsum is simply dummy text of the printing and typesetting industry.","header_size":"div","typography_typography":"custom","typography_line_height":{"unit":"em","size":1.5,"sizes":[]},"rh_gsap_multi":[],"_css_classes":"researchstagger","align_mobile":"center"},"elements":[],"isInner":false,"widgetType":"heading","elType":"widget"}],"isInner":true,"elType":"column"}],"isInner":true,"elType":"section"},{"id":"16206417","settings":{"structure":"20","margin":{"unit":"px","top":"","right":0,"bottom":"","left":0,"isLinked":true},"animation":"stuckMoveUpOpacity","animation_duration":"fast"},"elements":[{"id":"1b4421a1","settings":{"_column_size":50,"_inline_size":25,"align":"center","padding":{"unit":"px","top":"0","right":"0","bottom":"0","left":"0","isLinked":true}},"elements":[{"id":"3d6f2bc5","settings":{"shape":"checkmark","borderwidth":4,"bordercolor":"#296BEF","filltype":"3","areawidth":{"unit":"px","size":70,"sizes":[]},"areaheight":{"unit":"px","size":70,"sizes":[]},"_element_width":"auto","rh_gsap_multi":[],"rh_gsap":"true","rh_gsap_st_type":"svg"},"elements":[],"isInner":false,"widgetType":"wpsm-svgshape","elType":"widget"}],"isInner":true,"elType":"column"},{"id":"3e719c91","settings":{"_column_size":50,"_inline_size":75,"padding":{"unit":"px","top":"0","right":"0","bottom":"0","left":"0","isLinked":true}},"elements":[{"id":"18be859b","settings":{"title":"Manual testing","header_size":"div","typography_typography":"custom","typography_font_size":{"unit":"px","size":21,"sizes":[]},"typography_font_weight":"bold","rh_gsap_multi":[],"_css_classes":"researchstagger","align_mobile":"center"},"elements":[],"isInner":false,"widgetType":"heading","elType":"widget"},{"id":"23ea7e60","settings":{"title":"Lorem Ipsum is simply dummy text of the printing and typesetting industry.","header_size":"div","typography_typography":"custom","typography_line_height":{"unit":"em","size":1.5,"sizes":[]},"rh_gsap_multi":[],"_css_classes":"researchstagger","align_mobile":"center"},"elements":[],"isInner":false,"widgetType":"heading","elType":"widget"}],"isInner":true,"elType":"column"}],"isInner":true,"elType":"section"}],"isInner":false,"elType":"column"}],"isInner":false,"elType":"section"},{"id":"a388e74","settings":[],"elements":[{"id":"6732a1fc","settings":{"_column_size":100,"_inline_size":null},"elements":[{"id":"5fd6e812","settings":{"text":"Divider","color":"#E8E8EC","rh_gsap_multi":[],"width":{"unit":"%","size":85,"sizes":[]},"align":"center"},"elements":[],"isInner":false,"widgetType":"divider","elType":"widget"}],"isInner":false,"elType":"column"}],"isInner":false,"elType":"section"},{"id":"48490aed","settings":{"margin":{"unit":"px","top":"70","right":0,"bottom":"0","left":0,"isLinked":false},"background_background":"gradient","background_color":"#ECF6FE","background_color_b":"#FFFFFF","background_color_b_stop":{"unit":"%","size":38,"sizes":[]},"background_gradient_angle":{"unit":"deg","size":360,"sizes":[]},"shape_divider_top_width":{"unit":"%","size":127,"sizes":[]},"shape_divider_top_height":{"unit":"px","size":112,"sizes":[]},"shape_divider_bottom":"curve","shape_divider_bottom_width":{"unit":"%","size":150,"sizes":[]},"shape_divider_bottom_height":{"unit":"px","size":125,"sizes":[]},"padding":{"unit":"px","top":"0","right":"0","bottom":"200","left":"0","isLinked":false},"margin_tablet":{"unit":"px","top":"30","right":0,"bottom":"30","left":0,"isLinked":true}},"elements":[{"id":"8777f8a","settings":{"_column_size":100,"_inline_size":null},"elements":[{"id":"650f090","settings":{"title":"Trending Top Lists","header_size":"h5","align":"center","rh_gsap_multi":[],"__globals__":{"typography_typography":""},"title_color":"#296BEF","typography_typography":"custom","typography_font_size":{"unit":"px","size":17,"sizes":[]},"typography_text_transform":"uppercase","rh_gsap":"true","rh_gsap_y":15,"rh_gsap_rx":-30,"rh_gsap_opacity":1,"typography_font_weight":"bold","animation_duration":"slow","rh_gsap_duration":0.5},"elements":[],"isInner":false,"widgetType":"heading","elType":"widget"},{"id":"3000d36c","settings":{"title":"Check Out Best Experts<br>\nProduct Reviews","align":"center","typography_typography":"custom","typography_font_size":{"unit":"px","size":36,"sizes":[]},"rh_gsap_multi":[],"typography_line_height":{"unit":"em","size":1.1999999999999999555910790149937383830547332763671875,"sizes":[]},"title_color":"#262578","rh_gsap":"true","rh_gsap_y":15,"rh_gsap_opacity":1,"rh_gsap_st_type":"text","rh_gsap_text":"lines","typography_font_size_mobile":{"unit":"px","size":30,"sizes":[]},"_margin":{"unit":"px","top":"0","right":"0","bottom":"40","left":"0","isLinked":false}},"elements":[],"isInner":false,"widgetType":"heading","elType":"widget"},{"id":"324fb27b","settings":{"cat":[],"cat_exclude":[],"tag":[],"tag_exclude":[],"ids":[],"tax_name":null,"tax_slug":null,"tax_slug_exclude":null,"image":"1","mborder":15,"border":"1","columns":"5","filterpanel":[],"rh_gsap_multi":[],"center":"1","_margin":{"unit":"px","top":"0","right":"0","bottom":"40","left":"0","isLinked":false},"rh_gsap":"true","rh_gsap_y":10,"rh_gsap_opacity":1,"rh_gsap_trigger_type":"batch","show":10,"nometa":"1","listtypography_typography":"custom","listtypography_font_weight":"normal","headcolor":"#262578","listborder_border":"solid","listborder_width":{"unit":"px","top":"1","right":"1","bottom":"1","left":"1","isLinked":true},"listborder_color":"#CAE7FF","list_border_radius":{"unit":"px","top":"8","right":"8","bottom":"8","left":"8","isLinked":true},"listshadow_box_shadow_type":"yes","listshadow_box_shadow":{"horizontal":0,"vertical":6,"blur":10,"spread":0,"color":"rgba(146, 193.99999999999994, 255, 0.17)"},"listborderhover_border":"solid","listborderhover_width":{"unit":"px","top":"1","right":"1","bottom":"1","left":"1","isLinked":true},"listborderhover_color":"#4AA5FF","listshadowhover_box_shadow_type":"yes","listshadowhover_box_shadow":{"horizontal":0,"vertical":10,"blur":10,"spread":0,"color":"rgba(146, 193.99999999999997, 255, 0.24)"},"rh_gsap_batch_interval":"0.11"},"elements":[],"isInner":false,"widgetType":"wpsm_recent_posts_list","elType":"widget"},{"id":"535293d3","settings":{"text":"View All Posts","align":"center","button_box_shadow_box_shadow_type":"yes","button_box_shadow_box_shadow":{"horizontal":1,"vertical":20,"blur":11,"spread":-6,"color":"#CEDFFF"},"rh_gsap_multi":[],"background_color":"#296BEF","rh_gsap":"true","rh_gsap_y":20,"rh_gsap_opacity":1,"rh_gsap_duration":0.59999999999999997779553950749686919152736663818359375},"elements":[],"isInner":false,"widgetType":"button","elType":"widget"}],"isInner":false,"elType":"column"}],"isInner":false,"elType":"section"},{"id":"59f6bbd6","settings":{"content_position":"middle","structure":"20","margin":{"unit":"px","top":"0","right":0,"bottom":"100","left":0,"isLinked":false}},"elements":[{"id":"564bb175","settings":{"_column_size":50,"_inline_size":46.93900000000000005684341886080801486968994140625,"align":"center"},"elements":[{"id":"379d0cc6","settings":{"html":"<svg \n xmlns=\"http:\/\/www.w3.org\/2000\/svg\"\n xmlns:xlink=\"http:\/\/www.w3.org\/1999\/xlink\"\n width=\"139px\" height=\"139px\">\n<defs>\n<filter filterUnits=\"userSpaceOnUse\" id=\"Filter_0\" x=\"0px\" y=\"0px\" width=\"139px\" height=\"139px\"  >\n    <feOffset in=\"SourceAlpha\" dx=\"0\" dy=\"4\" \/>\n    <feGaussianBlur result=\"blurOut\" stdDeviation=\"3.873\" \/>\n    <feFlood flood-color=\"rgb(33, 33, 33)\" result=\"floodOut\" \/>\n    <feComposite operator=\"atop\" in=\"floodOut\" in2=\"blurOut\" \/>\n    <feComponentTransfer><feFuncA type=\"linear\" slope=\"0.08\"\/><\/feComponentTransfer>\n    <feMerge>\n    <feMergeNode\/>\n    <feMergeNode in=\"SourceGraphic\"\/>\n  <\/feMerge>\n<\/filter>\n\n<\/defs>\n<g filter=\"url(#Filter_0)\">\n<path fill-rule=\"evenodd\"  fill=\"rgb(255, 255, 255)\"\n d=\"M69.000,9.999 L69.000,9.999 C99.415,9.999 124.000,34.585 124.000,65.000 L124.000,65.000 C124.000,95.415 99.415,120.000 69.000,120.000 L69.000,120.000 C38.585,120.000 14.000,95.415 14.000,65.000 L14.000,65.000 C14.000,34.585 38.585,9.999 69.000,9.999 Z\"\/>\n<\/g>\n<path fill-rule=\"evenodd\"  fill=\"rgb(55, 118, 244)\"\n d=\"M87.666,73.333 L54.333,73.333 C49.731,73.333 46.000,77.064 46.000,81.666 C46.000,86.270 49.731,90.000 54.333,90.000 L87.666,90.000 C92.269,90.000 96.000,86.270 96.000,81.666 C96.000,77.064 92.269,73.333 87.666,73.333 Z\"\/>\n<path fill-rule=\"evenodd\"  fill=\"rgb(254, 199, 82)\"\n d=\"M62.666,56.833 L62.666,48.333 C62.666,43.730 58.935,40.000 54.333,40.000 C49.731,40.000 46.000,43.730 46.000,48.333 L46.000,73.516 L46.000,73.433 L62.666,56.833 Z\"\/>\n<path fill-rule=\"evenodd\"  fill=\"rgb(103, 116, 255)\"\n d=\"M77.783,70.000 L83.783,64.000 C85.949,61.907 86.818,58.809 86.056,55.895 C85.293,52.982 83.018,50.707 80.104,49.944 C77.191,49.181 74.092,50.050 72.000,52.216 L54.217,70.000 L77.783,70.000 Z\"\/>\n<path fill-rule=\"evenodd\"  fill=\"rgb(255, 255, 255)\"\n d=\"M52.483,85.000 C50.642,85.000 49.150,83.507 49.150,81.666 C49.150,79.825 50.642,78.333 52.483,78.333 C54.324,78.333 55.816,79.825 55.816,81.666 C55.816,83.507 54.324,85.000 52.483,85.000 Z\"\/>\n<\/svg>","_z_index":3,"_element_width":"auto","_position":"absolute","_offset_orientation_h":"end","_offset_x":{"unit":"px","size":438,"sizes":[]},"_offset_x_end":{"unit":"px","size":8,"sizes":[]},"_offset_orientation_v":"end","_offset_y_end":{"unit":"px","size":24,"sizes":[]},"rh_gsap_multi":[{"_id":"bd1836d"}],"rh_gsap":"true","rh_gsap_y":30,"rh_gsap_opacity":1,"rh_gsap_origin":"top","rh_gsap_duration":0.59999999999999997779553950749686919152736663818359375,"rh_gsap_delay":2,"rh_gsap_st_type":"svg","rh_parallax_el":"true","rh_parallax_el_speed":25},"elements":[],"isInner":false,"widgetType":"html","elType":"widget"},{"id":"7efccc5f","settings":{"html":"<svg \n xmlns=\"http:\/\/www.w3.org\/2000\/svg\"\n xmlns:xlink=\"http:\/\/www.w3.org\/1999\/xlink\"\n width=\"139px\" height=\"139px\">\n<defs>\n<filter filterUnits=\"userSpaceOnUse\" id=\"Filter_0\" x=\"0px\" y=\"0px\" width=\"139px\" height=\"139px\"  >\n    <feOffset in=\"SourceAlpha\" dx=\"0\" dy=\"4\" \/>\n    <feGaussianBlur result=\"blurOut\" stdDeviation=\"3.873\" \/>\n    <feFlood flood-color=\"rgb(33, 33, 33)\" result=\"floodOut\" \/>\n    <feComposite operator=\"atop\" in=\"floodOut\" in2=\"blurOut\" \/>\n    <feComponentTransfer><feFuncA type=\"linear\" slope=\"0.08\"\/><\/feComponentTransfer>\n    <feMerge>\n    <feMergeNode\/>\n    <feMergeNode in=\"SourceGraphic\"\/>\n  <\/feMerge>\n<\/filter>\n\n<\/defs>\n<g filter=\"url(#Filter_0)\">\n<path fill-rule=\"evenodd\"  fill=\"rgb(255, 255, 255)\"\n d=\"M69.000,10.000 L69.000,10.000 C99.415,10.000 124.000,34.585 124.000,65.000 L124.000,65.000 C124.000,95.415 99.415,120.000 69.000,120.000 L69.000,120.000 C38.585,120.000 14.000,95.415 14.000,65.000 L14.000,65.000 C14.000,34.585 38.585,10.000 69.000,10.000 Z\"\/>\n<\/g>\n<path fill-rule=\"evenodd\"  fill=\"rgb(41, 107, 239)\"\n d=\"M93.083,68.600 C90.687,72.372 87.489,75.571 83.716,77.966 C82.490,78.701 80.964,78.727 79.714,78.032 C78.464,77.338 77.679,76.029 77.656,74.599 C77.632,73.169 78.373,71.835 79.600,71.099 C81.556,69.865 83.292,68.309 84.733,66.500 C83.254,64.740 81.524,63.208 79.600,61.950 C78.373,61.214 77.632,59.880 77.656,58.450 C77.679,57.021 78.464,55.712 79.714,55.017 C80.964,54.322 82.490,54.348 83.716,55.083 C87.489,57.479 90.687,60.677 93.083,64.450 L93.100,64.433 C93.875,65.715 93.869,67.324 93.083,68.600 ZM68.067,83.883 C67.618,85.650 65.834,86.729 64.060,86.306 C62.287,85.882 61.183,84.112 61.583,82.333 L69.916,47.333 C70.365,45.566 72.150,44.487 73.923,44.911 C75.696,45.335 76.800,47.104 76.400,48.883 L68.067,83.883 ZM58.383,61.933 C56.435,63.159 54.706,64.703 53.266,66.500 C54.746,68.259 56.476,69.792 58.400,71.050 C59.627,71.785 60.367,73.119 60.344,74.549 C60.320,75.979 59.536,77.288 58.286,77.982 C57.036,78.677 55.510,78.652 54.283,77.916 C50.510,75.521 47.312,72.323 44.916,68.550 C44.156,67.283 44.156,65.700 44.916,64.433 C47.312,60.660 50.510,57.462 54.283,55.066 C55.511,54.291 57.064,54.243 58.338,54.940 C59.612,55.638 60.408,56.971 60.418,58.423 C60.427,59.876 59.648,61.220 58.383,61.933 Z\"\/>\n<\/svg>","_z_index":3,"_element_width":"auto","_position":"absolute","_offset_x":{"unit":"px","size":-112,"sizes":[]},"_offset_x_end":{"unit":"px","size":8,"sizes":[]},"_offset_orientation_v":"end","_offset_y_end":{"unit":"px","size":255,"sizes":[]},"rh_gsap_multi":[{"_id":"bd1836d"}],"rh_gsap":"true","rh_gsap_y":30,"rh_gsap_opacity":1,"rh_gsap_origin":"top","rh_gsap_duration":0.59999999999999997779553950749686919152736663818359375,"rh_gsap_delay":2,"rh_gsap_st_type":"svg","rh_parallax_el":"true","rh_parallax_el_speed":18},"elements":[],"isInner":false,"widgetType":"html","elType":"widget"},{"id":"579a2db8","settings":{"image":{"id":813,"url":"https:\/\/reviewit.wpsoul.net\/wp-content\/uploads\/2020\/10\/girlpic.jpg"},"rh_gsap_multi":[],"_margin":{"unit":"px","top":"0","right":"0","bottom":"0","left":"-60","isLinked":false},"_margin_tablet":{"unit":"px","top":"0","right":"0","bottom":"0","left":"0","isLinked":false},"image_size":"full","_element_width":"auto","rh_reveal_dir":"bt","rh_parlx_m_el":"true","rh_parlx_m_el_speed":15,"rh_parlx_m_el_tilt":15,"rh_reveal":"yes","rh_reveal_speed":0.8000000000000000444089209850062616169452667236328125,"rh_reveal_bgcolor":"#BBE5FF"},"elements":[],"isInner":false,"widgetType":"image","elType":"widget"}],"isInner":false,"elType":"column"},{"id":"40db3066","settings":{"_column_size":50,"_inline_size":52.9609999999999985220711096189916133880615234375},"elements":[{"id":"2881fae8","settings":{"title":"Increase Sales With<br>\nReview For Service<br>\nBusinesses","align":"left","typography_typography":"custom","typography_font_size":{"unit":"px","size":36,"sizes":[]},"rh_gsap_multi":[],"title_color":"#262578","typography_line_height":{"unit":"em","size":1.1999999999999999555910790149937383830547332763671875,"sizes":[]},"_margin":{"unit":"px","top":"0","right":"0","bottom":"30","left":"0","isLinked":false},"rh_gsap":"true","rh_gsap_y":15,"rh_gsap_opacity":1,"rh_gsap_st_type":"text","rh_gsap_text":"lines","typography_font_size_tablet":{"unit":"px","size":30,"sizes":[]}},"elements":[],"isInner":false,"widgetType":"heading","elType":"widget"},{"id":"1f63dada","settings":{"icon_list":[{"text":"Lorem ipsum is simply dummy text of the<br \/> printing and typesetting industry.","selected_icon":{"value":"rhicon rhi-chevron-circle-down","library":"rhicons"},"_id":"8da5209"},{"text":"Lorem ipsum is simply dummy text of the<br \/> printing and typesetting industry.","selected_icon":{"value":"rhicon rhi-chevron-circle-down","library":"rhicons"},"_id":"308c58e"},{"text":"Lorem ipsum is simply dummy text of the<br \/> printing and typesetting industry.","selected_icon":{"value":"rhicon rhi-chevron-circle-down","library":"rhicons"},"_id":"8ee4d54"}],"space_between":{"unit":"px","size":25,"sizes":[]},"icon_align":"left","icon_size":{"unit":"px","size":35,"sizes":[]},"text_indent":{"unit":"px","size":5,"sizes":[]},"rh_gsap_multi":[],"icon_color":"#296BEF","icon_typography_typography":"custom","icon_typography_font_size_tablet":{"unit":"px","size":14,"sizes":[]},"_animation":"stuckMoveUpOpacity","animation_duration":"fast"},"elements":[],"isInner":false,"widgetType":"icon-list","elType":"widget"}],"isInner":false,"elType":"column"}],"isInner":false,"elType":"section"},{"id":"7cda8359","settings":{"content_position":"middle","structure":"20"},"elements":[{"id":"d8e2e8a","settings":{"_column_size":50,"_inline_size":45.91799999999999926103555480949580669403076171875},"elements":[{"id":"72cdfe7f","settings":{"title":"Run a More Efficient<br>\nProduct Review From<br>\nAnywhere","align":"left","typography_typography":"custom","typography_font_size":{"unit":"px","size":36,"sizes":[]},"rh_gsap_multi":[],"title_color":"#262578","typography_line_height":{"unit":"em","size":1.1999999999999999555910790149937383830547332763671875,"sizes":[]},"_margin":{"unit":"px","top":"0","right":"0","bottom":"30","left":"0","isLinked":false},"rh_gsap":"true","rh_gsap_y":15,"rh_gsap_opacity":1,"rh_gsap_st_type":"text","rh_gsap_text":"lines","typography_font_size_tablet":{"unit":"px","size":30,"sizes":[]}},"elements":[],"isInner":false,"widgetType":"heading","elType":"widget"},{"id":"3f1b0b45","settings":{"icon_list":[{"text":"Lorem ipsum is simply dummy text of the<br \/> printing and typesetting industry.","selected_icon":{"value":"rhicon rhi-chevron-circle-down","library":"rhicons"},"_id":"8da5209"},{"text":"Lorem ipsum is simply dummy text of the<br \/> printing and typesetting industry.","selected_icon":{"value":"rhicon rhi-chevron-circle-down","library":"rhicons"},"_id":"308c58e"},{"text":"Lorem ipsum is simply dummy text of the<br \/> printing and typesetting industry.","selected_icon":{"value":"rhicon rhi-chevron-circle-down","library":"rhicons"},"_id":"8ee4d54"}],"space_between":{"unit":"px","size":25,"sizes":[]},"icon_align":"left","icon_size":{"unit":"px","size":35,"sizes":[]},"text_indent":{"unit":"px","size":5,"sizes":[]},"rh_gsap_multi":[],"icon_color":"#296BEF","icon_typography_typography":"custom","icon_typography_font_size_tablet":{"unit":"px","size":14,"sizes":[]},"_animation":"stuckMoveUpOpacity","animation_duration":"fast"},"elements":[],"isInner":false,"widgetType":"icon-list","elType":"widget"}],"isInner":false,"elType":"column"},{"id":"215edd7f","settings":{"_column_size":50,"_inline_size":54.08200000000000073896444519050419330596923828125,"align":"center"},"elements":[{"id":"219834f1","settings":{"html":"<svg \n xmlns=\"http:\/\/www.w3.org\/2000\/svg\"\n xmlns:xlink=\"http:\/\/www.w3.org\/1999\/xlink\"\n width=\"241px\" height=\"70px\">\n\n\n<path fill-rule=\"evenodd\"  fill=\"rgb(41, 107, 239)\"\n d=\"M175.460,36.565 L167.188,37.879 L173.264,43.641 L171.971,51.912 L179.321,47.914 L186.788,51.697 L185.259,43.465 L191.159,37.526 L182.868,36.447 L179.046,29.000 L175.460,36.565 L175.460,36.565 Z\"\/>\n<path fill-rule=\"evenodd\"  fill=\"rgb(41, 107, 239)\"\n d=\"M146.157,36.565 L137.886,37.879 L143.982,43.641 L142.688,51.912 L150.038,47.914 L157.506,51.697 L155.958,43.465 L161.877,37.526 L153.566,36.447 L149.744,29.000 L146.157,36.565 L146.157,36.565 Z\"\/>\n<path fill-rule=\"evenodd\"  fill=\"rgb(41, 107, 239)\"\n d=\"M116.855,36.565 L108.604,37.879 L114.680,43.641 L113.386,51.912 L120.736,47.914 L128.204,51.697 L126.675,43.465 L132.575,37.526 L124.264,36.447 L120.462,29.000 L116.855,36.565 L116.855,36.565 Z\"\/>\n<path fill-rule=\"evenodd\"  fill=\"rgb(41, 107, 239)\"\n d=\"M85.398,43.641 L84.084,51.892 L91.160,48.071 L91.434,47.914 L98.902,51.697 L97.393,43.465 L103.273,37.545 L94.982,36.447 L91.160,29.000 L87.553,36.565 L79.302,37.898 L85.398,43.641 L85.398,43.641 Z\"\/>\n<path fill-rule=\"evenodd\"  fill=\"rgb(41, 107, 239)\"\n d=\"M58.271,36.565 L50.000,37.879 L56.095,43.641 L54.782,51.912 L62.152,47.914 L69.600,51.697 L68.071,43.465 L73.990,37.526 L65.680,36.447 L61.858,29.000 L58.271,36.565 L58.271,36.565 Z\"\/>\n<\/svg>","_z_index":3,"_element_width":"auto","_position":"absolute","_offset_x":{"unit":"px","size":-16,"sizes":[]},"_offset_x_end":{"unit":"px","size":8,"sizes":[]},"_offset_orientation_v":"end","_offset_y_end":{"unit":"px","size":64,"sizes":[]},"rh_gsap_multi":[{"_id":"bd1836d"}],"rh_gsap":"true","rh_gsap_y":30,"rh_gsap_opacity":1,"rh_gsap_origin":"top","rh_gsap_duration":0.59999999999999997779553950749686919152736663818359375,"rh_gsap_st_type":"svg","_background_background":"classic","_background_color":"#FFFFFF","_border_radius":{"unit":"px","top":"100","right":"100","bottom":"100","left":"100","isLinked":true},"_box_shadow_box_shadow_type":"yes","_box_shadow_box_shadow":{"horizontal":0,"vertical":8,"blur":10,"spread":-1,"color":"rgba(0, 0, 0, 0.06)"},"_animation":"fade-in-fwd","animation_duration":"fast"},"elements":[],"isInner":false,"widgetType":"html","elType":"widget"},{"id":"59041fb6","settings":{"image":{"id":814,"url":"https:\/\/reviewit.wpsoul.net\/wp-content\/uploads\/2020\/10\/mangirl.jpg"},"rh_gsap_multi":[],"image_size":"full","_margin":{"unit":"px","top":"0","right":"0","bottom":"0","left":"-60","isLinked":false},"_margin_tablet":{"unit":"px","top":"0","right":"0","bottom":"0","left":"0","isLinked":false},"_element_width":"auto","rh_reveal_dir":"bt","rh_parlx_m_el":"true","rh_parlx_m_el_speed":15,"rh_parlx_m_el_tilt":15,"rh_reveal":"yes","rh_reveal_bgcolor":"#FFF2DC"},"elements":[],"isInner":false,"widgetType":"image","elType":"widget"}],"isInner":false,"elType":"column"}],"isInner":false,"elType":"section"},{"id":"4e8da5c3","settings":{"background_background":"classic","background_image":{"id":816,"url":"https:\/\/reviewit.wpsoul.net\/wp-content\/uploads\/2020\/10\/bgblueplant.jpg"},"background_repeat":"no-repeat","background_size":"cover","margin":{"unit":"px","top":"115","right":0,"bottom":"0","left":0,"isLinked":false},"padding":{"unit":"px","top":"85","right":"0","bottom":"85","left":"0","isLinked":false},"background_color":"#296BEF"},"elements":[{"id":"219079fb","settings":{"_column_size":100,"_inline_size":null},"elements":[{"id":"46d0fcc5","settings":{"title":"Ready to see<br>\nReviewit in action?","align":"center","typography_typography":"custom","typography_font_size":{"unit":"px","size":36,"sizes":[]},"rh_gsap_multi":[],"title_color":"#FFFFFF","typography_line_height":{"unit":"em","size":1.1999999999999999555910790149937383830547332763671875,"sizes":[]},"_margin":{"unit":"px","top":"0","right":"0","bottom":"30","left":"0","isLinked":false},"rh_gsap":"true","rh_gsap_y":15,"rh_gsap_opacity":1,"rh_gsap_st_type":"text","rh_gsap_text":"lines"},"elements":[],"isInner":false,"widgetType":"heading","elType":"widget"},{"id":"27075489","settings":{"title":"Schedule a demo, or learn more about our platform and how it works.","header_size":"div","align":"center","rh_gsap_multi":[],"__globals__":{"typography_typography":""},"title_color":"#FFFFFF","typography_typography":"custom","typography_font_size":{"unit":"px","size":18,"sizes":[]},"typography_font_weight":"normal","rh_gsap":"true","rh_gsap_y":15,"rh_gsap_opacity":1},"elements":[],"isInner":false,"widgetType":"heading","elType":"widget"},{"id":"27bbeacf","settings":{"text":"Submit your review","align":"center","typography_typography":"custom","typography_font_size":{"unit":"px","size":18,"sizes":[]},"button_text_color":"#296BEF","background_color":"#FFFFFF","border_radius":{"unit":"px","top":"40","right":"40","bottom":"40","left":"40","isLinked":true},"text_padding":{"unit":"px","top":"18","right":"95","bottom":"18","left":"95","isLinked":false},"_margin":{"unit":"px","top":"25","right":"0","bottom":"0","left":"0","isLinked":false},"rh_gsap_multi":[],"rh_gsap":"true","rh_gsap_y":15,"rh_gsap_opacity":1,"rh_gsap_duration":0.6999999999999999555910790149937383830547332763671875,"link":{"url":"\/add-review","is_external":"","nofollow":"","custom_attributes":""}},"elements":[],"isInner":false,"widgetType":"button","elType":"widget"}],"isInner":false,"elType":"column"}],"isInner":false,"elType":"section"},{"id":"29e973c1","settings":{"margin":{"unit":"px","top":"70","right":0,"bottom":"0","left":0,"isLinked":false},"margin_tablet":{"unit":"px","top":"","right":0,"bottom":"","left":0,"isLinked":true}},"elements":[{"id":"563cfa09","settings":{"_column_size":100,"_inline_size":null},"elements":[{"id":"7a258fda","settings":{"title":"Read Our Tips to Ease<br>\nEveryday Life","align":"center","typography_typography":"custom","typography_font_size":{"unit":"px","size":36,"sizes":[]},"rh_gsap_multi":[],"title_color":"#262578","typography_line_height":{"unit":"em","size":1.1999999999999999555910790149937383830547332763671875,"sizes":[]},"_margin":{"unit":"px","top":"0","right":"0","bottom":"30","left":"0","isLinked":false},"rh_gsap":"true","rh_gsap_y":15,"rh_gsap_opacity":1,"rh_gsap_st_type":"text","rh_gsap_text":"lines","typography_font_size_mobile":{"unit":"px","size":30,"sizes":[]}},"elements":[],"isInner":false,"widgetType":"heading","elType":"widget"},{"id":"2e03d100","settings":{"title":"Schedule a demo, or learn more about our platform and how it works.","header_size":"h5","align":"center","rh_gsap_multi":[],"__globals__":{"typography_typography":""},"title_color":"#000000","typography_typography":"custom","typography_font_size":{"unit":"px","size":18,"sizes":[]},"typography_font_weight":"normal","_margin":{"unit":"px","top":"0","right":"0","bottom":"40","left":"0","isLinked":false},"typography_font_size_mobile":{"unit":"px","size":16,"sizes":[]},"rh_gsap":"true","rh_gsap_y":15,"rh_gsap_opacity":1},"elements":[],"isInner":false,"widgetType":"heading","elType":"widget"},{"id":"42672af3","settings":{"cat":[],"cat_exclude":[],"tag":[],"tag_exclude":[],"ids":[],"tax_name":null,"tax_slug":null,"tax_slug_exclude":null,"show":3,"color1":"#0300E7","color2":"#E70091","color3":"#0300E7","filterpanel":[],"rh_gsap_multi":[],"data_source":"cpt","post_type":"blog","rh_gsap":"true","rh_gsap_y":15,"rh_gsap_opacity":1,"rh_gsap_trigger_type":"batch"},"elements":[],"isInner":false,"widgetType":"colored_grid_loop","elType":"widget"}],"isInner":false,"elType":"column"}],"isInner":false,"elType":"section"},{"id":"1018d4b5","settings":{"background_background":"gradient","background_color":"#ECF6FE","background_color_stop":{"unit":"%","size":1,"sizes":[]},"background_color_b":"#FFFFFF","shape_divider_top":"curve","padding":{"unit":"px","top":"180","right":"0","bottom":"0","left":"0","isLinked":false},"shape_divider_top_width":{"unit":"%","size":150,"sizes":[]},"shape_divider_top_height":{"unit":"px","size":125,"sizes":[]},"margin_tablet":{"unit":"px","top":"","right":0,"bottom":"","left":0,"isLinked":true}},"elements":[{"id":"290952d","settings":{"_column_size":100,"_inline_size":null,"z_index":1},"elements":[{"id":"5640a765","settings":{"title":"Our Reviewers","header_size":"div","align":"center","rh_gsap_multi":[],"__globals__":{"typography_typography":""},"title_color":"#296BEF","typography_typography":"custom","typography_font_size":{"unit":"px","size":17,"sizes":[]},"typography_text_transform":"uppercase","typography_font_weight":"bold","animation_duration":"slow","rh_gsap":"true","rh_gsap_y":15,"rh_gsap_rx":-30,"rh_gsap_opacity":1,"rh_gsap_duration":0.5},"elements":[],"isInner":false,"widgetType":"heading","elType":"widget"},{"id":"1dc2d94e","settings":{"title":"Meet Our Review Experts","align":"center","typography_typography":"custom","typography_font_size":{"unit":"px","size":36,"sizes":[]},"rh_gsap_multi":[],"_margin":{"unit":"px","top":"0","right":"0","bottom":"30","left":"0","isLinked":false},"title_color":"#262578","typography_line_height":{"unit":"em","size":1.1999999999999999555910790149937383830547332763671875,"sizes":[]},"rh_gsap":"true","rh_gsap_y":15,"rh_gsap_opacity":1,"rh_gsap_st_type":"text","rh_gsap_text":"lines","typography_font_size_mobile":{"unit":"px","size":30,"sizes":[]}},"elements":[],"isInner":false,"widgetType":"heading","elType":"widget"}],"isInner":false,"elType":"column"}],"isInner":false,"elType":"section"},{"id":"3c4f8d26","settings":{"background_background":"classic","background_position":"center center","background_repeat":"no-repeat","padding":{"unit":"px","top":"200","right":"0","bottom":"400","left":"0","isLinked":false},"shape_divider_top":"tilt","shape_divider_top_height":{"unit":"px","size":50,"sizes":[]},"shape_divider_top_flip":"yes","shape_divider_bottom":"tilt","shape_divider_bottom_height":{"unit":"px","size":50,"sizes":[]},"shape_divider_bottom_flip":"yes"},"elements":[{"id":"3f62ae36","settings":{"_column_size":100,"_inline_size":null},"elements":[{"id":"1c70a8d","settings":{"image":{"id":837,"url":"https:\/\/reviewit.wpsoul.net\/wp-content\/uploads\/2020\/10\/Oval-Copy-22.png"},"image_size":"full","_element_width":"auto","_position":"absolute","_offset_orientation_h":"end","_offset_x":{"unit":"px","size":243,"sizes":[]},"_offset_x_end":{"size":66.2710000000000007958078640513122081756591796875,"unit":"%"},"_offset_y":{"size":-153,"unit":"px"},"rh_gsap":"true","rh_gsap_y":50,"rh_gsap_scale":0.299999999999999988897769753748434595763683319091796875,"rh_gsap_opacity":1,"rh_gsap_delay":1,"rh_gsap_multi":[],"rh_gsap_x":50,"_offset_x_end_mobile":{"size":218,"unit":"px"},"_offset_y_mobile":{"size":-32,"unit":"px"}},"elements":[],"isInner":false,"widgetType":"image","elType":"widget"},{"id":"943658b","settings":{"image":{"id":839,"url":"https:\/\/reviewit.wpsoul.net\/wp-content\/uploads\/2020\/10\/Oval-Copy-18.png"},"image_size":"full","_element_width":"auto","_position":"absolute","_offset_orientation_h":"end","_offset_x":{"unit":"px","size":243,"sizes":[]},"_offset_x_end":{"size":54.00999999999999801048033987171947956085205078125,"unit":"%"},"_offset_y":{"size":-45,"unit":"px"},"rh_gsap":"true","rh_gsap_y":-50,"rh_gsap_scale":0.299999999999999988897769753748434595763683319091796875,"rh_gsap_opacity":1,"rh_gsap_delay":0.299999999999999988897769753748434595763683319091796875,"rh_gsap_x":50,"rh_gsap_multi":[],"_offset_x_end_mobile":{"size":69.4380000000000023874235921539366245269775390625,"unit":"px"},"_offset_y_mobile":{"size":28,"unit":"px"}},"elements":[],"isInner":false,"widgetType":"image","elType":"widget"},{"id":"189e0fb1","settings":{"image":{"id":1112,"url":"https:\/\/reviewit.wpsoul.net\/wp-content\/uploads\/2020\/11\/user1.png"},"image_size":"full","_element_width":"auto","_position":"absolute","_offset_orientation_h":"end","_offset_x":{"unit":"px","size":243,"sizes":[]},"_offset_x_end":{"size":67.736999999999994770405464805662631988525390625,"unit":"%"},"_offset_y":{"size":44,"unit":"px"},"rh_gsap":"true","rh_gsap_y":-50,"rh_gsap_scale":0.299999999999999988897769753748434595763683319091796875,"rh_gsap_opacity":1,"rh_gsap_delay":0.299999999999999988897769753748434595763683319091796875,"rh_gsap_x":50,"rh_gsap_multi":[],"_offset_x_end_mobile":{"size":-10.547000000000000596855898038484156131744384765625,"unit":"px"},"_offset_y_mobile":{"size":-81,"unit":"px"}},"elements":[],"isInner":false,"widgetType":"image","elType":"widget"},{"id":"242d4ecb","settings":{"image":{"id":834,"url":"https:\/\/reviewit.wpsoul.net\/wp-content\/uploads\/2020\/10\/Oval-Copy-25.png"},"image_size":"full","_element_width":"auto","_position":"absolute","_offset_orientation_h":"end","_offset_x":{"unit":"px","size":243,"sizes":[]},"_offset_x_end":{"size":32.48400000000000176214598468504846096038818359375,"unit":"%"},"_offset_y":{"size":-104,"unit":"px"},"rh_gsap":"true","rh_gsap_y":-50,"rh_gsap_scale":0.299999999999999988897769753748434595763683319091796875,"rh_gsap_opacity":1,"rh_gsap_delay":0.299999999999999988897769753748434595763683319091796875,"rh_gsap_x":20,"rh_gsap_multi":[],"_offset_x_end_tablet":{"size":227.875,"unit":"px"},"_offset_x_end_mobile":{"size":100,"unit":"px"},"_offset_y_tablet":{"size":-148,"unit":"px"},"_offset_y_mobile":{"size":-179,"unit":"px"}},"elements":[],"isInner":false,"widgetType":"image","elType":"widget"},{"id":"421a936d","settings":{"image":{"id":835,"url":"https:\/\/reviewit.wpsoul.net\/wp-content\/uploads\/2020\/10\/Group-19.png"},"image_size":"full","_element_width":"auto","_position":"absolute","_offset_orientation_h":"end","_offset_x":{"unit":"px","size":243,"sizes":[]},"_offset_x_end":{"size":18.15899999999999891997504164464771747589111328125,"unit":"%"},"_offset_y":{"size":-81,"unit":"px"},"rh_gsap":"true","rh_gsap_y":100,"rh_gsap_scale":0.299999999999999988897769753748434595763683319091796875,"rh_gsap_opacity":1,"rh_gsap_delay":2,"rh_gsap_x":-120,"rh_gsap_multi":[],"_offset_x_end_tablet":{"size":2.100000000000000088817841970012523233890533447265625,"unit":"px"},"_offset_x_end_mobile":{"size":-19.28099999999999880628820392303168773651123046875,"unit":"px"},"_offset_y_tablet":{"size":-156,"unit":"px"},"_offset_y_mobile":{"size":-188,"unit":"px"}},"elements":[],"isInner":false,"widgetType":"image","elType":"widget"},{"id":"210d536e","settings":{"image":{"id":1114,"url":"https:\/\/reviewit.wpsoul.net\/wp-content\/uploads\/2020\/11\/user3.png"},"image_size":"full","_element_width":"auto","_position":"absolute","_offset_orientation_h":"end","_offset_x":{"unit":"px","size":243,"sizes":[]},"_offset_x_end":{"size":48.57900000000000062527760746888816356658935546875,"unit":"%"},"_offset_y":{"size":-168,"unit":"px"},"rh_gsap":"true","rh_gsap_y":100,"rh_gsap_scale":0.299999999999999988897769753748434595763683319091796875,"rh_gsap_opacity":1,"rh_gsap_delay":2,"rh_gsap_x":10,"rh_gsap_multi":[],"_offset_x_end_tablet":{"size":105.7339999999999946567186270840466022491455078125,"unit":"px"},"_offset_x_end_mobile":{"size":19.71900000000000119371179607696831226348876953125,"unit":"px"},"_offset_y_tablet":{"size":-92,"unit":"px"},"_offset_y_mobile":{"size":169,"unit":"px"}},"elements":[],"isInner":false,"widgetType":"image","elType":"widget"},{"id":"337583d0","settings":{"image":{"id":836,"url":"https:\/\/reviewit.wpsoul.net\/wp-content\/uploads\/2020\/10\/Oval-Copy-17.png"},"image_size":"full","_element_width":"auto","_position":"absolute","_offset_orientation_h":"end","_offset_x":{"unit":"px","size":243,"sizes":[]},"_offset_x_end":{"size":35.10900000000000176214598468504846096038818359375,"unit":"%"},"_offset_y":{"size":69,"unit":"px"},"rh_gsap":"true","rh_gsap_y":-100,"rh_gsap_scale":0.299999999999999988897769753748434595763683319091796875,"rh_gsap_opacity":1,"rh_gsap_delay":1.5,"rh_gsap_x":-120,"rh_gsap_multi":[],"_offset_x_end_mobile":{"size":196.390999999999991132426657713949680328369140625,"unit":"px"},"_offset_y_mobile":{"size":113,"unit":"px"}},"elements":[],"isInner":false,"widgetType":"image","elType":"widget"},{"id":"73941aaf","settings":{"image":{"id":840,"url":"https:\/\/reviewit.wpsoul.net\/wp-content\/uploads\/2020\/10\/Oval-2.png"},"image_size":"full","_element_width":"auto","_position":"absolute","_offset_orientation_h":"end","_offset_x":{"unit":"px","size":243,"sizes":[]},"_offset_x_end":{"size":23.66799999999999926103555480949580669403076171875,"unit":"%"},"_offset_y":{"size":26,"unit":"px"},"rh_gsap":"true","rh_gsap_y":-100,"rh_gsap_scale":0.299999999999999988897769753748434595763683319091796875,"rh_gsap_opacity":1,"rh_gsap_delay":1.5,"rh_gsap_x":-120,"rh_gsap_multi":[],"_offset_x_end_tablet":{"size":155.390999999999991132426657713949680328369140625,"unit":"px"},"_offset_x_end_mobile":{"size":229.390999999999991132426657713949680328369140625,"unit":"px"},"_offset_y_tablet":{"size":24,"unit":"px"},"_offset_y_mobile":{"size":-231,"unit":"px"}},"elements":[],"isInner":false,"widgetType":"image","elType":"widget"},{"id":"63c5ecdc","settings":{"html":"<div style=\"background-color: transparent;\r\n    background-image: linear-gradient(150deg, #F50000 0%, #FFCB00 100%);\r\n    border-radius: 50% 50% 50% 50%;\r\n    box-shadow: -1px 10px 17px 4px rgba(0,0,0,0.1);\r\n    width: 40px;\r\n    height: 40px;\r\n    display: flex;\r\n    align-items: center;\r\n    justify-content: center;\"><\/div>","_element_width":"auto","_position":"absolute","_offset_x":{"size":120,"unit":"px"},"_offset_y":{"size":-111,"unit":"px"},"rh_gsap":"true","rh_gsap_x":170,"rh_gsap_y":30,"rh_gsap_scale":0.299999999999999988897769753748434595763683319091796875,"rh_gsap_opacity":1,"rh_gsap_delay":1,"rh_gsap_multi":[],"_offset_x_tablet":{"size":46,"unit":"px"},"_offset_y_tablet":{"size":-175,"unit":"px"},"_offset_x_mobile":{"size":201,"unit":"px"},"_offset_y_mobile":{"size":-216,"unit":"px"}},"elements":[],"isInner":false,"widgetType":"html","elType":"widget"},{"id":"39b7997","settings":{"html":"<div style=\"background-color: #ff936d;\r\n    border-radius: 50% 50% 50% 50%;\r\n    box-shadow: -1px 10px 17px 4px rgba(0,0,0,0.1);\r\n    width: 60px;\r\n    height: 60px;\r\n    display: flex;\r\n    align-items: center;\r\n    justify-content: center;\"><\/div>","_element_width":"auto","_position":"absolute","_offset_x":{"size":485,"unit":"px"},"_offset_y":{"size":120,"unit":"px"},"rh_gsap":"true","rh_gsap_x":30,"rh_gsap_y":-60,"rh_gsap_scale":0.299999999999999988897769753748434595763683319091796875,"rh_gsap_opacity":1,"rh_gsap_delay":2.20000000000000017763568394002504646778106689453125,"rh_gsap_multi":[],"_offset_x_tablet":{"size":594,"unit":"px"},"_offset_y_tablet":{"size":77,"unit":"px"}},"elements":[],"isInner":false,"widgetType":"html","elType":"widget"},{"id":"213f73a0","settings":{"html":"<div style=\"background-color: transparent;\r\n    background-image: linear-gradient(150deg, #bbff35 0%, #5fcc92 100%);\r\n    border-radius: 50% 50% 50% 50%;\r\n    box-shadow: -1px 10px 17px 4px rgba(0,0,0,0.1);\r\n    width: 71px;\r\n    height: 71px;\r\n    display: flex;\r\n    align-items: center;\r\n    justify-content: center;\"><\/div>","_element_width":"auto","_position":"absolute","_offset_x":{"size":1010.9379999999999881765688769519329071044921875,"unit":"px"},"_offset_y":{"size":-138.921999999999997044142219237983226776123046875,"unit":"px"},"rh_gsap":"true","rh_gsap_x":-130,"rh_gsap_y":130,"rh_gsap_scale":0.299999999999999988897769753748434595763683319091796875,"rh_gsap_opacity":1,"rh_gsap_delay":1.6999999999999999555910790149937383830547332763671875,"rh_gsap_multi":[],"_offset_x_mobile":{"size":87,"unit":"px"},"_offset_y_mobile":{"size":283.0629999999999881765688769519329071044921875,"unit":"px"}},"elements":[],"isInner":false,"widgetType":"html","elType":"widget"},{"id":"72e8d576","settings":{"image":{"id":838,"url":"https:\/\/reviewit.wpsoul.net\/wp-content\/uploads\/2020\/10\/bgmap.png"},"image_size":"full","_z_index":0,"_element_width":"auto","_position":"absolute","_offset_x":{"size":44,"unit":"px"},"_offset_orientation_v":"end","_offset_y":{"size":174,"unit":"px"},"_offset_y_end":{"size":-338,"unit":"px"},"rh_gsap_multi":[]},"elements":[],"isInner":false,"widgetType":"image","elType":"widget"}],"isInner":false,"elType":"column"}],"isInner":false,"elType":"section"}]}