{"version":"0.4","title":"Divider with gradient","type":"section","content":[{"id":"67fac2f7","settings":{"layout":"full_width","background_background":"gradient","background_color":"#7000f4","background_color_b":"#8010a3","shape_divider_bottom":"tilt","shape_divider_bottom_height":{"unit":"px","size":102,"sizes":[]},"shape_divider_bottom_flip":"yes","padding":{"unit":"px","top":"100","right":"0","bottom":"120","left":"0","isLinked":false},"shape_divider_top":"mountains","shape_divider_top_height":{"unit":"px","size":31,"sizes":[]},"margin":{"unit":"px","top":"20","right":0,"bottom":"20","left":0,"isLinked":true}},"elements":[{"id":"76b84f3f","settings":{"_column_size":100},"elements":[{"id":"696580d8","settings":{"title":"Compare DJI Osmo and GoPro 7","align":"center","title_color":"#ffffff","typography_typography":"custom","typography_font_size":{"unit":"px","size":42,"sizes":[]},"_animation":"fadeInUp"},"elements":[],"isInner":false,"widgetType":"heading","elType":"widget"},{"id":"271c51d7","settings":{"title":"Specification Comparison and Reviews","header_size":"div","align":"center","title_color":"#fff9db","typography_typography":"custom","typography_line_height":{"unit":"em","size":1.5,"sizes":[]},"_animation":"fadeInUp","_animation_delay":300},"elements":[],"isInner":false,"widgetType":"heading","elType":"widget"}],"isInner":false,"elType":"column"}],"isInner":false,"elType":"section"}],"page_settings":{"content_type":"full_post_area","_header_disable":"1"}}