{"version":"0.4","title":"Versus page second","type":"page","content":[{"id":"bf58109","settings":{"structure":"40","padding":{"unit":"px","top":"50","right":"0","bottom":"50","left":"0","isLinked":false},"background_background":"classic","background_color":"#140a00","background_color_b":"#fff6c1","background_image":{"url":"http:\/\/recomparedemo.wpsoul.net\/wp-content\/uploads\/2017\/09\/bgcompare.jpg","id":267},"background_repeat":"no-repeat","shape_divider_bottom":"book","shape_divider_bottom_width":{"unit":"%","size":300,"sizes":[]},"shape_divider_bottom_height":{"unit":"px","size":20,"sizes":[]},"padding_mobile":{"unit":"px","top":"10","right":"0","bottom":"40","left":"0","isLinked":false},"background_position":"center center"},"elements":[{"id":"253086cb","settings":{"_column_size":25,"_inline_size":null,"space_between_widgets":5,"hide_mobile":"hidden-phone"},"elements":[{"id":"6292c8fd","settings":{"title":"DJI","header_size":"h6","align":"right","title_color":"#ffa500","typography_typography":"custom","typography_font_size":{"unit":"px","size":40,"sizes":[]},"typography_font_weight":"900","_animation":"stuckMoveUpOpacity"},"elements":[],"isInner":false,"widgetType":"heading","elType":"widget"},{"id":"49520c47","settings":{"title":"MAVIC PRO","header_size":"h6","align":"right","typography_typography":"custom","typography_font_size":{"unit":"px","size":33,"sizes":[]},"typography_font_weight":"900","title_color":"#ffffff","_animation":"stuckMoveUpOpacity","_animation_delay":200},"elements":[],"isInner":false,"widgetType":"heading","elType":"widget"},{"id":"b36c51a","settings":{"title":"Compact, smart, amazing","header_size":"div","align":"right","title_color":"#afafaf","typography_font_size":{"unit":"px","size":33,"sizes":[]},"typography_font_weight":"900","_animation":"stuckMoveUpOpacity","_animation_delay":400,"hide_tablet":"hidden-tablet"},"elements":[],"isInner":false,"widgetType":"heading","elType":"widget"},{"id":"5b03b08e","settings":{"icon_list":[{"text":"27 minute Fly","selected_icon":{"value":"rhicon rhi-car-battery","library":"fa-regular"},"_id":"7750e54","link":{"url":"","is_external":"","nofollow":""}},{"text":"4K camera FPS","selected_icon":{"value":"rhicon rhi-camera","library":"fa-regular"},"_id":"5c84e11","link":{"url":"","is_external":"","nofollow":""}}],"icon_align":"right","icon_color":"#4d9fd6","icon_size":{"unit":"px","size":18,"sizes":[]},"text_color":"#ffffff","text_indent":{"unit":"px","size":10,"sizes":[]},"icon_typography_typography":"custom","icon_typography_font_size":{"unit":"px","size":14,"sizes":[]},"_margin":{"unit":"px","top":"10","right":"0","bottom":"0","left":"0","isLinked":false},"_animation":"stuckMoveUpOpacity","_animation_delay":600,"hide_tablet":"hidden-tablet"},"elements":[],"isInner":false,"widgetType":"icon-list","elType":"widget"}],"isInner":false,"elType":"column"},{"id":"63a03883","settings":{"_column_size":25,"_inline_size":null,"content_position":"bottom","align":"center"},"elements":[{"id":"2c6a7b83","settings":{"image":{"url":"http:\/\/recomparedemo.wpsoul.net\/wp-content\/uploads\/revslider\/recompare1\/mavic.png","id":43},"image_size":"full","_animation":"fade-in-fwd"},"elements":[],"isInner":false,"widgetType":"image","elType":"widget"},{"id":"39560854","settings":{"shortcode":"[getHotThumb deal_score=1 post_id=72]","_animation":"fadeInLeft","_element_width":"auto","hide_tablet":"hidden-tablet"},"elements":[],"isInner":false,"widgetType":"shortcode","elType":"widget"}],"isInner":false,"elType":"column"},{"id":"32edec30","settings":{"_column_size":25,"_inline_size":null,"content_position":"bottom","align":"center"},"elements":[{"id":"3e3363a5","settings":{"image":{"url":"http:\/\/recomparedemo.wpsoul.net\/wp-content\/uploads\/revslider\/recompare1\/karma-drone-main.png","id":44},"image_size":"full","_animation":"fade-in-fwd"},"elements":[],"isInner":false,"widgetType":"image","elType":"widget"},{"id":"407e9e8e","settings":{"shortcode":"[getHotThumb deal_score=1 post_id=184]","_animation":"fadeInRight","_element_width":"auto","hide_tablet":"hidden-tablet"},"elements":[],"isInner":false,"widgetType":"shortcode","elType":"widget"}],"isInner":false,"elType":"column"},{"id":"1b5a34e9","settings":{"_column_size":25,"_inline_size":null,"space_between_widgets":5,"hide_mobile":"hidden-phone"},"elements":[{"id":"3de3596a","settings":{"title":"GOPRO","header_size":"h6","align":"left","title_color":"#ffa500","typography_typography":"custom","typography_font_size":{"unit":"px","size":40,"sizes":[]},"typography_font_weight":"900","_animation":"stuckMoveUpOpacity"},"elements":[],"isInner":false,"widgetType":"heading","elType":"widget"},{"id":"498846ab","settings":{"title":"KARMA DRONE","header_size":"h6","align":"left","typography_typography":"custom","typography_font_size":{"unit":"px","size":33,"sizes":[]},"typography_font_weight":"900","title_color":"#ffffff","_animation":"stuckMoveUpOpacity","_animation_delay":200},"elements":[],"isInner":false,"widgetType":"heading","elType":"widget"},{"id":"55310af6","settings":{"title":"Awesome video quality","header_size":"div","align":"left","title_color":"#afafaf","typography_font_size":{"unit":"px","size":33,"sizes":[]},"typography_font_weight":"900","_animation":"stuckMoveUpOpacity","_animation_delay":300,"hide_tablet":"hidden-tablet"},"elements":[],"isInner":false,"widgetType":"heading","elType":"widget"},{"id":"61b06c7f","settings":{"icon_list":[{"text":"20 minute Fly","selected_icon":{"value":"rhicon rhi-car-battery","library":"fa-regular"},"_id":"7750e54","link":{"url":"","is_external":"","nofollow":""}},{"text":"4K camera FPS","selected_icon":{"value":"rhicon rhi-camera","library":"fa-regular"},"_id":"5c84e11","link":{"url":"","is_external":"","nofollow":""}}],"icon_align":"left","icon_color":"#4d9fd6","icon_size":{"unit":"px","size":18,"sizes":[]},"text_color":"#ffffff","text_indent":{"unit":"px","size":10,"sizes":[]},"icon_typography_typography":"custom","icon_typography_font_size":{"unit":"px","size":14,"sizes":[]},"_margin":{"unit":"px","top":"10","right":"0","bottom":"0","left":"0","isLinked":false},"_animation":"stuckMoveUpOpacity","_animation_delay":500,"hide_tablet":"hidden-tablet"},"elements":[],"isInner":false,"widgetType":"icon-list","elType":"widget"}],"isInner":false,"elType":"column"}],"isInner":false,"elType":"section"},{"id":"635ab0de","settings":{"structure":"30","margin":{"unit":"px","top":"30","right":0,"bottom":"0","left":0,"isLinked":false}},"elements":[{"id":"231c4c99","settings":{"_column_size":33,"_inline_size":20},"elements":[{"id":"15f1d6be","settings":{"image":{"id":774,"url":"http:\/\/recomparedemo.wpsoul.net\/wp-content\/uploads\/2019\/07\/mavic.png"},"image_size":"full","align":"center"},"elements":[],"isInner":false,"widgetType":"image","elType":"widget"},{"id":"432d8037","settings":{"text":"CHOOSE OFFERS","link":{"url":"","is_external":"","nofollow":""},"align":"center","typography_font_size":{"unit":"px","size":26,"sizes":[]},"typography_font_weight":"bold","typography_line_height":{"unit":"px","size":15,"sizes":[]},"button_text_color":"#ffffff","background_color":"#f20800","border_radius":{"unit":"px","top":"5","right":"5","bottom":"5","left":"5","isLinked":true},"text_padding":{"unit":"px","top":"10","right":"10","bottom":"10","left":"10","isLinked":true}},"elements":[],"isInner":false,"widgetType":"button","elType":"widget"}],"isInner":false,"elType":"column"},{"id":"55abd838","settings":{"_column_size":33,"_inline_size":60,"space_between_widgets":0},"elements":[{"id":"46529e17","settings":{"heading":"Mavic PRO vs GoPro Karma Drone","secondcolumntype":"image","secondcolumnimg":{"id":400,"url":"http:\/\/recompare.wpsoul.net\/wp-content\/uploads\/2017\/10\/karma_icon.png"},"firstcolumnimg":{"id":401,"url":"http:\/\/recompare.wpsoul.net\/wp-content\/uploads\/2017\/10\/mavic_icon.png"},"subheading":"Versus subline","firstcolumntype":"image","firstcolumncont":"Value 1","secondcolumncont":"Value 2","thirdcolumncont":"Value 3","bg":"#f7f7f7"},"elements":[],"isInner":false,"widgetType":"wpsm_versus","elType":"widget"},{"id":"6af5d2cb","settings":{"heading":"Smart obstacle avoidance","subheading":"Forward and Side","firstcolumntype":"tick","secondcolumntype":"times","firstcolumncont":"Value 1","secondcolumncont":"Value 2","thirdcolumncont":"Value 3"},"elements":[],"isInner":false,"widgetType":"wpsm_versus","elType":"widget"},{"id":"5c3b5e42","settings":{"heading":"Smart flight modes","subheading":"For video and flight smart ways","firstcolumntype":"tick","secondcolumntype":"times","firstcolumncont":"Value 1","secondcolumncont":"Value 2","thirdcolumncont":"Value 3"},"elements":[],"isInner":false,"widgetType":"wpsm_versus","elType":"widget"},{"id":"4143cf2b","settings":{"heading":"Flight Time","subheading":"maximum time with cameras on board","firstcolumncont":"27","secondcolumncont":"20","secondcolumngrey":"yes","thirdcolumncont":"Value 3"},"elements":[],"isInner":false,"widgetType":"wpsm_versus","elType":"widget"},{"id":"78d7a9db","settings":{"heading":"Remote Controller range","subheading":"Approximately in meters","firstcolumncont":"7000","secondcolumncont":"3000","secondcolumngrey":"yes","thirdcolumncont":"Value 3"},"elements":[],"isInner":false,"widgetType":"wpsm_versus","elType":"widget"},{"id":"77431509","settings":{"heading":"Speed supported","subheading":"Speed in km\/h in sport mode","firstcolumncont":"62","secondcolumncont":"48","secondcolumngrey":"yes","thirdcolumncont":"Value 3"},"elements":[],"isInner":false,"widgetType":"wpsm_versus","elType":"widget"},{"id":"72dae698","settings":{"heading":"Camera","subheading":"Camera resolution and fps","firstcolumncont":"4k 30 fps","secondcolumncont":"4k 60fps","firstcolumngrey":"yes","thirdcolumncont":"Value 3"},"elements":[],"isInner":false,"widgetType":"wpsm_versus","elType":"widget"}],"isInner":false,"elType":"column"},{"id":"559d0c6e","settings":{"_column_size":33,"_inline_size":19.999},"elements":[{"id":"c7e7e0","settings":{"image":{"id":777,"url":"http:\/\/recomparedemo.wpsoul.net\/wp-content\/uploads\/2019\/07\/karma-drone-main.png"},"image_size":"full","align":"center"},"elements":[],"isInner":false,"widgetType":"image","elType":"widget"},{"id":"10c1c4bd","settings":{"text":"CHOOSE OFFERS","link":{"url":"","is_external":"","nofollow":""},"align":"center","typography_font_size":{"unit":"px","size":26,"sizes":[]},"typography_font_weight":"bold","typography_line_height":{"unit":"px","size":15,"sizes":[]},"button_text_color":"#ffffff","background_color":"#f20800","border_radius":{"unit":"px","top":"5","right":"5","bottom":"5","left":"5","isLinked":true},"text_padding":{"unit":"px","top":"10","right":"10","bottom":"10","left":"10","isLinked":true}},"elements":[],"isInner":false,"widgetType":"button","elType":"widget"}],"isInner":false,"elType":"column"}],"isInner":false,"elType":"section"},{"id":"7f4457d0","settings":{"layout":"full_width","background_background":"classic","background_color":"#7000f4","background_color_b":"#8010a3","shape_divider_bottom":"opacity-fan","shape_divider_bottom_height":{"unit":"px","size":53,"sizes":[]},"shape_divider_bottom_flip":"yes","padding":{"unit":"px","top":"70","right":"0","bottom":"90","left":"0","isLinked":false},"shape_divider_top_height":{"unit":"px","size":31,"sizes":[]},"margin":{"unit":"px","top":"20","right":0,"bottom":"20","left":0,"isLinked":true},"background_image":{"url":"http:\/\/recomparedemo.wpsoul.net\/wp-content\/uploads\/2017\/09\/bgcompare.jpg","id":267},"background_size":"cover"},"elements":[{"id":"3e5e616c","settings":{"_column_size":100},"elements":[{"id":"5a13d104","settings":{"title":"Compare Mavic PRO with GoPro Karma Drone","align":"center","title_color":"#ffffff","typography_typography":"custom","typography_font_size":{"unit":"px","size":35,"sizes":[]},"_animation":"fadeInUp"},"elements":[],"isInner":false,"widgetType":"heading","elType":"widget"},{"id":"60d3d188","settings":{"title":"Specification Comparison and Reviews","header_size":"div","align":"center","title_color":"#fff9db","typography_typography":"custom","typography_line_height":{"unit":"em","size":1.5,"sizes":[]},"_animation":"fadeInUp","_animation_delay":300,"typography_font_size":{"unit":"px","size":21,"sizes":[]}},"elements":[],"isInner":false,"widgetType":"heading","elType":"widget"}],"isInner":false,"elType":"column"}],"isInner":false,"elType":"section"},{"id":"6b05769b","settings":{"content_width":{"unit":"px","size":800,"sizes":[]}},"elements":[{"id":"6b03877a","settings":{"_column_size":100},"elements":[{"id":"d3e4d0c","settings":{"editor":"<p>Drones are yet to fully cross over into the mainstream, but GoPro and DJI have both helped push things in that direction with their latest offerings.<\/p><p>GoPro\u2019s Karma and DJI\u2019s Mavic Pro are both compact, portable drones, but while the latter has a built-in camera, the former is designed to work with several GoPro cameras.<\/p><p>It seems the battle is on for the best portable camera drone, then, but which of these two is looking like the best offering at this early stage? Read on to find out.<\/p><h2>Size and folding<\/h2><p>The obvious point of having a folding drone is that you can easily take it on adventures. Then, when you\u2019re on a remote trail or a distant beach and want to grab some quick footage of that stunning sunset, you pull the drone out of your bag and get it aloft before the perfect moment has passed. Imagining this kind of scenario, you\u2019ll realise that there are two components to any drone\u2019s portability: how easy it is to carry around and how easy it is to get in the air quickly.<\/p><p>Between the DJI and the GoPro folding drone models, there\u2019s a very clear winner here: the Mavic Pro.\u00a0 The Mavic Pro folds down to a tight compact block that\u2019s roughly the size of a hearty Italian sandwich and the weight of a thick novel. The propellers also feature a clever design that lets them fold up too, so that you don\u2019t have to install them and uninstall them every time you move locations. Consequently it takes just 86 seconds to get the Mavic Pro ready to be in the air.<\/p><h2>Maximum Speed<\/h2><p>The Mavic Pro can fly 40 mph (65 kph) while in Sport mode. The Karma has a maximum speed of 35 mph (56.3 kph).<\/p>"},"elements":[],"isInner":false,"widgetType":"text-editor","elType":"widget"},{"id":"77b469c0","settings":{"ids":["72","184"],"attr":["speed-supported"],"color":"#4054b2","markcolor":"#d30038","_padding":{"unit":"px","top":"15","right":"25","bottom":"15","left":"25","isLinked":false},"_border_border":"solid","_border_width":{"unit":"px","top":"1","right":"1","bottom":"1","left":"1","isLinked":true},"_border_color":"#e0e0e0"},"elements":[],"isInner":false,"widgetType":"wpsm_woocomparebars","elType":"widget"},{"id":"62e49053","settings":{"editor":"<p><img class=\"emoji\" draggable=\"false\" src=\"https:\/\/s.w.org\/images\/core\/emoji\/12.0.0-1\/svg\/1f3c6.svg\" alt=\"\ud83c\udfc6\" \/>\u00a0Winner: DJI Mavic Pro.<\/p><h2>Max Flight Time<\/h2><p>When it comes to flight time, the Karma will stay airborne for 20 minutes, which isn\u2019t all that great in the grand scheme of things. And, once again, the Mavic has it beat, although only very slightly, with a max flight time of 21 minutes. It can, however, last up to 27 minutes according to DJI. Of course, you can bring extra batteries along for both of these drones, which looks like it\u2019s going to be a necessity given the paltry flying times.<\/p>"},"elements":[],"isInner":false,"widgetType":"text-editor","elType":"widget"},{"id":"4b71b0b1","settings":{"ids":["72","184"],"attr":["maximum-flight-time"],"color":"#4054b2","markcolor":"#d30038","_padding":{"unit":"px","top":"15","right":"25","bottom":"15","left":"25","isLinked":false},"_border_border":"solid","_border_width":{"unit":"px","top":"1","right":"1","bottom":"1","left":"1","isLinked":true},"_border_color":"#e0e0e0"},"elements":[],"isInner":false,"widgetType":"wpsm_woocomparebars","elType":"widget"},{"id":"3833084e","settings":{"editor":"<p><img class=\"emoji\" draggable=\"false\" src=\"https:\/\/s.w.org\/images\/core\/emoji\/12.0.0-1\/svg\/1f3c6.svg\" alt=\"\ud83c\udfc6\" \/>\u00a0Winner: DJI Mavic Pro.<\/p><h2>Max Distance<\/h2><p>The Karma will top out at 35mph and has a maximum range of 3km. It\u2019s also capable of flying at an altitude of 4,500m. The Mavic Pro, on the other hand, has the edge on the Karma in this respect, as it can hit 40mph and can travel up to a rather impressive 7km before it loses transmission. That\u2019s 6km further than the GoPro.<\/p><p>The Mavic can also reach a height of 5,000m, beating the Karma by 500m. DJI says this is 5,000m above sea level, however, while GoPro simply states a max flight altitude of 4,500m.<\/p><p>The Karma is not fun to fly. As the large size and weight would suggest, it\u2019s sluggish in the air and not graceful when avoiding obstacles. That\u2019s because it doesn\u2019t have any obstacle avoidance technology, so you\u2019re probably going to crash it at some point, and when you do, every single one of those hard-to-install rotors will break. God, and as if it couldn\u2019t get any worse, the Karma\u2019s GPS doesn\u2019t work as well as the Mavic\u2019s does. That means if you lose a GPS signal, the drone will float around the air aimlessly.<\/p>"},"elements":[],"isInner":false,"widgetType":"text-editor","elType":"widget"},{"id":"15d27c84","settings":{"ids":["72","184"],"attr":["remote-control-range"],"color":"#4054b2","markcolor":"#d30038","_padding":{"unit":"px","top":"15","right":"25","bottom":"15","left":"25","isLinked":false},"_border_border":"solid","_border_width":{"unit":"px","top":"1","right":"1","bottom":"1","left":"1","isLinked":true},"_border_color":"#e0e0e0"},"elements":[],"isInner":false,"widgetType":"wpsm_woocomparebars","elType":"widget"},{"id":"9550a1c","settings":{"editor":"<h3>GoPro Karma vs DJI Mavic Pro \u2013 Controllers<\/h3><p>So how do you control these beasts? Well, the Karma comes with its own controller, which looks a tad outdated if you ask us. It takes the form of a clamshell-style remote control with a 5-inch touchscreen that shows real-time views from the drone\u2019s camera in 720p resolution.<\/p><p><img class=\"alignnone wp-image-373 size-full\" src=\"http:\/\/recomparedemo.wpsoul.net\/wp-content\/uploads\/2017\/10\/controllers.jpg\" alt=\"\" width=\"800\" height=\"478\" \/><\/p><p>DJI also has another trick up its sleeve. It\u2019s offering a pair of goggles that look much like a VR headset and allow you to see what the drone\u2019s camera sees. When wearing the goggles, your head movements will control the drone\u2019s movements, which may or may not land you in a spot of legal trouble when it comes to laws that require you to keep the drone within sight, etc.<\/p><h3>Intelligent Flight Modes<\/h3><p>The Mavic Pro uses a host of sensors and cameras for its FlightAutonomy obstacle avoidance system, object tracking system, and gesture control system. The Karma lacks obstacle avoidance and \u201cFollow Me\u201d features.<\/p><p>Mavic Pro\u2019s auto-flight features are geared towards people who want to operate a drone without necessarily having the skills to fly a drone. Karma has some automated features, including the ability to travel between two points, but it\u2019s geared much more towards manual controlled flight.<\/p><p><img class=\"emoji\" draggable=\"false\" src=\"https:\/\/s.w.org\/images\/core\/emoji\/12.0.0-1\/svg\/1f3c6.svg\" alt=\"\ud83c\udfc6\" \/>\u00a0Winner: DJI Mavic Pro.<\/p>"},"elements":[],"isInner":false,"widgetType":"text-editor","elType":"widget"},{"id":"1bb4ef9","settings":{"type":"blue","title":"Title","content":"<p>It seems that GoPro has changed\u00a0<a href=\"https:\/\/shop.gopro.com\/karmatechspecs\" target=\"_blank\" rel=\"follow external noopener noreferrer\" data-wpel-link=\"external\">its Karma specs page<\/a>\u00a0since our original post yesterday. Instead of having a max operating distance of 1km, the page now says \u201cup to\u201d 3km.<\/p>","_margin":{"unit":"px","top":"0","right":"0","bottom":"30","left":"0","isLinked":false}},"elements":[],"isInner":false,"widgetType":"wpsm-box","elType":"widget"}],"isInner":false,"elType":"column"}],"isInner":false,"elType":"section"},{"id":"7650b35e","settings":{"background_background":"classic","background_color":"#f2f2f2","shape_divider_top":"mountains","shape_divider_top_width":{"unit":"%","size":100,"sizes":[]},"shape_divider_top_height":{"unit":"px","size":43,"sizes":[]},"shape_divider_top_flip":"yes","shape_divider_bottom":"mountains","shape_divider_bottom_height":{"unit":"px","size":43,"sizes":[]},"margin":{"unit":"px","top":"30","right":0,"bottom":"30","left":0,"isLinked":true},"padding":{"unit":"px","top":"50","right":"0","bottom":"30","left":"0","isLinked":false}},"elements":[{"id":"4b38d6e4","settings":{"_column_size":100,"_inline_size":null},"elements":[{"id":"1d1583e2","settings":{"selected_icon":{"value":"rhicon rhi-user-edit","library":"fa-light"},"title_text":"Latest User Reviews","description_text":"Check what other users think about","primary_color":"#eaa454","icon_space":{"unit":"px","size":14,"sizes":[]},"icon_size":{"unit":"px","size":38,"sizes":[]},"title_bottom_space":{"unit":"px","size":4,"sizes":[]},"title_typography_typography":"custom","title_typography_font_size":{"unit":"px","size":28,"sizes":[]},"_margin":{"unit":"px","top":"0","right":"0","bottom":"20","left":"0","isLinked":false}},"elements":[],"isInner":false,"widgetType":"icon-box","elType":"widget"},{"id":"4749eb70","settings":{"structure":"20"},"elements":[{"id":"f74d59","settings":{"_column_size":50,"_inline_size":null},"elements":[{"id":"76f90883","settings":{"shortcode":"[rh_latest_comments post_type=product postids=72]"},"elements":[],"isInner":false,"widgetType":"shortcode","elType":"widget"}],"isInner":true,"elType":"column"},{"id":"1a15551c","settings":{"_column_size":50,"_inline_size":null},"elements":[{"id":"60430419","settings":{"shortcode":"[rh_latest_comments post_type=product postids=184]"},"elements":[],"isInner":false,"widgetType":"shortcode","elType":"widget"}],"isInner":true,"elType":"column"}],"isInner":true,"elType":"section"}],"isInner":false,"elType":"column"}],"isInner":false,"elType":"section"},{"id":"6d93c867","settings":{"margin":{"unit":"px","top":"0","right":0,"bottom":"0","left":0,"isLinked":true}},"elements":[{"id":"441080c0","settings":{"_column_size":100},"elements":[{"id":"88dba9c","settings":{"selected_icon":{"value":"rhicon rhi-cartfeather","library":"fa-light"},"title_text":"Buy it Now and get discount","description_text":"Check where you can buy drones","primary_color":"#eaa454","icon_space":{"unit":"px","size":14,"sizes":[]},"icon_size":{"unit":"px","size":38,"sizes":[]},"title_bottom_space":{"unit":"px","size":4,"sizes":[]},"title_typography_typography":"custom","title_typography_font_size":{"unit":"px","size":28,"sizes":[]},"_margin":{"unit":"px","top":"0","right":"0","bottom":"20","left":"0","isLinked":false},"_animation":"fadeIn"},"elements":[],"isInner":false,"widgetType":"icon-box","elType":"widget"}],"isInner":false,"elType":"column"}],"isInner":false,"elType":"section"},{"id":"663e36f6","settings":{"structure":"20","margin":{"unit":"px","top":"0","right":0,"bottom":"50","left":0,"isLinked":false}},"elements":[{"id":"6e5bb048","settings":{"_column_size":50,"_inline_size":null,"margin_mobile":{"unit":"px","top":"0","right":"0","bottom":"30","left":"0","isLinked":false}},"elements":[{"id":"7b68a134","settings":{"image":{"url":"http:\/\/recomparedemo.wpsoul.net\/wp-content\/uploads\/revslider\/recompare1\/mavic.png","id":43},"image_size":"medium","_animation":"swing-in-top-fwd"},"elements":[],"isInner":false,"widgetType":"image","elType":"widget"},{"id":"19bc58f8","settings":{"postid":"72","type":"cemerchant","_animation":"stuckMoveUpOpacity"},"elements":[],"isInner":false,"widgetType":"wpsm_scorebox","elType":"widget"}],"isInner":false,"elType":"column"},{"id":"51b66126","settings":{"_column_size":50,"_inline_size":null},"elements":[{"id":"c2a65f1","settings":{"image":{"url":"http:\/\/recomparedemo.wpsoul.net\/wp-content\/uploads\/revslider\/recompare1\/karma-drone-main.png","id":44},"image_size":"medium","_animation":"swing-in-top-fwd"},"elements":[],"isInner":false,"widgetType":"image","elType":"widget"},{"id":"6f596566","settings":{"postid":"184","type":"cemerchant","_animation":"stuckMoveUpOpacity","_animation_delay":200},"elements":[],"isInner":false,"widgetType":"wpsm_scorebox","elType":"widget"}],"isInner":false,"elType":"column"}],"isInner":false,"elType":"section"}]}