{"version":"0.4","title":"Testimonial 2","type":"section","content":[{"id":"77c927be","settings":{"background_background":"classic","background_gradient_angle":{"unit":"deg","size":90,"sizes":[]},"stretch_section":"section-stretched","content_position":"middle","padding":{"unit":"px","top":"50","right":"0","bottom":"60","left":"0","isLinked":false},"margin":{"unit":"px","top":"0","right":0,"bottom":"30","left":0,"isLinked":false},"margin_mobile":{"unit":"px","top":"","right":0,"bottom":"","left":0,"isLinked":true}},"elements":[{"id":"5a82441","settings":{"_column_size":100,"_inline_size":null,"space_between_widgets":10},"elements":[{"id":"e1661d6","settings":{"title":"Our happy customer's reviews","typography_typography":"custom","typography_font_size":{"unit":"px","size":33,"sizes":[]},"typography_line_height":{"unit":"px","size":30,"sizes":[]},"header_size":"div","align_mobile":"center","typography_font_weight":"bold","align":"center","_animation":"fadeInUp","animation_duration":"fast"},"elements":[],"isInner":false,"widgetType":"heading","elType":"widget"},{"id":"769000e2","settings":{"title":"Check what other think about Us","title_color":"#b5b5b5","typography_typography":"custom","typography_font_size":{"unit":"px","size":16,"sizes":[]},"typography_line_height":{"unit":"px","size":20,"sizes":[]},"header_size":"div","align_mobile":"center","typography_font_weight":"normal","align":"center","_animation":"fadeInUp","_animation_delay":200},"elements":[],"isInner":false,"widgetType":"heading","elType":"widget"},{"id":"36d52209","settings":{"structure":"30","padding":{"unit":"px","top":"35","right":"0","bottom":"0","left":"0","isLinked":false},"padding_tablet":{"unit":"px","top":"15","right":"0","bottom":"0","left":"0","isLinked":false},"margin":{"unit":"px","top":"30","right":0,"bottom":"0","left":0,"isLinked":false},"z_index":2},"elements":[{"id":"53b909b0","settings":{"_column_size":33,"_inline_size":null,"border_width":{"unit":"px","top":"1","right":"1","bottom":"1","left":"1","isLinked":true},"border_radius":{"unit":"px","top":"10","right":"10","bottom":"10","left":"10","isLinked":true},"margin":{"unit":"px","top":"0","right":"16","bottom":"0","left":"0","isLinked":false},"padding":{"unit":"px","top":"60","right":"35","bottom":"35","left":"35","isLinked":false},"box_shadow_box_shadow":{"horizontal":0,"vertical":0,"blur":25,"spread":0,"color":"rgba(0,0,0,0.15)"},"box_shadow_hover_box_shadow_type":"yes","box_shadow_hover_box_shadow":{"horizontal":0,"vertical":0,"blur":40,"spread":0,"color":"rgba(0,0,0,0.2)"},"margin_mobile":{"unit":"px","top":"0","right":"0","bottom":"60","left":"0","isLinked":false},"background_background":"classic","background_color":"#f8f5f0","animation":"flip-r-r-s","animation_duration":"fast","animation_delay":100},"elements":[{"id":"982da48","settings":{"testimonial_content":"Lorem ipsum dolor sit amet, consectetur adipiscing elit. Ut elit tellus, luctus nec ullamcorper mattis, pulvinar dapibus leo.","testimonial_image":{"url":"","id":""},"testimonial_name":"Adam Sendler","testimonial_job":"Designer","testimonial_alignment":"left","content_typography_typography":"custom","content_typography_font_size":{"unit":"px","size":15},"content_typography_font_weight":"300","content_typography_line_height":{"unit":"em","size":1.8},"image_size":{"unit":"px","size":55},"name_typography_typography":"custom","name_typography_font_size":{"unit":"px","size":18},"job_text_color":"#9e9e9e","job_typography_typography":"custom","job_typography_font_size":{"unit":"px","size":15},"job_typography_font_weight":"300","name_typography_font_size_tablet":{"unit":"px","size":18},"_z_index":2,"name_typography_font_weight":"bold"},"elements":[],"isInner":false,"widgetType":"testimonial","elType":"widget"},{"id":"22e374e4","settings":{"selected_icon":{"value":"rhicon rhi-quote-left","library":"fa-solid"},"primary_color":"#efd9cb","_z_index":1,"_element_width":"auto","_position":"absolute","_offset_orientation_h":"end","_offset_orientation_v":"end","_offset_y_end":{"unit":"px","size":10,"sizes":[]}},"elements":[],"isInner":false,"widgetType":"icon","elType":"widget"},{"id":"4b4e49c7","settings":{"image":{"id":452,"url":"http:\/\/elementor.wpsoul.com\/wp-content\/uploads\/2019\/07\/user1-100x100.png"},"image_size":"full","_element_width":"auto","_position":"absolute","_offset_y":{"unit":"px","size":-90,"sizes":[]},"_offset_y_end":{"unit":"px","size":24,"sizes":[]},"image_border_border":"solid","image_border_width":{"unit":"px","top":"3","right":"3","bottom":"3","left":"3","isLinked":true},"image_border_color":"#ffffff","image_border_radius":{"unit":"%","top":"50","right":"50","bottom":"50","left":"50","isLinked":true},"image_box_shadow_box_shadow_type":"yes","image_box_shadow_box_shadow":{"horizontal":0,"vertical":0,"blur":10,"spread":0,"color":"rgba(0,0,0,0.21)"}},"elements":[],"isInner":false,"widgetType":"image","elType":"widget"}],"isInner":true,"elType":"column"},{"id":"6cf44b8d","settings":{"_column_size":33,"_inline_size":null,"border_width":{"unit":"px","top":"1","right":"1","bottom":"1","left":"1","isLinked":true},"border_radius":{"unit":"px","top":"10","right":"10","bottom":"10","left":"10","isLinked":true},"margin":{"unit":"px","top":"0","right":"16","bottom":"0","left":"0","isLinked":false},"padding":{"unit":"px","top":"60","right":"35","bottom":"35","left":"35","isLinked":false},"box_shadow_box_shadow":{"horizontal":0,"vertical":0,"blur":25,"spread":0,"color":"rgba(0,0,0,0.15)"},"box_shadow_hover_box_shadow_type":"yes","box_shadow_hover_box_shadow":{"horizontal":0,"vertical":0,"blur":40,"spread":0,"color":"rgba(0,0,0,0.2)"},"margin_mobile":{"unit":"px","top":"0","right":"0","bottom":"60","left":"0","isLinked":false},"background_background":"classic","background_color":"#f8f5f0","animation":"flip-r-r-s","animation_delay":100,"animation_duration":"fast"},"elements":[{"id":"560fbb5e","settings":{"testimonial_content":"Lorem ipsum dolor sit amet, consectetur adipiscing elit. Ut elit tellus, luctus nec ullamcorper mattis, pulvinar dapibus leo.","testimonial_image":{"url":"","id":""},"testimonial_name":"Oliver Snow","testimonial_job":"Digital Artist","testimonial_alignment":"left","content_typography_typography":"custom","content_typography_font_size":{"unit":"px","size":15},"content_typography_font_weight":"300","content_typography_line_height":{"unit":"em","size":1.8},"image_size":{"unit":"px","size":55},"name_typography_typography":"custom","name_typography_font_size":{"unit":"px","size":18},"job_text_color":"#9e9e9e","job_typography_typography":"custom","job_typography_font_size":{"unit":"px","size":15},"job_typography_font_weight":"300","name_typography_font_size_tablet":{"unit":"px","size":18},"_z_index":2,"name_typography_font_weight":"bold"},"elements":[],"isInner":false,"widgetType":"testimonial","elType":"widget"},{"id":"49462525","settings":{"selected_icon":{"value":"rhicon rhi-quote-left","library":"fa-solid"},"primary_color":"#efd9cb","_z_index":1,"_element_width":"auto","_position":"absolute","_offset_orientation_h":"end","_offset_orientation_v":"end","_offset_y_end":{"unit":"px","size":10,"sizes":[]}},"elements":[],"isInner":false,"widgetType":"icon","elType":"widget"},{"id":"2ae2272","settings":{"image":{"id":453,"url":"http:\/\/elementor.wpsoul.com\/wp-content\/uploads\/2019\/07\/user2-100x100-e1563369345635.png"},"image_size":"full","_element_width":"auto","_position":"absolute","_offset_y":{"unit":"px","size":-90,"sizes":[]},"_offset_y_end":{"unit":"px","size":24,"sizes":[]},"image_border_border":"solid","image_border_width":{"unit":"px","top":"3","right":"3","bottom":"3","left":"3","isLinked":true},"image_border_color":"#ffffff","image_border_radius":{"unit":"%","top":"50","right":"50","bottom":"50","left":"50","isLinked":true},"image_box_shadow_box_shadow_type":"yes","image_box_shadow_box_shadow":{"horizontal":0,"vertical":0,"blur":10,"spread":0,"color":"rgba(0,0,0,0.21)"}},"elements":[],"isInner":false,"widgetType":"image","elType":"widget"}],"isInner":true,"elType":"column"},{"id":"7a26ef29","settings":{"_column_size":33,"_inline_size":null,"border_width":{"unit":"px","top":"1","right":"1","bottom":"1","left":"1","isLinked":true},"border_radius":{"unit":"px","top":"10","right":"10","bottom":"10","left":"10","isLinked":true},"margin":{"unit":"px","top":"0","right":"16","bottom":"0","left":"0","isLinked":false},"padding":{"unit":"px","top":"60","right":"35","bottom":"35","left":"35","isLinked":false},"box_shadow_box_shadow":{"horizontal":0,"vertical":0,"blur":25,"spread":0,"color":"rgba(0,0,0,0.15)"},"box_shadow_hover_box_shadow_type":"yes","box_shadow_hover_box_shadow":{"horizontal":0,"vertical":0,"blur":40,"spread":0,"color":"rgba(0,0,0,0.2)"},"margin_mobile":{"unit":"px","top":"0","right":"0","bottom":"60","left":"0","isLinked":false},"background_background":"classic","background_color":"#f8f5f0","animation":"flip-r-r-s","animation_delay":100,"animation_duration":"fast"},"elements":[{"id":"113c3dc7","settings":{"testimonial_content":"Lorem ipsum dolor sit amet, consectetur adipiscing elit. Ut elit tellus, luctus nec ullamcorper mattis, pulvinar dapibus leo.","testimonial_image":{"url":"","id":""},"testimonial_name":"Katerina Bezobrazova","testimonial_job":"Marketing","testimonial_alignment":"left","content_typography_typography":"custom","content_typography_font_size":{"unit":"px","size":15},"content_typography_font_weight":"300","content_typography_line_height":{"unit":"em","size":1.8},"image_size":{"unit":"px","size":55},"name_typography_typography":"custom","name_typography_font_size":{"unit":"px","size":18},"job_text_color":"#9e9e9e","job_typography_typography":"custom","job_typography_font_size":{"unit":"px","size":15},"job_typography_font_weight":"300","name_typography_font_size_tablet":{"unit":"px","size":18},"_z_index":2,"name_typography_font_weight":"bold"},"elements":[],"isInner":false,"widgetType":"testimonial","elType":"widget"},{"id":"3663655b","settings":{"selected_icon":{"value":"rhicon rhi-quote-left","library":"fa-solid"},"primary_color":"#efd9cb","_z_index":1,"_element_width":"auto","_position":"absolute","_offset_orientation_h":"end","_offset_orientation_v":"end","_offset_y_end":{"unit":"px","size":10,"sizes":[]}},"elements":[],"isInner":false,"widgetType":"icon","elType":"widget"},{"id":"75806d5c","settings":{"image":{"id":454,"url":"http:\/\/elementor.wpsoul.com\/wp-content\/uploads\/2019\/07\/user3-100x100-e1563369363413.png"},"image_size":"full","_element_width":"auto","_position":"absolute","_offset_y":{"unit":"px","size":-90,"sizes":[]},"_offset_y_end":{"unit":"px","size":24,"sizes":[]},"image_border_border":"solid","image_border_width":{"unit":"px","top":"3","right":"3","bottom":"3","left":"3","isLinked":true},"image_border_color":"#ffffff","image_border_radius":{"unit":"%","top":"50","right":"50","bottom":"50","left":"50","isLinked":true},"image_box_shadow_box_shadow_type":"yes","image_box_shadow_box_shadow":{"horizontal":0,"vertical":0,"blur":10,"spread":0,"color":"rgba(0,0,0,0.21)"}},"elements":[],"isInner":false,"widgetType":"image","elType":"widget"}],"isInner":true,"elType":"column"}],"isInner":true,"elType":"section"}],"isInner":false,"elType":"column"}],"isInner":false,"elType":"section"}]}