{"version":"0.4","title":"cta popup block","type":"section","content":[{"id":"1f5d3067","settings":[],"elements":[{"id":"26faa6f0","settings":{"_column_size":100},"elements":[{"id":"3a944f32","settings":{"content_position":"middle","structure":"20","border_border":"solid","border_width":{"unit":"px","top":"2","right":"2","bottom":"2","left":"2","isLinked":true},"border_color":"#f2f2f2","border_radius":{"unit":"px","top":"8","right":"8","bottom":"8","left":"8","isLinked":true},"padding":{"unit":"px","top":"25","right":"20","bottom":"25","left":"20","isLinked":false},"background_image":{"id":301,"url":"http:\/\/elementor.wpsoul.com\/wp-content\/uploads\/2019\/06\/bgpopup.jpg"},"background_background":"classic","background_position":"center right","background_repeat":"no-repeat"},"elements":[{"id":"68e379ba","settings":{"_column_size":50,"_inline_size":null,"space_between_widgets":0},"elements":[{"id":"29fd057c","settings":{"icon":"rhicon rhi-arrows-alt","title_text":"Size Guide Popup","description_text":"This is example of bottom line for Info Popup","link":{"url":"","is_external":"on","nofollow":""},"position":"left","title_size":"h6","primary_color":"#7a7a7a","title_typography_typography":"custom","title_typography_font_size":{"unit":"px","size":18,"sizes":[]},"description_typography_typography":"custom","description_typography_font_size":{"unit":"px","size":14,"sizes":[]}},"elements":[],"isInner":false,"widgetType":"icon-box","elType":"widget"}],"isInner":true,"elType":"column"},{"id":"28d67f20","settings":{"_column_size":50,"_inline_size":null,"align":"center"},"elements":[{"id":"da688dd","settings":{"btn_text":"Check sizes","max_width":"800","content":"This is content of popup. Place here your HTML, shortcode or text","_element_width":"auto"},"elements":[],"isInner":false,"widgetType":"wpsm_button_popup","elType":"widget"}],"isInner":true,"elType":"column"}],"isInner":true,"elType":"section"}],"isInner":false,"elType":"column"}],"isInner":false,"elType":"section"}],"page_settings":{"hide_title":"yes","content_type":"full_post_area","_footer_disable":"1"}}