{"version":"0.4","title":"Step Block Redeal","type":"section","content":[{"id":"5049c44c","settings":{"background_background":"classic","background_color":"#0F001E","margin":{"unit":"px","top":"30","right":0,"bottom":"0","left":0,"isLinked":false},"layout":"full_width"},"elements":[{"id":"23ff535b","settings":{"_column_size":100,"_inline_size":null},"elements":[{"id":"2f21bca6","settings":{"margin":{"unit":"px","top":"40","right":0,"bottom":"30","left":0,"isLinked":false}},"elements":[{"id":"23686b14","settings":{"_column_size":100,"_inline_size":null},"elements":[{"id":"1cb0287b","settings":{"title":"How to get cashback?","title_color":"#FFFFFF","typography_typography":"custom","typography_font_size":{"unit":"px","size":40,"sizes":[]},"align":"center","_animation":"stuckFlipUpOpacity"},"elements":[],"isInner":false,"widgetType":"heading","elType":"widget"},{"id":"396aa548","settings":{"style":"zigzag_tribal","width":{"unit":"px","size":300,"sizes":[]},"align":"center","text":"Divider","color":"#FFFFFF","_animation":"stuckFlipUpOpacity","_animation_delay":200},"elements":[],"isInner":false,"widgetType":"divider","elType":"widget"},{"id":"9291c43","settings":{"title":"3 Easy Steps","header_size":"div","title_color":"#FFFFFF","typography_typography":"custom","typography_font_size":{"unit":"px","size":24,"sizes":[]},"align":"center","_animation":"stuckFlipUpOpacity","_animation_delay":400},"elements":[],"isInner":false,"widgetType":"heading","elType":"widget"}],"isInner":true,"elType":"column"}],"isInner":true,"elType":"section"},{"id":"2aecd17b","settings":{"structure":"30","margin":{"unit":"px","top":"0","right":0,"bottom":"60","left":0,"isLinked":false}},"elements":[{"id":"2e3fa8c2","settings":{"_column_size":33,"_inline_size":null,"align":"center"},"elements":[{"id":"67f0baa2","settings":{"title":"1","title_color":"#FFFFFF","typography_typography":"custom","typography_font_size":{"unit":"px","size":60,"sizes":[]},"header_size":"div","align":"center","typography_font_weight":"bold","_margin":{"unit":"px","top":"20","right":"20","bottom":"44","left":"20","isLinked":false},"_background_background":"classic","_background_color":"#FF0000","_border_radius":{"unit":"%","top":"50","right":"50","bottom":"50","left":"50","isLinked":true},"_element_width":"auto","rh_parallax_circle":100,"_animation":"fade-in-fwd","animation_duration":"fast","_animation_delay":300},"elements":[],"isInner":false,"widgetType":"heading","elType":"widget"},{"id":"3b8a5ed","settings":{"html":"<svg xmlns=\"http:\/\/www.w3.org\/2000\/svg\" viewBox=\"0 0 114.96 49.88\"><defs><style>.cls-1{fill:url(#grad)}<\/style><linearGradient id=\"grad\" x1=\"50.23\" y1=\"32.62\" x2=\"51.23\" y2=\"32.62\" gradientTransform=\"matrix(-219.09 4.51 10.75 521.88 10898.96 -17230.62)\" gradientUnits=\"userSpaceOnUse\"><stop offset=\"0\" stop-color=\"#c4c4c4\" stop-opacity=\".9\"\/><stop offset=\"1\" stop-opacity=\"0.1\"\/><\/linearGradient><\/defs><path id=\"path0_fill\" data-name=\"path0 fill\" class=\"cls-1\" d=\"M78.25 18.11H2a2 2 0 0 0-2 2v9.24a2 2 0 0 0 2 2h76.25v16.53a2 2 0 0 0 3.18 1.61l32.71-23.91a2 2 0 0 0-.07-3.28L81.36.34A2 2 0 0 0 78.25 2z\"\/><\/svg>","_element_width":"initial","_element_custom_width":{"unit":"px","size":140,"sizes":[]},"_element_vertical_align":"center","_position":"absolute","_offset_orientation_h":"end","_offset_y":{"unit":"px","size":38,"sizes":[]}},"elements":[],"isInner":false,"widgetType":"html","elType":"widget"},{"id":"236e758b","settings":{"title":"Register on Our site","header_size":"div","title_color":"#FFFFFF","typography_typography":"custom","typography_font_size":{"unit":"px","size":22,"sizes":[]},"align":"center","typography_font_weight":"normal","_animation":"stuckFlipUpOpacity"},"elements":[],"isInner":false,"widgetType":"heading","elType":"widget"},{"id":"37ade7d5","settings":{"title":"This is only 1 Minute","header_size":"div","title_color":"#E0E0E0","typography_typography":"custom","typography_font_size":{"unit":"px","size":15,"sizes":[]},"align":"center","typography_line_height":{"unit":"em","size":1.5,"sizes":[]},"_animation":"stuckFlipUpOpacity","_animation_delay":200},"elements":[],"isInner":false,"widgetType":"heading","elType":"widget"}],"isInner":true,"elType":"column"},{"id":"30a602cc","settings":{"_column_size":33,"_inline_size":null,"align":"center"},"elements":[{"id":"59d90522","settings":{"title":"2","title_color":"#FFFFFF","typography_typography":"custom","typography_font_size":{"unit":"px","size":60,"sizes":[]},"header_size":"div","align":"center","typography_font_weight":"bold","_margin":{"unit":"px","top":"20","right":"20","bottom":"44","left":"20","isLinked":false},"_background_background":"classic","_background_color":"#FF0000","_border_radius":{"unit":"%","top":"50","right":"50","bottom":"50","left":"50","isLinked":true},"_element_width":"auto","rh_parallax_circle":100,"_animation":"fade-in-fwd","animation_duration":"fast","_animation_delay":500},"elements":[],"isInner":false,"widgetType":"heading","elType":"widget"},{"id":"25a16ef5","settings":{"html":"<svg xmlns=\"http:\/\/www.w3.org\/2000\/svg\" viewBox=\"0 0 114.96 49.88\"><defs><style>.cls-1{fill:url(#grad)}<\/style><linearGradient id=\"grad\" x1=\"50.23\" y1=\"32.62\" x2=\"51.23\" y2=\"32.62\" gradientTransform=\"matrix(-219.09 4.51 10.75 521.88 10898.96 -17230.62)\" gradientUnits=\"userSpaceOnUse\"><stop offset=\"0\" stop-color=\"#c4c4c4\" stop-opacity=\".9\"\/><stop offset=\"1\" stop-opacity=\"0.1\"\/><\/linearGradient><\/defs><path id=\"path0_fill\" data-name=\"path0 fill\" class=\"cls-1\" d=\"M78.25 18.11H2a2 2 0 0 0-2 2v9.24a2 2 0 0 0 2 2h76.25v16.53a2 2 0 0 0 3.18 1.61l32.71-23.91a2 2 0 0 0-.07-3.28L81.36.34A2 2 0 0 0 78.25 2z\"\/><\/svg>","_element_width":"initial","_element_custom_width":{"unit":"px","size":140,"sizes":[]},"_element_vertical_align":"center","_position":"absolute","_offset_orientation_h":"end","_offset_y":{"unit":"px","size":38,"sizes":[]}},"elements":[],"isInner":false,"widgetType":"html","elType":"widget"},{"id":"77f40f2d","settings":{"title":"Choose Offer and buy it","header_size":"div","title_color":"#FFFFFF","typography_typography":"custom","typography_font_size":{"unit":"px","size":22,"sizes":[]},"align":"center","typography_font_weight":"normal","_animation":"stuckFlipUpOpacity","_animation_delay":200},"elements":[],"isInner":false,"widgetType":"heading","elType":"widget"},{"id":"1dc4ff49","settings":{"title":"You will get cashback points once<br>we approve your purchase","header_size":"div","title_color":"#E0E0E0","typography_typography":"custom","typography_font_size":{"unit":"px","size":15,"sizes":[]},"align":"center","typography_line_height":{"unit":"em","size":1.5,"sizes":[]},"_animation":"stuckFlipUpOpacity","_animation_delay":400},"elements":[],"isInner":false,"widgetType":"heading","elType":"widget"}],"isInner":true,"elType":"column"},{"id":"2474c96c","settings":{"_column_size":33,"_inline_size":null,"align":"center"},"elements":[{"id":"4bd839b1","settings":{"selected_icon":{"value":"rhicon rhi-check","library":"rhicons"},"primary_color":"#FFFFFF","_margin":{"unit":"px","top":"20","right":"20","bottom":"44","left":"20","isLinked":false},"_background_background":"classic","_background_color":"#23A455","_border_radius":{"unit":"%","top":"50","right":"50","bottom":"50","left":"50","isLinked":true},"_element_width":"auto","rh_parallax_circle":100,"_animation":"fade-in-fwd","animation_duration":"fast","_animation_delay":700},"elements":[],"isInner":false,"widgetType":"icon","elType":"widget"},{"id":"46cbc855","settings":{"title":"Request money","header_size":"div","title_color":"#FFFFFF","typography_typography":"custom","typography_font_size":{"unit":"px","size":22,"sizes":[]},"align":"center","typography_font_weight":"normal","_animation":"stuckFlipUpOpacity","_animation_delay":600},"elements":[],"isInner":false,"widgetType":"heading","elType":"widget"},{"id":"5b0c40c6","settings":{"title":"Go to your profile and click on<br>request button","header_size":"div","title_color":"#E0E0E0","typography_typography":"custom","typography_font_size":{"unit":"px","size":15,"sizes":[]},"align":"center","typography_line_height":{"unit":"em","size":1.5,"sizes":[]},"_animation":"stuckFlipUpOpacity","_animation_delay":800},"elements":[],"isInner":false,"widgetType":"heading","elType":"widget"}],"isInner":true,"elType":"column"}],"isInner":true,"elType":"section"},{"id":"3f74ed0b","settings":{"image":{"url":"https:\/\/redeal.lookmetrics.co\/wp-content\/uploads\/2020\/01\/coins.png","id":980},"image_size":"full","_element_width":"auto","_position":"absolute","_offset_orientation_h":"end","_offset_x_end":{"size":0,"unit":"px"},"_offset_y":{"size":-131,"unit":"px"},"rh_parallax_el":"true","_offset_x_end_mobile":{"unit":"px","size":-238.1,"sizes":[]},"hide_tablet":"hidden-tablet","_animation":"none","_animation_delay":400},"elements":[],"isInner":false,"widgetType":"image","elType":"widget"},{"id":"56abeb4d","settings":{"image":{"url":"https:\/\/redeal.lookmetrics.co\/wp-content\/uploads\/2020\/01\/coinalpha.png","id":979},"image_size":"full","_element_width":"auto","_position":"absolute","_offset_orientation_h":"end","_offset_x_end":{"size":110,"unit":"px"},"_offset_y":{"size":-65,"unit":"px"},"rh_parallax_el":"true","rh_parallax_el_speed":40,"rh_make_rotate":225,"_offset_x_end_mobile":{"unit":"px","size":-142.9,"sizes":[]},"_offset_x_end_tablet":{"size":-76.9,"unit":"px"},"_offset_y_tablet":{"size":-100,"unit":"px"},"_animation":"none","_animation_delay":500},"elements":[],"isInner":false,"widgetType":"image","elType":"widget"}],"isInner":false,"elType":"column"}],"isInner":false,"elType":"section"}]}