{"version":"0.4","title":"Four circles","type":"section","content":[{"id":"32ba0525","settings":{"background_background":"classic","background_color":"#f2f2ff","shape_divider_top":"waves","shape_divider_top_width":{"unit":"%","size":100,"sizes":[]},"shape_divider_top_height":{"unit":"px","size":181,"sizes":[]},"shape_divider_top_flip":"yes","shape_divider_top_negative":"yes","shape_divider_bottom":"opacity-fan","padding":{"unit":"px","top":"100","right":"0","bottom":"100","left":"0","isLinked":false},"rh_parallax_bg_speed":""},"elements":[{"id":"79eb05d1","settings":{"_column_size":100},"elements":[{"id":"6e3feaa6","settings":{"title":"This is my subheading","header_size":"h5","align":"center","title_color":"#9650e0","typography_typography":"custom","typography_font_size":{"unit":"px","size":17,"sizes":[]},"typography_text_transform":"uppercase"},"elements":[],"isInner":false,"widgetType":"heading","elType":"widget"},{"id":"65e5c208","settings":{"title":"Let's See How It Works","header_size":"h4","align":"center","typography_typography":"custom","typography_font_size":{"unit":"px","size":44,"sizes":[]}},"elements":[],"isInner":false,"widgetType":"heading","elType":"widget"},{"id":"7008c37e","settings":{"title":"We've gone over everything you could possibly want <br>to know about our theme. You are one step <br>closer to success\n\n","header_size":"div","align":"center","title_color":"#474747","typography_typography":"custom","typography_font_size":{"unit":"px","size":17,"sizes":[]},"typography_line_height":{"unit":"em","size":1.2,"sizes":[]}},"elements":[],"isInner":false,"widgetType":"heading","elType":"widget"},{"id":"283a96b4","settings":{"space":{"unit":"px","size":10,"sizes":[]}},"elements":[],"isInner":false,"widgetType":"spacer","elType":"widget"},{"id":"e3b0db6","settings":{"structure":"40"},"elements":[{"id":"2b969fc","settings":{"_column_size":25,"_inline_size":null,"align":"center"},"elements":[{"id":"4746787a","settings":{"icon":"rhicon rhi-bell","primary_color":"#ffffff","size":{"unit":"px","size":45,"sizes":[]},"_padding":{"unit":"px","top":"10","right":"10","bottom":"10","left":"10","isLinked":true},"_animation":"fadeInDown","animation_duration":"fast","_background_background":"gradient","_background_color":"#4600af","_background_color_b":"#e61eb6","_background_gradient_angle":{"unit":"deg","size":90,"sizes":[]},"_border_border":"solid","_border_width":{"unit":"px","top":"8","right":"8","bottom":"8","left":"8","isLinked":true},"_border_color":"#ffffff","_border_radius":{"unit":"%","top":"50","right":"50","bottom":"50","left":"50","isLinked":true},"_box_shadow_box_shadow_type":"yes","_box_shadow_box_shadow":{"horizontal":0,"vertical":0,"blur":0,"spread":1,"color":"rgba(0,0,0,0.77)"},"_element_width":"auto","rh_parallax_circle":126},"elements":[],"isInner":false,"widgetType":"icon","elType":"widget"},{"id":"5f524d29","settings":{"title":"1","header_size":"h6","title_color":"#ffffff","typography_typography":"custom","typography_font_size":{"unit":"px","size":20,"sizes":[]},"_animation":"fadeInDown","_animation_delay":400,"_background_background":"gradient","_background_color":"#480c72","_background_color_b":"#802af9","_border_border":"solid","_border_width":{"unit":"px","top":"4","right":"4","bottom":"4","left":"4","isLinked":true},"_border_color":"#ffffff","_border_radius":{"unit":"%","top":"50","right":"50","bottom":"50","left":"50","isLinked":true},"_element_width":"auto","_position":"absolute","_offset_orientation_h":"end","_offset_x_end":{"size":70,"unit":"px"},"_offset_y":{"size":6,"unit":"px"},"hide_tablet":"hidden-tablet","hide_mobile":"hidden-phone","rh_parallax_circle":40},"elements":[],"isInner":false,"widgetType":"heading","elType":"widget"},{"id":"3dae4d59","settings":{"space":{"unit":"px","size":15,"sizes":[]}},"elements":[],"isInner":false,"widgetType":"spacer","elType":"widget"},{"id":"18a47f57","settings":{"title":"Innovative","header_size":"h5","align":"center","typography_typography":"custom","typography_font_size":{"unit":"px","size":27,"sizes":[]}},"elements":[],"isInner":false,"widgetType":"heading","elType":"widget"},{"id":"10289423","settings":{"title":"Consectetur adipiscing elit, sed do eiusmod tempor incididunt ut labore et dolor tempor incididunt","header_size":"div","align":"center","typography_typography":"custom","typography_font_size":{"unit":"px","size":16,"sizes":[]},"typography_line_height":{"unit":"em","size":1.3,"sizes":[]}},"elements":[],"isInner":false,"widgetType":"heading","elType":"widget"},{"id":"117d0b6c","settings":{"_z_index":1,"_border_color":"rgba(177,75,209,0.35)","_border_radius":{"unit":"%","top":"50","right":"50","bottom":"50","left":"50","isLinked":true},"_element_width":"auto","_position":"absolute","_offset_x":{"size":-104,"unit":"px"},"_offset_y":{"size":-38,"unit":"px"},"rh_infinite_updownright":"infinite","rh_parallax_circle":45,"_background_background":"gradient","_background_color":"#4054b2","_offset_x_end":{"unit":"px","size":-56.6,"sizes":[]},"rh_parallax_el":"true","rh_parallax_el_speed":40,"rh_infinite_fastshake":"Shake"},"elements":[],"isInner":false,"widgetType":"spacer","elType":"widget"}],"isInner":true,"elType":"column"},{"id":"3dab204","settings":{"_column_size":25,"_inline_size":null,"align":"center"},"elements":[{"id":"26813ca2","settings":{"icon":"rhicon rhi-user","primary_color":"#ffffff","size":{"unit":"px","size":45,"sizes":[]},"_padding":{"unit":"px","top":"10","right":"10","bottom":"10","left":"10","isLinked":true},"_animation":"fadeInDown","animation_duration":"fast","_animation_delay":100,"_background_background":"gradient","_background_color":"#e04a00","_background_color_b":"#ffa921","_background_gradient_angle":{"unit":"deg","size":270,"sizes":[]},"_border_border":"solid","_border_width":{"unit":"px","top":"8","right":"8","bottom":"8","left":"8","isLinked":true},"_border_color":"#ffffff","_border_radius":{"unit":"%","top":"50","right":"50","bottom":"50","left":"50","isLinked":true},"_box_shadow_box_shadow_type":"yes","_box_shadow_box_shadow":{"horizontal":0,"vertical":0,"blur":0,"spread":1,"color":"rgba(232,106,48,0.77)"},"_element_width":"auto","rh_parallax_circle":126},"elements":[],"isInner":false,"widgetType":"icon","elType":"widget"},{"id":"7a3a43c8","settings":{"space":{"unit":"px","size":15,"sizes":[]}},"elements":[],"isInner":false,"widgetType":"spacer","elType":"widget"},{"id":"56221948","settings":{"title":"User Friendly","header_size":"h5","align":"center","typography_typography":"custom","typography_font_size":{"unit":"px","size":27,"sizes":[]}},"elements":[],"isInner":false,"widgetType":"heading","elType":"widget"},{"id":"6633e769","settings":{"title":"Consectetur adipiscing elit, sed do eiusmod tempor incididunt ut labore et dolor tempor incididunt","header_size":"div","align":"center","typography_typography":"custom","typography_font_size":{"unit":"px","size":16,"sizes":[]},"typography_line_height":{"unit":"em","size":1.3,"sizes":[]}},"elements":[],"isInner":false,"widgetType":"heading","elType":"widget"},{"id":"297e0e2d","settings":{"title":"2","header_size":"h6","title_color":"#ffffff","typography_typography":"custom","typography_font_size":{"unit":"px","size":20,"sizes":[]},"_animation":"fadeInDown","_animation_delay":500,"_background_background":"gradient","_background_color":"#480c72","_background_color_b":"#802af9","_border_border":"solid","_border_width":{"unit":"px","top":"4","right":"4","bottom":"4","left":"4","isLinked":true},"_border_color":"#ffffff","_border_radius":{"unit":"%","top":"50","right":"50","bottom":"50","left":"50","isLinked":true},"_element_width":"auto","_position":"absolute","_offset_orientation_h":"end","_offset_x_end":{"unit":"px","size":70,"sizes":[]},"_offset_y":{"unit":"px","size":6,"sizes":[]},"hide_tablet":"hidden-tablet","hide_mobile":"hidden-phone","rh_parallax_circle":40},"elements":[],"isInner":false,"widgetType":"heading","elType":"widget"}],"isInner":true,"elType":"column"},{"id":"2a9215b1","settings":{"_column_size":25,"_inline_size":null,"align":"center"},"elements":[{"id":"1ead5b39","settings":{"icon":"rhicon rhi-star-empty","primary_color":"#ffffff","size":{"unit":"px","size":45,"sizes":[]},"_padding":{"unit":"px","top":"10","right":"10","bottom":"10","left":"10","isLinked":true},"_animation":"fadeInDown","_animation_delay":200,"_background_background":"gradient","_background_color":"#00b6ff","_background_color_b":"#0636ad","_background_gradient_angle":{"unit":"deg","size":270,"sizes":[]},"_border_border":"solid","_border_width":{"unit":"px","top":"8","right":"8","bottom":"8","left":"8","isLinked":true},"_border_color":"#ffffff","_border_radius":{"unit":"%","top":"50","right":"50","bottom":"50","left":"50","isLinked":true},"_box_shadow_box_shadow_type":"yes","_box_shadow_box_shadow":{"horizontal":0,"vertical":0,"blur":0,"spread":1,"color":"rgba(49,126,234,0.77)"},"_element_width":"auto","rh_parallax_circle":126},"elements":[],"isInner":false,"widgetType":"icon","elType":"widget"},{"id":"50c66e78","settings":{"space":{"unit":"px","size":15,"sizes":[]}},"elements":[],"isInner":false,"widgetType":"spacer","elType":"widget"},{"id":"1cfdd001","settings":{"title":"Well Rated","header_size":"h5","align":"center","typography_typography":"custom","typography_font_size":{"unit":"px","size":27,"sizes":[]}},"elements":[],"isInner":false,"widgetType":"heading","elType":"widget"},{"id":"18dd7db5","settings":{"title":"Consectetur adipiscing elit, sed do eiusmod tempor incididunt ut labore et dolor tempor incididunt","header_size":"div","align":"center","typography_typography":"custom","typography_font_size":{"unit":"px","size":16,"sizes":[]},"typography_line_height":{"unit":"em","size":1.3,"sizes":[]}},"elements":[],"isInner":false,"widgetType":"heading","elType":"widget"},{"id":"7fa35e12","settings":{"title":"3","header_size":"h6","title_color":"#ffffff","typography_typography":"custom","typography_font_size":{"unit":"px","size":20,"sizes":[]},"_animation":"fadeInDown","_animation_delay":700,"_background_background":"gradient","_background_color":"#480c72","_background_color_b":"#802af9","_border_border":"solid","_border_width":{"unit":"px","top":"4","right":"4","bottom":"4","left":"4","isLinked":true},"_border_color":"#ffffff","_border_radius":{"unit":"%","top":"50","right":"50","bottom":"50","left":"50","isLinked":true},"_element_width":"auto","_position":"absolute","_offset_orientation_h":"end","_offset_x_end":{"unit":"px","size":70,"sizes":[]},"_offset_y":{"unit":"px","size":6,"sizes":[]},"hide_tablet":"hidden-tablet","hide_mobile":"hidden-phone","rh_parallax_circle":40},"elements":[],"isInner":false,"widgetType":"heading","elType":"widget"}],"isInner":true,"elType":"column"},{"id":"42b141a7","settings":{"_column_size":25,"_inline_size":null,"align":"center"},"elements":[{"id":"54820f5c","settings":{"icon":"rhicon rhi-paper-plane","primary_color":"#ffffff","size":{"unit":"px","size":45,"sizes":[]},"_padding":{"unit":"px","top":"10","right":"10","bottom":"10","left":"10","isLinked":true},"_animation":"fadeInDown","_animation_delay":300,"_background_background":"gradient","_background_color":"#28e2d6","_background_color_b":"#1f6791","_background_gradient_angle":{"unit":"deg","size":270,"sizes":[]},"_border_border":"solid","_border_width":{"unit":"px","top":"8","right":"8","bottom":"8","left":"8","isLinked":true},"_border_color":"#ffffff","_border_radius":{"unit":"%","top":"50","right":"50","bottom":"50","left":"50","isLinked":true},"_box_shadow_box_shadow_type":"yes","_box_shadow_box_shadow":{"horizontal":0,"vertical":0,"blur":0,"spread":1,"color":"rgba(42,166,201,0.77)"},"_element_width":"auto","rh_parallax_circle":126,"_z_index":2},"elements":[],"isInner":false,"widgetType":"icon","elType":"widget"},{"id":"276a0fb3","settings":{"space":{"unit":"px","size":15,"sizes":[]}},"elements":[],"isInner":false,"widgetType":"spacer","elType":"widget"},{"id":"70e6c203","settings":{"title":"Best Support","header_size":"h5","align":"center","typography_typography":"custom","typography_font_size":{"unit":"px","size":27,"sizes":[]}},"elements":[],"isInner":false,"widgetType":"heading","elType":"widget"},{"id":"64cfcad3","settings":{"title":"Consectetur adipiscing elit, sed do eiusmod tempor incididunt ut labore et dolor tempor incididunt","header_size":"div","align":"center","typography_typography":"custom","typography_font_size":{"unit":"px","size":16,"sizes":[]},"typography_line_height":{"unit":"em","size":1.3,"sizes":[]}},"elements":[],"isInner":false,"widgetType":"heading","elType":"widget"},{"id":"7d0f2863","settings":{"title":"4","header_size":"h6","title_color":"#ffffff","typography_typography":"custom","typography_font_size":{"unit":"px","size":20,"sizes":[]},"_animation":"fadeInDown","_animation_delay":800,"_background_background":"gradient","_background_color":"#480c72","_background_color_b":"#802af9","_border_border":"solid","_border_width":{"unit":"px","top":"4","right":"4","bottom":"4","left":"4","isLinked":true},"_border_color":"#ffffff","_border_radius":{"unit":"%","top":"50","right":"50","bottom":"50","left":"50","isLinked":true},"_element_width":"auto","_position":"absolute","_offset_orientation_h":"end","_offset_x_end":{"unit":"px","size":70,"sizes":[]},"_offset_y":{"unit":"px","size":6,"sizes":[]},"hide_tablet":"hidden-tablet","hide_mobile":"hidden-phone","rh_parallax_circle":40,"_z_index":3},"elements":[],"isInner":false,"widgetType":"heading","elType":"widget"},{"id":"1ffb2310","settings":{"_z_index":1,"_border_border":"solid","_border_width":{"unit":"px","top":"2","right":"2","bottom":"2","left":"2","isLinked":true},"_border_color":"rgba(177,75,209,0.35)","_border_radius":{"unit":"%","top":"50","right":"50","bottom":"50","left":"50","isLinked":true},"_element_width":"auto","_position":"absolute","_offset_x":{"size":756,"unit":"px"},"_offset_y":{"size":-84,"unit":"px"},"rh_infinite_updownright":"infinite","rh_parallax_circle":60,"_offset_orientation_h":"end","_offset_x_end":{"unit":"px","size":-56.6,"sizes":[]},"rh_infinite_fastshake":"Shake"},"elements":[],"isInner":false,"widgetType":"spacer","elType":"widget"},{"id":"140543c9","settings":{"_z_index":1,"_border_border":"solid","_border_width":{"unit":"px","top":"2","right":"2","bottom":"2","left":"2","isLinked":true},"_border_color":"rgba(177,75,209,0.35)","_border_radius":{"unit":"%","top":"50","right":"50","bottom":"50","left":"50","isLinked":true},"_element_width":"auto","_position":"absolute","_offset_x":{"size":816,"unit":"px"},"_offset_y":{"size":-33.496,"unit":"px"},"rh_infinite_updownright":"infinite","rh_infinite_delay":"1","rh_parallax_circle":80,"_offset_orientation_h":"end","_offset_x_end":{"unit":"px","size":-113.2,"sizes":[]},"rh_infinite_speed":"15"},"elements":[],"isInner":false,"widgetType":"spacer","elType":"widget"}],"isInner":true,"elType":"column"}],"isInner":true,"elType":"section"}],"isInner":false,"elType":"column"}],"isInner":false,"elType":"section"}]}