{"version":"0.4","title":"Home Page Rewise","type":"page","content":[{"id":"7fd91a4e","settings":{"gap":"wider","structure":"20","background_background":"classic","background_image":{"url":"https:\/\/rewisedemo.wpsoul.net\/wp-content\/uploads\/2016\/10\/bg.jpg","id":10},"padding":{"unit":"px","top":"20","right":"0","bottom":"30","left":"0","isLinked":false},"background_color":"#005384","background_repeat":"no-repeat"},"elements":[{"id":"638caccd","settings":{"_column_size":50,"_inline_size":null},"elements":[{"id":"137447a3","settings":{"image":{"url":"https:\/\/rewisedemo.wpsoul.net\/wp-content\/uploads\/2016\/10\/things.png","id":9},"image_size":"full","_margin":{"unit":"px","top":"0","right":"0","bottom":"-120","left":"0","isLinked":false},"_margin_mobile":{"unit":"px","top":"0","right":"0","bottom":"0","left":"0","isLinked":true},"_animation":"fade-in-fwd","_animation_delay":500},"elements":[],"isInner":false,"widgetType":"image","elType":"widget"}],"isInner":false,"elType":"column"},{"id":"13a2e80a","settings":{"_column_size":50,"_inline_size":null},"elements":[{"id":"5536313c","settings":{"title":"Let's Compare","header_size":"h6","title_color":"#ffffff","typography_typography":"custom","typography_font_size":{"unit":"px","size":37,"sizes":[]},"_margin":{"unit":"px","top":"0","right":"0","bottom":"10","left":"0","isLinked":false},"_animation":"stuckMoveUpOpacity","animation_duration":"fast","_animation_delay":300},"elements":[],"isInner":false,"widgetType":"heading","elType":"widget"},{"id":"1991a759","settings":{"title":"Shop wise with price comparisons\nfrom Re:Wise","header_size":"div","title_color":"#b0f6ff","typography_typography":"custom","typography_font_size":{"unit":"px","size":28,"sizes":[]},"_animation":"stuckMoveUpOpacity","animation_duration":"fast","_animation_delay":600},"elements":[],"isInner":false,"widgetType":"heading","elType":"widget"},{"id":"3492acf7","settings":{"title":"Supports user reviews, price comparison, user generated links and\nprice updates","header_size":"div","title_color":"#ffffff","typography_typography":"custom","typography_font_size":{"unit":"px","size":15,"sizes":[]},"typography_line_height":{"unit":"em","size":1.2,"sizes":[]},"_animation":"stuckMoveUpOpacity","_animation_delay":700},"elements":[],"isInner":false,"widgetType":"heading","elType":"widget"},{"id":"10c40545","settings":{"text":"Check Features","link":{"url":"http:\/\/rewise.wpsoul.net\/features\/","is_external":"","nofollow":""},"size":"md","typography_typography":"custom","typography_font_size":{"unit":"px","size":16,"sizes":[]},"typography_font_weight":"bold","typography_text_transform":"uppercase","background_color":"#43c801","button_background_hover_color":"#ff0044","hover_animation":"push","border_radius":{"unit":"px","top":"100","right":"100","bottom":"100","left":"100","isLinked":true},"button_box_shadow_box_shadow_type":"yes","button_box_shadow_box_shadow":{"horizontal":0,"vertical":5,"blur":27,"spread":0,"color":"rgba(0,0,0,0.14)"},"text_padding":{"unit":"px","top":"20","right":"20","bottom":"20","left":"20","isLinked":true},"_margin":{"unit":"px","top":"15","right":"0","bottom":"0","left":"0","isLinked":false},"_animation":"stuckMoveUpOpacity","_animation_delay":1000},"elements":[],"isInner":false,"widgetType":"button","elType":"widget"}],"isInner":false,"elType":"column"}],"isInner":false,"elType":"section"},{"id":"7033883e","settings":{"margin":{"unit":"px","top":"60","right":0,"bottom":"20","left":0,"isLinked":false}},"elements":[{"id":"69871b30","settings":{"_column_size":100},"elements":[{"id":"7576fa3f","settings":{"title":"Rewise - compare prices for <mark>1, 233 products<\/mark>","header_size":"div","align":"center","typography_typography":"custom","typography_font_size":{"unit":"px","size":24,"sizes":[]}},"elements":[],"isInner":false,"widgetType":"heading","elType":"widget"},{"id":"7dcdadfc","settings":{"color":"#e5e5e5"},"elements":[],"isInner":false,"widgetType":"divider","elType":"widget"},{"id":"abc15e9","settings":{"title":"Choose Category","header_size":"h6","align":"center","typography_typography":"custom","typography_font_size":{"unit":"px","size":21,"sizes":[]}},"elements":[],"isInner":false,"widgetType":"heading","elType":"widget"}],"isInner":false,"elType":"column"}],"isInner":false,"elType":"section"},{"id":"49f3a8d","settings":{"gap":"no","structure":"40","margin":{"unit":"px","top":"0","right":0,"bottom":"80","left":0,"isLinked":false}},"elements":[{"id":"bdb8453","settings":{"_column_size":25,"_inline_size":null,"_inline_size_tablet":50,"space_between_widgets":0},"elements":[{"id":"74a41e10","settings":{"title":"Cameras","description":"Compare and buy best cameras online","image":{"url":"http:\/\/rewise.wpsoul.net\/wp-content\/uploads\/2016\/10\/4.jpg","id":41},"design":"2","link":{"url":"\/product-category\/phones\/","is_external":true,"nofollow":true},"linktitle":"Show me Prices","_margin":{"unit":"px","top":"0","right":"0","bottom":"0","left":"0","isLinked":true}},"elements":[],"isInner":false,"widgetType":"wpsm_cartbox","elType":"widget"},{"id":"616cbafa","settings":{"title":"Watches","description":"Compare and buy best watches online","image":{"url":"http:\/\/rewise.wpsoul.net\/wp-content\/uploads\/2016\/10\/13.jpg","id":63},"design":"2","link":{"url":"\/product-category\/phones\/","is_external":true,"nofollow":true},"linktitle":"Show me Prices"},"elements":[],"isInner":false,"widgetType":"wpsm_cartbox","elType":"widget"},{"id":"442b0030","settings":{"title":"Game consoles","description":"Compare and buy best consoles online","image":{"url":"http:\/\/rewise.wpsoul.net\/wp-content\/uploads\/2016\/10\/12.jpg","id":57},"design":"2","link":{"url":"\/product-category\/phones\/","is_external":true,"nofollow":true},"linktitle":"Show me Prices"},"elements":[],"isInner":false,"widgetType":"wpsm_cartbox","elType":"widget"}],"isInner":false,"elType":"column"},{"id":"ac0b34f","settings":{"_column_size":25,"_inline_size":null,"_inline_size_tablet":50,"space_between_widgets":0},"elements":[{"id":"79ff594d","settings":{"title":"Laptops","description":"Compare and buy best laptops online","image":{"url":"http:\/\/rewise.wpsoul.net\/wp-content\/uploads\/2016\/10\/1.jpg","id":38},"design":"2","link":{"url":"\/product-category\/phones\/","is_external":true,"nofollow":true},"linktitle":"Show me Prices","_margin":{"unit":"px","top":"0","right":"0","bottom":"0","left":"0","isLinked":true}},"elements":[],"isInner":false,"widgetType":"wpsm_cartbox","elType":"widget"},{"id":"1d62d3de","settings":{"title":"TV & Audio","description":"Compare and buy best tv online","image":{"url":"http:\/\/rewise.wpsoul.net\/wp-content\/uploads\/2016\/10\/7.jpg","id":50},"design":"2","link":{"url":"\/product-category\/phones\/","is_external":true,"nofollow":true},"linktitle":"Show me Prices"},"elements":[],"isInner":false,"widgetType":"wpsm_cartbox","elType":"widget"},{"id":"6a45cbe9","settings":{"title":"Tablets","description":"Compare and buy best tablets online","image":{"url":"http:\/\/rewise.wpsoul.net\/wp-content\/uploads\/2016\/10\/3.jpg","id":40},"design":"2","link":{"url":"\/product-category\/phones\/","is_external":true,"nofollow":true},"linktitle":"Show me Prices"},"elements":[],"isInner":false,"widgetType":"wpsm_cartbox","elType":"widget"}],"isInner":false,"elType":"column"},{"id":"782f0232","settings":{"_column_size":25,"_inline_size":null,"_inline_size_tablet":50,"space_between_widgets":0},"elements":[{"id":"502f8b95","settings":{"title":"Phones","description":"Compare and buy best phones online","image":{"url":"http:\/\/rewise.wpsoul.net\/wp-content\/uploads\/2016\/10\/2.jpg","id":39},"design":"2","link":{"url":"\/product-category\/phones\/","is_external":true,"nofollow":true},"linktitle":"Show me Prices","_margin":{"unit":"px","top":"0","right":"0","bottom":"0","left":"0","isLinked":true}},"elements":[],"isInner":false,"widgetType":"wpsm_cartbox","elType":"widget"},{"id":"2c63a5c","settings":{"title":"Wash Machine","description":"Compare and buy best machine online","image":{"url":"http:\/\/rewise.wpsoul.net\/wp-content\/uploads\/2016\/10\/6.jpg","id":49},"design":"2","link":{"url":"\/product-category\/phones\/","is_external":true,"nofollow":true},"linktitle":"Show me Prices"},"elements":[],"isInner":false,"widgetType":"wpsm_cartbox","elType":"widget"},{"id":"7893337f","settings":{"title":"Cook Machine","description":"Compare and buy best machine online","image":{"url":"http:\/\/rewise.wpsoul.net\/wp-content\/uploads\/2016\/10\/8.jpg","id":51},"design":"2","link":{"url":"\/product-category\/phones\/","is_external":true,"nofollow":true},"linktitle":"Show me Prices"},"elements":[],"isInner":false,"widgetType":"wpsm_cartbox","elType":"widget"}],"isInner":false,"elType":"column"},{"id":"2774ee7","settings":{"_column_size":25,"_inline_size":null,"_inline_size_tablet":50,"space_between_widgets":0},"elements":[{"id":"5b09099","settings":{"title":"Toys","description":"Compare and buy best toys online","image":{"url":"http:\/\/rewise.wpsoul.net\/wp-content\/uploads\/2016\/10\/14.jpg","id":64},"design":"2","link":{"url":"\/product-category\/phones\/","is_external":true,"nofollow":true},"linktitle":"Show me prices"},"elements":[],"isInner":false,"widgetType":"wpsm_cartbox","elType":"widget"},{"id":"26e78898","settings":{"title":"Clean Machine","description":"Compare and buy best machine online","image":{"url":"http:\/\/rewise.wpsoul.net\/wp-content\/uploads\/2016\/10\/9.jpg","id":52},"design":"2","link":{"url":"\/product-category\/phones\/","is_external":true,"nofollow":true},"linktitle":"Show me Prices"},"elements":[],"isInner":false,"widgetType":"wpsm_cartbox","elType":"widget"},{"id":"27b5a260","settings":{"title":"Cold Machine","description":"Compare and buy best machine online","image":{"url":"http:\/\/rewise.wpsoul.net\/wp-content\/uploads\/2016\/10\/5.jpg","id":48},"design":"2","link":{"url":"\/product-category\/phones\/","is_external":true,"nofollow":true},"linktitle":"Show me Prices"},"elements":[],"isInner":false,"widgetType":"wpsm_cartbox","elType":"widget"}],"isInner":false,"elType":"column"}],"isInner":false,"elType":"section"},{"id":"267a2958","settings":{"background_background":"classic","background_image":{"id":1146,"url":"https:\/\/rewisedemo.wpsoul.net\/wp-content\/uploads\/2019\/10\/phonebg.jpg"},"background_position":"center center","background_repeat":"no-repeat","background_size":"cover","background_bg_width":{"unit":"vw","size":120,"sizes":[]},"background_overlay_background":"classic","background_overlay_color":"#000000","background_overlay_opacity":{"unit":"px","size":0.72,"sizes":[]}},"elements":[{"id":"121932d5","settings":{"_column_size":100,"padding":{"unit":"px","top":"35","right":"15","bottom":"62","left":"15","isLinked":false}},"elements":[{"id":"7b5515d2","settings":{"title":"How our site is working.","header_size":"h3","align":"center","title_color":"#ffffff","typography_typography":"custom","typography_font_size":{"unit":"px","size":38,"sizes":[]},"typography_line_height":{"unit":"px","size":40,"sizes":[]}},"elements":[],"isInner":false,"widgetType":"heading","elType":"widget"},{"id":"12af3037","settings":{"structure":"60"},"elements":[{"id":"682be75a","settings":{"_column_size":16,"_inline_size":8},"elements":[{"id":"15eb968a","settings":{"title":"1.","header_size":"h6","title_color":"#ffffff","typography_typography":"custom","typography_font_size":{"unit":"px","size":60,"sizes":[]},"typography_line_height":{"unit":"px","size":60,"sizes":[]}},"elements":[],"isInner":false,"widgetType":"heading","elType":"widget"}],"isInner":true,"elType":"column"},{"id":"614f4c53","settings":{"_column_size":16,"_inline_size":25},"elements":[{"id":"508b470e","settings":{"title":"Choose a Category","header_size":"h6","align":"left","title_color":"#ffffff","typography_typography":"custom","typography_font_size":{"unit":"px","size":21,"sizes":[]},"typography_line_height":{"unit":"px","size":"","sizes":[]}},"elements":[],"isInner":false,"widgetType":"heading","elType":"widget"},{"id":"2f7d3de4","settings":{"title":"Sed ut perspiciatis unde omnis iste","align":"left","title_color":"#efefef","typography_typography":"custom","typography_font_size":{"unit":"px","size":16,"sizes":[]},"typography_line_height":{"unit":"px","size":20,"sizes":[]},"typography_font_weight":"400"},"elements":[],"isInner":false,"widgetType":"heading","elType":"widget"},{"id":"1cbe9451","settings":{"title":"Sed ut perspiciatis unde omnis iste natus error sit voluptatem accusantium doloremque laudantium, totam rem aperiam.","header_size":"div","align":"left","title_color":"#efefef","typography_typography":"custom","typography_font_size":{"unit":"px","size":14,"sizes":[]},"typography_line_height":{"unit":"px","size":22,"sizes":[]}},"elements":[],"isInner":false,"widgetType":"heading","elType":"widget"}],"isInner":true,"elType":"column"},{"id":"1c97ae9f","settings":{"_column_size":16,"_inline_size":8},"elements":[{"id":"432025ee","settings":{"title":"2.","header_size":"h6","title_color":"#ffffff","typography_typography":"custom","typography_font_size":{"unit":"px","size":60,"sizes":[]},"typography_line_height":{"unit":"px","size":60,"sizes":[]}},"elements":[],"isInner":false,"widgetType":"heading","elType":"widget"}],"isInner":true,"elType":"column"},{"id":"404d61c2","settings":{"_column_size":16,"_inline_size":25},"elements":[{"id":"56c64692","settings":{"title":"Choose a Deal","header_size":"h6","align":"left","title_color":"#ffffff","typography_typography":"custom","typography_font_size":{"unit":"px","size":21,"sizes":[]},"typography_line_height":{"unit":"px","size":"","sizes":[]}},"elements":[],"isInner":false,"widgetType":"heading","elType":"widget"},{"id":"40edd3eb","settings":{"title":"Sed ut perspiciatis unde omnis iste","align":"left","title_color":"#efefef","typography_typography":"custom","typography_font_size":{"unit":"px","size":16,"sizes":[]},"typography_line_height":{"unit":"px","size":20,"sizes":[]},"typography_font_weight":"400"},"elements":[],"isInner":false,"widgetType":"heading","elType":"widget"},{"id":"2753c489","settings":{"title":"Sed ut perspiciatis unde omnis iste natus error sit voluptatem accusantium doloremque laudantium, totam rem aperiam.","header_size":"div","align":"left","title_color":"#efefef","typography_typography":"custom","typography_font_size":{"unit":"px","size":14,"sizes":[]},"typography_line_height":{"unit":"px","size":22,"sizes":[]}},"elements":[],"isInner":false,"widgetType":"heading","elType":"widget"}],"isInner":true,"elType":"column"},{"id":"1bf7e299","settings":{"_column_size":16,"_inline_size":8.99},"elements":[{"id":"31215c29","settings":{"title":"3.","header_size":"h6","title_color":"#ffffff","typography_typography":"custom","typography_font_size":{"unit":"px","size":60,"sizes":[]},"typography_line_height":{"unit":"px","size":60,"sizes":[]}},"elements":[],"isInner":false,"widgetType":"heading","elType":"widget"}],"isInner":true,"elType":"column"},{"id":"1bb97609","settings":{"_column_size":16,"_inline_size":25},"elements":[{"id":"21ba1cbc","settings":{"title":"Enjoy Results","header_size":"h6","align":"left","title_color":"#ffffff","typography_typography":"custom","typography_font_size":{"unit":"px","size":21,"sizes":[]},"typography_line_height":{"unit":"px","size":"","sizes":[]}},"elements":[],"isInner":false,"widgetType":"heading","elType":"widget"},{"id":"754c5c59","settings":{"title":"Sed ut perspiciatis unde omnis iste","align":"left","title_color":"#efefef","typography_typography":"custom","typography_font_size":{"unit":"px","size":16,"sizes":[]},"typography_line_height":{"unit":"px","size":20,"sizes":[]},"typography_font_weight":"400"},"elements":[],"isInner":false,"widgetType":"heading","elType":"widget"},{"id":"27d366ec","settings":{"title":"Sed ut perspiciatis unde omnis iste natus error sit voluptatem accusantium doloremque laudantium, totam rem aperiam.","header_size":"div","align":"left","title_color":"#efefef","typography_typography":"custom","typography_font_size":{"unit":"px","size":14,"sizes":[]},"typography_line_height":{"unit":"px","size":22,"sizes":[]}},"elements":[],"isInner":false,"widgetType":"heading","elType":"widget"}],"isInner":true,"elType":"column"}],"isInner":true,"elType":"section"}],"isInner":false,"elType":"column"}],"isInner":false,"elType":"section"},{"id":"2590470e","settings":{"structure":"20","background_background":"gradient","background_color":"#43c801","background_color_stop":{"unit":"%","size":11,"sizes":[]},"background_color_b":"#10a2ef","background_gradient_angle":{"unit":"deg","size":270,"sizes":[]},"margin":{"unit":"px","top":"0","right":0,"bottom":"40","left":0,"isLinked":false}},"elements":[{"id":"1d074cb1","settings":{"_column_size":50,"_inline_size":null,"background_background":"classic","background_color":"#10a2ef","padding":{"unit":"px","top":"10","right":"30","bottom":"30","left":"30","isLinked":false}},"elements":[{"id":"2c3605e","settings":{"structure":"20","margin":{"unit":"px","top":"30","right":0,"bottom":"0","left":0,"isLinked":false}},"elements":[{"id":"5b0dbdfe","settings":{"_column_size":50,"_inline_size":65.8},"elements":[{"id":"62debbcc","settings":{"title":"Keep track of what you like","header_size":"h3","title_color":"#ffffff","typography_typography":"custom","typography_font_size":{"unit":"px","size":24,"sizes":[]},"_animation":"fadeInUp"},"elements":[],"isInner":false,"widgetType":"heading","elType":"widget"},{"id":"14df6d31","settings":{"title":"Start a research list and compare the\nproducts you're considering.","header_size":"h6","title_color":"#ffffff","typography_typography":"custom","typography_font_weight":"400","typography_line_height":{"unit":"em","size":1.2,"sizes":[]},"_animation":"fadeInUp","_animation_delay":500},"elements":[],"isInner":false,"widgetType":"heading","elType":"widget"},{"id":"1f0d5cd8","settings":{"text":"Let's Start","typography_font_size":{"unit":"px","size":18,"sizes":[]},"background_color":"#43c801","button_background_hover_color":"#d62c2c","border_radius":{"unit":"px","top":"100","right":"100","bottom":"100","left":"100","isLinked":true},"_animation":"fadeInUp","_animation_delay":1000},"elements":[],"isInner":false,"widgetType":"button","elType":"widget"}],"isInner":true,"elType":"column"},{"id":"45f4e570","settings":{"_column_size":50,"_inline_size":34.2},"elements":[{"id":"1a8ffdca","settings":{"image":{"id":68,"url":"https:\/\/rewisedemo.wpsoul.net\/wp-content\/uploads\/2016\/10\/chess.png"},"image_size":"full","_animation":"fadeInRight","_offset_x":{"unit":"px","size":-138,"sizes":[]}},"elements":[],"isInner":false,"widgetType":"image","elType":"widget"}],"isInner":true,"elType":"column"}],"isInner":true,"elType":"section"}],"isInner":false,"elType":"column"},{"id":"2ff30993","settings":{"_column_size":50,"_inline_size":null,"background_background":"classic","background_color":"#43c801","padding":{"unit":"px","top":"10","right":"30","bottom":"30","left":"30","isLinked":false}},"elements":[{"id":"62702120","settings":{"structure":"20","margin":{"unit":"px","top":"30","right":0,"bottom":"0","left":0,"isLinked":false}},"elements":[{"id":"32f2e33c","settings":{"_column_size":50,"_inline_size":65.8},"elements":[{"id":"4a941ffd","settings":{"title":"Let's start search","header_size":"h3","title_color":"#ffffff","typography_typography":"custom","typography_font_size":{"unit":"px","size":24,"sizes":[]},"_animation":"fadeInUp"},"elements":[],"isInner":false,"widgetType":"heading","elType":"widget"},{"id":"7e187631","settings":{"title":"Review the products you already own\nand influence their scores.","header_size":"h6","title_color":"#ffffff","typography_typography":"custom","typography_font_weight":"400","typography_line_height":{"unit":"em","size":1.2,"sizes":[]},"_animation":"fadeInUp","_animation_delay":500},"elements":[],"isInner":false,"widgetType":"heading","elType":"widget"}],"isInner":true,"elType":"column"},{"id":"4ea3bd3f","settings":{"_column_size":50,"_inline_size":34.2},"elements":[{"id":"32c00757","settings":{"image":{"id":76,"url":"https:\/\/rewisedemo.wpsoul.net\/wp-content\/uploads\/2016\/10\/lamp.png"},"image_size":"full","_animation":"fadeInRight"},"elements":[],"isInner":false,"widgetType":"image","elType":"widget"}],"isInner":true,"elType":"column"}],"isInner":true,"elType":"section"},{"id":"4f7e9ba8","settings":{"_margin":{"unit":"px","top":"0","right":"0","bottom":"20","left":"10","isLinked":false}},"elements":[],"isInner":false,"widgetType":"wpsm_searchbox","elType":"widget"}],"isInner":false,"elType":"column"}],"isInner":false,"elType":"section"},{"id":"4706b1e8","settings":{"margin":{"unit":"px","top":"30","right":0,"bottom":"30","left":0,"isLinked":true}},"elements":[{"id":"136a0ed1","settings":{"_column_size":100},"elements":[{"id":"6c164a48","settings":{"title":"Latest Product Comparisons","header_size":"h6","align":"center","typography_typography":"custom","typography_font_size":{"unit":"px","size":26,"sizes":[]},"_margin":{"unit":"px","top":"0","right":"0","bottom":"30","left":"0","isLinked":false}},"elements":[],"isInner":false,"widgetType":"heading","elType":"widget"},{"id":"6b95025","settings":{"cat":[],"tag":[],"ids":[],"user_id":null,"show":"12","columns":"6_col","gridtype":"compact","filterpanelenable":"yes","filterheading":"Latest Comparison","filterpanel":[{"filtertitle":"Show all","filtertype":"all","filtermetakey":"","filterpricerange":"","filterorderby":"","filtertaxkey":"","filtertaxtermslug":"","filtertaxcondition":"","filterorder":"DESC","filterdate":"all","_id":"a84a58d"},{"filtertitle":"Popular in this month","filtertype":"meta","filtermetakey":"rehub_views_mon","filterpricerange":"","filterorderby":"","filtertaxkey":"","filtertaxtermslug":"","filtertaxcondition":"","filterorder":"DESC","filterdate":"all","_id":"379235c"},{"filtertitle":"Most wishlisted","filtertype":"meta","filtermetakey":"post_wish_count","filterpricerange":"","filterorderby":"","filtertaxkey":"","filtertaxtermslug":"","filtertaxcondition":"","filterorder":"DESC","filterdate":"all","_id":"6666d1e"},{"filtertitle":"Under 20000","filtertype":"pricerange","filtermetakey":"","filterpricerange":"0-20000","filterorderby":"","filtertaxkey":"","filtertaxtermslug":"","filtertaxcondition":"","filterorder":"DESC","filterdate":"all","_id":"b79b5b2"}],"taxdrop":"product_cat"},"elements":[],"isInner":false,"widgetType":"wpsm_woogrid","elType":"widget"},{"id":"667e1af9","settings":{"editor":"<p><a href=\"https:\/\/wpsoul.com\/make-smart-profitable-deal-affiliate-comparison-site-woocommerce\/#featured-attributes-area-in-product-grid\" target=\"_blank\" rel=\"nofollow noopener\">How to add Attributes to Product grid<\/a><\/p>"},"elements":[],"isInner":false,"widgetType":"text-editor","elType":"widget"}],"isInner":false,"elType":"column"}],"isInner":false,"elType":"section"},{"id":"68c0cea4","settings":{"background_background":"classic","background_color":"#0c0c0c","margin":{"unit":"px","top":"0","right":0,"bottom":"30","left":0,"isLinked":false}},"elements":[{"id":"2f61f16a","settings":{"_column_size":100},"elements":[{"id":"179f7722","settings":{"title":"We are tracking prices from more than 20 most popular shops to give you best deals","header_size":"div","align":"center","title_color":"#ffffff","typography_typography":"custom","typography_font_size":{"unit":"px","size":24,"sizes":[]},"_padding":{"unit":"px","top":"20","right":"20","bottom":"20","left":"20","isLinked":true},"_animation":"fade-in-fwd","animation_duration":"fast"},"elements":[],"isInner":false,"widgetType":"heading","elType":"widget"}],"isInner":false,"elType":"column"}],"isInner":false,"elType":"section"},{"id":"279bf7f","settings":[],"elements":[{"id":"2af46e06","settings":{"_column_size":100,"space_between_widgets":8},"elements":[{"id":"cebd37b","settings":{"title":"Find Your Deal Now","header_size":"h6","align":"center","typography_typography":"custom","typography_font_size":{"unit":"px","size":22,"sizes":[]},"_margin":{"unit":"px","top":"20","right":"0","bottom":"0","left":"0","isLinked":false}},"elements":[],"isInner":false,"widgetType":"heading","elType":"widget"},{"id":"57355856","settings":{"title":"Discover the hottest deals \ud83d\udd25\n","header_size":"div","align":"center","title_color":"#878787"},"elements":[],"isInner":false,"widgetType":"heading","elType":"widget"},{"id":"47a44ae","settings":{"color":"#dbdbdb","width":{"unit":"%","size":45,"sizes":[]},"align":"center"},"elements":[],"isInner":false,"widgetType":"divider","elType":"widget"},{"id":"1f9b03b3","settings":{"title":"By uniting selected online shops on one platform, searching helps<br>you save time and discover new shops and trends worldwide<br>that were yet unkown to you.","header_size":"div","align":"center","title_color":"#a8a8a8","typography_typography":"custom","typography_font_size":{"unit":"px","size":15,"sizes":[]},"typography_line_height":{"unit":"em","size":1.2,"sizes":[]},"_margin":{"unit":"px","top":"0","right":"0","bottom":"25","left":"0","isLinked":false}},"elements":[],"isInner":false,"widgetType":"heading","elType":"widget"},{"id":"694e8b2b","settings":{"cat":[],"cat_exclude":[],"tag":[],"tag_exclude":[],"ids":[],"tax_name":null,"tax_slug":null,"tax_slug_exclude":null,"show":"10","disable_btn":"1","columns":"5_col"},"elements":[],"isInner":false,"widgetType":"compactgrid_loop_mod","elType":"widget"}],"isInner":false,"elType":"column"}],"isInner":false,"elType":"section"},{"id":"18bdf626","settings":{"background_background":"classic","background_color":"#0c0c0c","margin":{"unit":"px","top":"30","right":0,"bottom":"30","left":0,"isLinked":true},"padding":{"unit":"px","top":"15","right":"15","bottom":"15","left":"15","isLinked":true}},"elements":[{"id":"5d877d7e","settings":{"_column_size":100,"space_between_widgets":10},"elements":[{"id":"7e2df85c","settings":{"title":"Check latest reviews and news","header_size":"div","align":"center","title_color":"#ffffff","typography_typography":"custom","typography_font_size":{"unit":"px","size":24,"sizes":[]},"typography_font_weight":"bold","_margin":{"unit":"px","top":"0","right":"0","bottom":"0","left":"0","isLinked":false},"_animation":"fade-in-fwd"},"elements":[],"isInner":false,"widgetType":"heading","elType":"widget"},{"id":"4a01cade","settings":{"title":"Discover rumors, news, comparisons \u2696","header_size":"div","align":"center","title_color":"#ffffff","typography_font_size":{"unit":"px","size":24,"sizes":[]},"typography_font_weight":"bold","_animation":"fade-in-fwd","_animation_delay":500},"elements":[],"isInner":false,"widgetType":"heading","elType":"widget"}],"isInner":false,"elType":"column"}],"isInner":false,"elType":"section"},{"id":"35c542d7","settings":{"margin":{"unit":"px","top":"50","right":0,"bottom":"50","left":0,"isLinked":true}},"elements":[{"id":"604adddc","settings":{"_column_size":100},"elements":[{"id":"ff6b04e","settings":{"data_source":"cpt","cat":[],"cat_exclude":[],"tag":[],"tag_exclude":[],"ids":[],"post_type":"blog","tax_name":null,"tax_slug":null,"tax_slug_exclude":null,"show":"4","exerpt_count":"0","columns":"4_col"},"elements":[],"isInner":false,"widgetType":"columngrid_loop","elType":"widget"}],"isInner":false,"elType":"column"}],"isInner":false,"elType":"section"},{"id":"5cc9734b","settings":{"structure":"20","background_background":"classic","background_image":{"url":"https:\/\/rewisedemo.wpsoul.net\/wp-content\/uploads\/2019\/10\/kirpichbg-1.jpg","id":1148},"margin":{"unit":"px","top":"0","right":0,"bottom":"0","left":0,"isLinked":true},"padding":{"unit":"px","top":"30","right":"0","bottom":"0","left":"0","isLinked":false}},"elements":[{"id":"d4ad7a2","settings":{"_column_size":50,"_inline_size":null},"elements":[{"id":"5a8ad04b","settings":{"title":"Join 100,000+ Subscribers","header_size":"h6","typography_typography":"custom","typography_font_size":{"unit":"px","size":24,"sizes":[]},"_animation":"stuckMoveUpOpacity","animation_duration":"fast"},"elements":[],"isInner":false,"widgetType":"heading","elType":"widget"},{"id":"5e63540d","settings":{"shortcode":"[rh_mailchimp action=\"\/\/fleek.us10.list-manage.com\/subscribe\/post?u=4b4bbda55bb6deb367e6f52d9&id=6b32851a5b\" inputname=\"b_4b4bb55bb6deb367e6f52d9_6b32851a5b\" flat=1 button=\"Subscribe\" placeholder=\"Email address\"]","_animation":"stuckMoveUpOpacity","_animation_delay":300},"elements":[],"isInner":false,"widgetType":"shortcode","elType":"widget"},{"id":"68b82613","settings":{"title":"Get Coupons Codes and Online Deals delivered straight to your Inbox","header_size":"div","_animation":"stuckMoveUpOpacity","animation_duration":"fast","_animation_delay":600},"elements":[],"isInner":false,"widgetType":"heading","elType":"widget"}],"isInner":false,"elType":"column"},{"id":"4b284733","settings":{"_column_size":50,"_inline_size":null},"elements":[{"id":"2d07114d","settings":{"image":{"url":"https:\/\/rewisedemo.wpsoul.net\/wp-content\/uploads\/2019\/10\/rev.png","id":1147},"image_size":"full","_animation":"fade-in-fwd","animation_duration":"fast"},"elements":[],"isInner":false,"widgetType":"image","elType":"widget"}],"isInner":false,"elType":"column"}],"isInner":false,"elType":"section"}]}