{"version":"0.4","title":"Game icon set","type":"section","content":[{"id":"1166427c","settings":{"structure":"30","background_background":"classic","border_border":"solid","border_width":{"unit":"px","top":"1","right":"0","bottom":"0","left":"0","isLinked":false},"border_color":"#E0E0E033"},"elements":[{"id":"25115f44","settings":{"_column_size":33,"_inline_size":null,"content_position":"center"},"elements":[{"id":"1d470e17","settings":{"content_position":"middle","structure":"20"},"elements":[{"id":"45c1624a","settings":{"_column_size":50,"_inline_size":9.733,"content_position":"center","padding":{"unit":"px","top":"0","right":"0","bottom":"0","left":"0","isLinked":true}},"elements":[{"id":"1f67d4ee","settings":{"html":"\n<svg xmlns=\"http:\/\/www.w3.org\/2000\/svg\" width=\"32\" height=\"32\" viewBox=\"0 0 32 32\"><g transform=\"translate(-902 -338)\"><circle cx=\"16\" cy=\"16\" r=\"16\" fill=\"#107c10\" transform=\"translate(902 338)\"\/><path fill=\"#fff\" d=\"M917 364a9.96 9.96 0 01-4.44-1.58c-1.12-.74-1.37-1.04-1.37-1.64 0-1.2 1.32-3.33 3.6-5.74a18.35 18.35 0 013.28-2.93 32 32 0 014.52 4.42c1.79 2.2 2.6 4 2.2 4.8-.33.6-2.3 1.8-3.74 2.25a10.91 10.91 0 01-4.05.42zm-7.33-4.47a10.43 10.43 0 01-1.63-4.9 7.79 7.79 0 01.17-2.43 10 10 0 012.43-4.95c.5-.52.55-.54 1.16-.33a8.46 8.46 0 012.77 1.91l.71.65-.39.48a31.07 31.07 0 00-4.46 7.38 4.78 4.78 0 00-.38 2.58c.1.3 0 .2-.38-.4zm16.38.24a4.88 4.88 0 00-.3-2.11 30.52 30.52 0 00-4.39-7.46l-.57-.72.62-.57a12.91 12.91 0 011.98-1.56 3.8 3.8 0 011.45-.56c.18 0 .82.66 1.33 1.38a10.47 10.47 0 011.68 3.89 12.98 12.98 0 01.03 3.77 11.98 11.98 0 01-.75 2.37 12.75 12.75 0 01-1.03 1.76c-.12.15-.12.15-.05-.2zm-8.88-13.33a12.48 12.48 0 00-2.85-1 5.32 5.32 0 00-.95-.06c-.59.03-.56 0 .39-.44a9.7 9.7 0 012.33-.78 11.93 11.93 0 013.86 0 10.81 10.81 0 013.03 1.13l.2.13-.48-.03a8.72 8.72 0 00-3.84 1.06 7.5 7.5 0 01-.87.4l-.82-.4z\"\/><\/g><\/svg>","rh_gsap_multi":[]},"elements":[],"isInner":false,"widgetType":"html","elType":"widget"}],"isInner":true,"elType":"column"},{"id":"2bc9512e","settings":{"_column_size":50,"_inline_size":90.265,"space_between_widgets":0},"elements":[{"id":"6228c448","settings":{"title":"XBOX","header_size":"div","title_color":"#FFFFFF","typography_typography":"custom","typography_text_transform":"uppercase","typography_line_height":{"unit":"em","size":1,"sizes":[]},"_margin":{"unit":"px","top":"0","right":"0","bottom":"7","left":"0","isLinked":false},"rh_gsap_multi":[]},"elements":[],"isInner":false,"widgetType":"heading","elType":"widget"},{"id":"495bd3af","settings":{"title":"Can be activated in your country","header_size":"div","title_color":"#CCCCCC","typography_typography":"custom","typography_font_size":{"unit":"px","size":14,"sizes":[]},"typography_line_height":{"unit":"em","size":1.4,"sizes":[]},"rh_gsap_multi":[]},"elements":[],"isInner":false,"widgetType":"heading","elType":"widget"},{"id":"6537c89","settings":{"title":"Activation tutorial","link":{"url":"#","is_external":"","nofollow":"","custom_attributes":""},"header_size":"div","title_color":"#FFB400","typography_typography":"custom","typography_font_size":{"unit":"px","size":14,"sizes":[]},"typography_line_height":{"unit":"em","size":1,"sizes":[]},"rh_gsap_multi":[]},"elements":[],"isInner":false,"widgetType":"heading","elType":"widget"}],"isInner":true,"elType":"column"}],"isInner":true,"elType":"section"}],"isInner":false,"elType":"column"},{"id":"3d877bb8","settings":{"_column_size":33,"_inline_size":null},"elements":[{"id":"629469a2","settings":{"content_position":"middle","structure":"20"},"elements":[{"id":"2ed068ef","settings":{"_column_size":50,"_inline_size":9.733,"content_position":"center","padding":{"unit":"px","top":"0","right":"0","bottom":"0","left":"0","isLinked":true}},"elements":[{"id":"5b8c1552","settings":{"selected_icon":{"value":"rhicon rhi-gamepad","library":"rhicons"},"primary_color":"#FFFFFF","size":{"unit":"px","size":30,"sizes":[]},"rh_gsap_multi":[]},"elements":[],"isInner":false,"widgetType":"icon","elType":"widget"}],"isInner":true,"elType":"column"},{"id":"5fbe40c9","settings":{"_column_size":50,"_inline_size":90.265,"space_between_widgets":0},"elements":[{"id":"8c545dc","settings":{"title":"DIGITAL ACCESS","header_size":"div","title_color":"#FFFFFF","typography_typography":"custom","typography_text_transform":"uppercase","typography_line_height":{"unit":"em","size":1,"sizes":[]},"_margin":{"unit":"px","top":"0","right":"0","bottom":"7","left":"0","isLinked":false},"rh_gsap_multi":[]},"elements":[],"isInner":false,"widgetType":"heading","elType":"widget"},{"id":"41d89300","settings":{"title":"This is a digital edition of the product (CD-KEY)","header_size":"div","title_color":"#CCCCCC","typography_typography":"custom","typography_font_size":{"unit":"px","size":14,"sizes":[]},"typography_line_height":{"unit":"em","size":1.4,"sizes":[]},"rh_gsap_multi":[]},"elements":[],"isInner":false,"widgetType":"heading","elType":"widget"},{"id":"1334b2f6","settings":{"title":"More about digital keys","link":{"url":"#","is_external":"","nofollow":"","custom_attributes":""},"header_size":"div","title_color":"#FFB400","typography_typography":"custom","typography_font_size":{"unit":"px","size":14,"sizes":[]},"typography_line_height":{"unit":"em","size":1,"sizes":[]},"rh_gsap_multi":[]},"elements":[],"isInner":false,"widgetType":"heading","elType":"widget"}],"isInner":true,"elType":"column"}],"isInner":true,"elType":"section"}],"isInner":false,"elType":"column"},{"id":"2a5d3a69","settings":{"_column_size":33,"_inline_size":null},"elements":[{"id":"13d2dedf","settings":{"content_position":"middle","structure":"20"},"elements":[{"id":"7a7636b3","settings":{"_column_size":50,"_inline_size":9.733,"content_position":"center","padding":{"unit":"px","top":"0","right":"0","bottom":"0","left":"0","isLinked":true}},"elements":[{"id":"31e12b6c","settings":{"rh_gsap_multi":[],"selected_icon":{"value":"rhicon rhi-check-circle","library":"rhicons"},"primary_color":"#00CF9F","size":{"unit":"px","size":36,"sizes":[]}},"elements":[],"isInner":false,"widgetType":"icon","elType":"widget"}],"isInner":true,"elType":"column"},{"id":"548c9789","settings":{"_column_size":50,"_inline_size":90.265,"space_between_widgets":0},"elements":[{"id":"3689a6fd","settings":{"title":"GLOBAL KEY","header_size":"div","title_color":"#FFFFFF","typography_typography":"custom","typography_text_transform":"uppercase","typography_line_height":{"unit":"em","size":1,"sizes":[]},"_margin":{"unit":"px","top":"0","right":"0","bottom":"7","left":"0","isLinked":false},"rh_gsap_multi":[]},"elements":[],"isInner":false,"widgetType":"heading","elType":"widget"},{"id":"577213be","settings":{"title":"Can be activated globally","header_size":"div","title_color":"#CCCCCC","typography_typography":"custom","typography_font_size":{"unit":"px","size":14,"sizes":[]},"typography_line_height":{"unit":"em","size":1.4,"sizes":[]},"rh_gsap_multi":[]},"elements":[],"isInner":false,"widgetType":"heading","elType":"widget"},{"id":"18fff74d","settings":{"title":"Activation tutorial","link":{"url":"#","is_external":"","nofollow":"","custom_attributes":""},"header_size":"div","title_color":"#FFB400","typography_typography":"custom","typography_font_size":{"unit":"px","size":14,"sizes":[]},"typography_line_height":{"unit":"em","size":1,"sizes":[]},"rh_gsap_multi":[]},"elements":[],"isInner":false,"widgetType":"heading","elType":"widget"}],"isInner":true,"elType":"column"}],"isInner":true,"elType":"section"}],"isInner":false,"elType":"column"}],"isInner":false,"elType":"section"}]}