{"version":"0.4","title":"features_block_circle","type":"section","content":[{"id":"57d288a","settings":{"stretch_section":"section-stretched","structure":"20","padding":{"unit":"px","top":"100","right":"0","bottom":"100","left":"0","isLinked":false},"background_background":"classic","background_position":"center right","background_repeat":"no-repeat"},"elements":[{"id":"6892f5ac","settings":{"_column_size":50,"_inline_size":null},"elements":[{"id":"3cdad17e","settings":{"title":"Discover more new features","align":"left","typography_typography":"custom","typography_font_family":"Myriad Pro","typography_font_size":{"unit":"px","size":40,"sizes":[]},"typography_font_weight":"normal","header_size":"h3"},"elements":[],"isInner":false,"widgetType":"heading","elType":"widget"},{"id":"2cbc3ee1","settings":{"space":{"unit":"px","size":10,"sizes":[]}},"elements":[],"isInner":false,"widgetType":"spacer","elType":"widget"},{"id":"50783278","settings":{"structure":"30"},"elements":[{"id":"5944289a","settings":{"_column_size":33,"_inline_size":null,"_inline_size_mobile":33},"elements":[{"id":"3b626bf","settings":{"align":"left","primary_color":"#ff8257","icon":"rhicon rhi-window-restore","rotate":{"unit":"deg","size":"","sizes":[]}},"elements":[],"isInner":false,"widgetType":"icon","elType":"widget"},{"id":"414ee7e2","settings":{"title":"Business <br \/>\nStrategy","typography_typography":"custom","typography_font_size":{"unit":"px","size":15,"sizes":[]},"header_size":"p","typography_font_weight":"normal","typography_line_height":{"unit":"em","size":1.3,"sizes":[]}},"elements":[],"isInner":false,"widgetType":"heading","elType":"widget"}],"isInner":true,"elType":"column"},{"id":"47896924","settings":{"_column_size":33,"_inline_size":null,"_inline_size_mobile":33},"elements":[{"id":"2d147196","settings":{"align":"left","primary_color":"#5dd7d3","rotate":{"unit":"deg","size":"","sizes":[]},"icon":"rhicon rhi-star-empty"},"elements":[],"isInner":false,"widgetType":"icon","elType":"widget"},{"id":"2c5d0342","settings":{"title":"Online <br \/>\nMarketing","typography_typography":"custom","typography_font_size":{"unit":"px","size":15,"sizes":[]},"typography_line_height":{"unit":"em","size":1.3,"sizes":[]},"header_size":"p","typography_font_weight":"normal"},"elements":[],"isInner":false,"widgetType":"heading","elType":"widget"}],"isInner":true,"elType":"column"},{"id":"257e708a","settings":{"_column_size":33,"_inline_size":null,"_inline_size_mobile":33},"elements":[{"id":"2257aa9a","settings":{"align":"left","primary_color":"#9363d3","rotate":{"unit":"deg","size":"","sizes":[]},"icon":"rhicon rhi-user-circle"},"elements":[],"isInner":false,"widgetType":"icon","elType":"widget"},{"id":"1e7759f6","settings":{"title":"Consumer <br \/>\nProducts","typography_typography":"custom","typography_font_size":{"unit":"px","size":15,"sizes":[]},"typography_line_height":{"unit":"em","size":1.3,"sizes":[]},"typography_font_weight":"normal","header_size":"p"},"elements":[],"isInner":false,"widgetType":"heading","elType":"widget"}],"isInner":true,"elType":"column"}],"isInner":true,"elType":"section"},{"id":"6f4806f8","settings":[],"elements":[{"id":"35913057","settings":{"_column_size":100,"_inline_size":null},"elements":[{"id":"3d3fd79f","settings":{"space":{"unit":"px","size":10,"sizes":[]}},"elements":[],"isInner":false,"widgetType":"spacer","elType":"widget"},{"id":"10871877","settings":{"editor":"<p>Lorem Ipsum is simply dummy text of the printing and typesetting industry. Lorem Ipsum has been the industry's standard dummy text ever since the 1500s, when an unknown printer took a galley of type and scrambled it to make a type specimen book. It has survived not only five centuries.<\/p>","text_color":"#7a7a7a","typography_typography":"custom","typography_font_size":{"unit":"px","size":15,"sizes":[]},"typography_line_height":{"unit":"px","size":24,"sizes":[]},"_margin":{"unit":"px","top":"0","right":"0","bottom":"5","left":"0","isLinked":false}},"elements":[],"isInner":false,"widgetType":"text-editor","elType":"widget"}],"isInner":true,"elType":"column"}],"isInner":true,"elType":"section"},{"id":"784b6294","settings":[],"elements":[{"id":"cada94e","settings":{"_column_size":100,"_inline_size":null},"elements":[{"id":"26932eb3","settings":{"text":"Learn More","size":"lg","typography_font_size":{"unit":"px","size":16,"sizes":[]},"background_color":"#ff8257","border_radius":{"unit":"px","top":"32","right":"32","bottom":"32","left":"32","isLinked":true},"button_box_shadow_box_shadow_type":"yes","button_box_shadow_box_shadow":{"horizontal":0,"vertical":10,"blur":30,"spread":0,"color":"rgba(255,130,87,0.3)"},"typography_typography":"custom"},"elements":[],"isInner":false,"widgetType":"button","elType":"widget"}],"isInner":true,"elType":"column"}],"isInner":true,"elType":"section"}],"isInner":false,"elType":"column"},{"id":"3d202292","settings":{"_column_size":50,"_inline_size":null,"border_radius":{"unit":"px","top":"6","right":"0","bottom":"0","left":"0","isLinked":false},"padding":{"unit":"px","top":"0","right":"0","bottom":"0","left":"30","isLinked":false}},"elements":[{"id":"6fabfc6c","settings":{"image":{"url":"http:\/\/elementor.wpsoul.com\/wp-content\/uploads\/2019\/06\/site.png","id":149},"image_size":"full","_animation":"fadeInRight"},"elements":[],"isInner":false,"widgetType":"image","elType":"widget"},{"id":"1cea3818","settings":{"_animation":"fadeInUp","_animation_delay":200,"_background_background":"gradient","_background_color":"#dbb22e","_background_color_b":"#ed4c28","_background_gradient_angle":{"unit":"deg","size":150,"sizes":[]},"_border_radius":{"unit":"%","top":"50","right":"50","bottom":"50","left":"50","isLinked":true},"_box_shadow_box_shadow_type":"yes","_box_shadow_box_shadow":{"horizontal":-1,"vertical":10,"blur":17,"spread":4,"color":"rgba(0,0,0,0.1)"},"_element_width":"auto","_position":"absolute","_offset_x":{"unit":"px","size":56,"sizes":[]},"_offset_y":{"unit":"px","size":320,"sizes":[]},"rh_parallax_circle":75},"elements":[],"isInner":false,"widgetType":"spacer","elType":"widget"},{"id":"3d432a9e","settings":{"_animation":"fadeInUp","_background_background":"gradient","_background_color":"#9b2edb","_background_color_b":"#c92289","_background_gradient_angle":{"unit":"deg","size":150,"sizes":[]},"_border_radius":{"unit":"%","top":"50","right":"50","bottom":"50","left":"50","isLinked":true},"_box_shadow_box_shadow_type":"yes","_box_shadow_box_shadow":{"horizontal":-1,"vertical":10,"blur":17,"spread":4,"color":"rgba(0,0,0,0.1)"},"_element_width":"auto","_position":"absolute","_offset_orientation_h":"end","_offset_x":{"unit":"px","size":56,"sizes":[]},"_offset_x_end":{"unit":"px","size":20,"sizes":[]},"_offset_y":{"unit":"px","size":400,"sizes":[]},"_offset_y_end":{"unit":"px","size":400,"sizes":[]},"rh_parallax_circle":55},"elements":[],"isInner":false,"widgetType":"spacer","elType":"widget"},{"id":"5a0a5538","settings":{"_animation":"fadeInUp","_animation_delay":300,"_background_background":"gradient","_background_color":"#bbff35","_background_color_b":"#5fcc92","_background_gradient_angle":{"unit":"deg","size":150,"sizes":[]},"_border_radius":{"unit":"%","top":"50","right":"50","bottom":"50","left":"50","isLinked":true},"_box_shadow_box_shadow_type":"yes","_box_shadow_box_shadow":{"horizontal":-1,"vertical":10,"blur":17,"spread":4,"color":"rgba(0,0,0,0.1)"},"_element_width":"auto","_position":"absolute","_offset_orientation_h":"end","_offset_x":{"unit":"px","size":56,"sizes":[]},"_offset_x_end":{"unit":"px","size":25,"sizes":[]},"_offset_y":{"unit":"px","size":6,"sizes":[]},"_offset_y_end":{"unit":"px","size":400,"sizes":[]},"rh_parallax_circle":55},"elements":[],"isInner":false,"widgetType":"spacer","elType":"widget"}],"isInner":false,"elType":"column"}],"isInner":false,"elType":"section"}]}