{"version":"0.4","title":"Helpful how to block","type":"section","content":[{"id":"3a681ea5","settings":{"background_background":"classic","background_image":{"id":76,"url":"http:\/\/elementor.wpsoul.com\/wp-content\/uploads\/2019\/06\/phonebg.jpg"},"background_position":"center center","background_repeat":"no-repeat","background_size":"cover","background_bg_width":{"unit":"vw","size":120,"sizes":[]},"background_overlay_background":"classic","background_overlay_color":"#000000","background_overlay_opacity":{"unit":"px","size":0.72,"sizes":[]}},"elements":[{"id":"1dfca9a2","settings":{"_column_size":100,"padding":{"unit":"px","top":"35","right":"15","bottom":"62","left":"15","isLinked":false}},"elements":[{"id":"2d9f5b7b","settings":{"title":"How our site is working.","header_size":"h3","align":"center","title_color":"#ffffff","typography_typography":"custom","typography_font_size":{"unit":"px","size":38,"sizes":[]},"typography_line_height":{"unit":"px","size":40,"sizes":[]}},"elements":[],"isInner":false,"widgetType":"heading","elType":"widget"},{"id":"9b25dd1","settings":{"structure":"60"},"elements":[{"id":"44e85617","settings":{"_column_size":16,"_inline_size":8},"elements":[{"id":"140d7551","settings":{"title":"1.","header_size":"h6","title_color":"#ffffff","typography_typography":"custom","typography_font_size":{"unit":"px","size":60,"sizes":[]},"typography_line_height":{"unit":"px","size":60,"sizes":[]}},"elements":[],"isInner":false,"widgetType":"heading","elType":"widget"}],"isInner":true,"elType":"column"},{"id":"7ef0e5ef","settings":{"_column_size":16,"_inline_size":25},"elements":[{"id":"593a49e4","settings":{"title":"Choose a Category","header_size":"h6","align":"left","title_color":"#ffffff","typography_typography":"custom","typography_font_size":{"unit":"px","size":21,"sizes":[]},"typography_line_height":{"unit":"px","size":"","sizes":[]}},"elements":[],"isInner":false,"widgetType":"heading","elType":"widget"},{"id":"486f9525","settings":{"title":"Sed ut perspiciatis unde omnis iste","align":"left","title_color":"#efefef","typography_typography":"custom","typography_font_size":{"unit":"px","size":16,"sizes":[]},"typography_line_height":{"unit":"px","size":20,"sizes":[]},"typography_font_weight":"400"},"elements":[],"isInner":false,"widgetType":"heading","elType":"widget"},{"id":"439c3931","settings":{"title":"Sed ut perspiciatis unde omnis iste natus error sit voluptatem accusantium doloremque laudantium, totam rem aperiam.","header_size":"div","align":"left","title_color":"#efefef","typography_typography":"custom","typography_font_size":{"unit":"px","size":14,"sizes":[]},"typography_line_height":{"unit":"px","size":22,"sizes":[]}},"elements":[],"isInner":false,"widgetType":"heading","elType":"widget"}],"isInner":true,"elType":"column"},{"id":"7c558434","settings":{"_column_size":16,"_inline_size":8},"elements":[{"id":"4f77df1a","settings":{"title":"2.","header_size":"h6","title_color":"#ffffff","typography_typography":"custom","typography_font_size":{"unit":"px","size":60,"sizes":[]},"typography_line_height":{"unit":"px","size":60,"sizes":[]}},"elements":[],"isInner":false,"widgetType":"heading","elType":"widget"}],"isInner":true,"elType":"column"},{"id":"68a84d4a","settings":{"_column_size":16,"_inline_size":25},"elements":[{"id":"4df49622","settings":{"title":"Choose a Deal","header_size":"h6","align":"left","title_color":"#ffffff","typography_typography":"custom","typography_font_size":{"unit":"px","size":21,"sizes":[]},"typography_line_height":{"unit":"px","size":"","sizes":[]}},"elements":[],"isInner":false,"widgetType":"heading","elType":"widget"},{"id":"52ae89d0","settings":{"title":"Sed ut perspiciatis unde omnis iste","align":"left","title_color":"#efefef","typography_typography":"custom","typography_font_size":{"unit":"px","size":16,"sizes":[]},"typography_line_height":{"unit":"px","size":20,"sizes":[]},"typography_font_weight":"400"},"elements":[],"isInner":false,"widgetType":"heading","elType":"widget"},{"id":"29fcd12e","settings":{"title":"Sed ut perspiciatis unde omnis iste natus error sit voluptatem accusantium doloremque laudantium, totam rem aperiam.","header_size":"div","align":"left","title_color":"#efefef","typography_typography":"custom","typography_font_size":{"unit":"px","size":14,"sizes":[]},"typography_line_height":{"unit":"px","size":22,"sizes":[]}},"elements":[],"isInner":false,"widgetType":"heading","elType":"widget"}],"isInner":true,"elType":"column"},{"id":"6a7298e2","settings":{"_column_size":16,"_inline_size":8.99},"elements":[{"id":"480a2bf1","settings":{"title":"3.","header_size":"h6","title_color":"#ffffff","typography_typography":"custom","typography_font_size":{"unit":"px","size":60,"sizes":[]},"typography_line_height":{"unit":"px","size":60,"sizes":[]}},"elements":[],"isInner":false,"widgetType":"heading","elType":"widget"}],"isInner":true,"elType":"column"},{"id":"7b54933c","settings":{"_column_size":16,"_inline_size":25},"elements":[{"id":"3daf8580","settings":{"title":"Enjoy Results","header_size":"h6","align":"left","title_color":"#ffffff","typography_typography":"custom","typography_font_size":{"unit":"px","size":21,"sizes":[]},"typography_line_height":{"unit":"px","size":"","sizes":[]}},"elements":[],"isInner":false,"widgetType":"heading","elType":"widget"},{"id":"75b1bb99","settings":{"title":"Sed ut perspiciatis unde omnis iste","align":"left","title_color":"#efefef","typography_typography":"custom","typography_font_size":{"unit":"px","size":16,"sizes":[]},"typography_line_height":{"unit":"px","size":20,"sizes":[]},"typography_font_weight":"400"},"elements":[],"isInner":false,"widgetType":"heading","elType":"widget"},{"id":"6ca5466e","settings":{"title":"Sed ut perspiciatis unde omnis iste natus error sit voluptatem accusantium doloremque laudantium, totam rem aperiam.","header_size":"div","align":"left","title_color":"#efefef","typography_typography":"custom","typography_font_size":{"unit":"px","size":14,"sizes":[]},"typography_line_height":{"unit":"px","size":22,"sizes":[]}},"elements":[],"isInner":false,"widgetType":"heading","elType":"widget"}],"isInner":true,"elType":"column"}],"isInner":true,"elType":"section"}],"isInner":false,"elType":"column"}],"isInner":false,"elType":"section"}]}