{"version":"0.4","title":"size popup","type":"section","content":[{"id":"6b062aa","settings":[],"elements":[{"id":"4b901ad0","settings":{"_column_size":100},"elements":[{"id":"61b35d0c","settings":{"editor":"<div class=\"wpsm-table wpsm-table-dark\">\n<table>\n<tbody>\n<tr>\n<th>Size<\/th>\n<th>UK<\/th>\n<th>US<\/th>\n<th>EU<\/th>\n<th>Japan<\/th>\n<\/tr>\n<tr>\n<td>XS<\/td>\n<td>6 - 8<\/td>\n<td>4<\/td>\n<td>34<\/td>\n<td>7<\/td>\n<\/tr>\n<tr>\n<td>S<\/td>\n<td>8 -10<\/td>\n<td>6<\/td>\n<td>36<\/td>\n<td>9<\/td>\n<\/tr>\n<tr>\n<td>M<\/td>\n<td>10 - 12<\/td>\n<td>8<\/td>\n<td>38<\/td>\n<td>11<\/td>\n<\/tr>\n<tr>\n<td>L<\/td>\n<td>12 - 14<\/td>\n<td>10<\/td>\n<td>40<\/td>\n<td>13<\/td>\n<\/tr>\n<tr>\n<td>XL<\/td>\n<td>14 - 16<\/td>\n<td>12<\/td>\n<td>42<\/td>\n<td>15<\/td>\n<\/tr>\n<tr>\n<td>XXL<\/td>\n<td>16 - 28<\/td>\n<td>14<\/td>\n<td>44<\/td>\n<td>17<\/td>\n<\/tr>\n<\/tbody>\n<\/table>\n<\/div>"},"elements":[],"isInner":false,"widgetType":"text-editor","elType":"widget"},{"id":"5d21ed56","settings":{"structure":"20"},"elements":[{"id":"26f4cc6e","settings":{"_column_size":50,"_inline_size":null},"elements":[{"id":"48c0dcd1","settings":{"image_size":"full"},"elements":[],"isInner":false,"widgetType":"image","elType":"widget"}],"isInner":true,"elType":"column"},{"id":"70e4efa7","settings":{"_column_size":50,"_inline_size":null},"elements":[{"id":"1fcd3d95","settings":{"title":"HOW TO MEASURE","header_size":"h4"},"elements":[],"isInner":false,"widgetType":"heading","elType":"widget"},{"id":"2bf1b780","settings":{"editor":"<p><strong>Bust:<\/strong><br \/>With your arms relaxed at your sides, measure around the fullest part of your chest.<\/p><p><strong>Hip:<\/strong><br \/>Stand with your feet together, and measure around the fullest part of your hips.<\/p><p><strong>Waist:<\/strong><br \/>Make sure the measuring tape fits comfortably as you measure around the narrowest part of your natural waist.<\/p>"},"elements":[],"isInner":false,"widgetType":"text-editor","elType":"widget"}],"isInner":true,"elType":"column"}],"isInner":true,"elType":"section"}],"isInner":false,"elType":"column"}],"isInner":false,"elType":"section"}]}